<?xml version="1.0" encoding="UTF-8"?>
<kml xmlns="http://www.opengis.net/kml/2.2">
  <Document>
    <name>FTTH ALCANS - Mapa de Agendamento</name>
    <description/>
    <Style id="poly-0097A7-1200-77-normal">
      <LineStyle>
        <color>ffa79700</color>
        <width>1.2</width>
      </LineStyle>
      <PolyStyle>
        <color>4da79700</color>
        <fill>1</fill>
        <outline>1</outline>
      </PolyStyle>
    </Style>
    <Style id="poly-0097A7-1200-77-highlight">
      <LineStyle>
        <color>ffa79700</color>
        <width>1.8</width>
      </LineStyle>
      <PolyStyle>
        <color>4da79700</color>
        <fill>1</fill>
        <outline>1</outline>
      </PolyStyle>
    </Style>
    <StyleMap id="poly-0097A7-1200-77">
      <Pair>
        <key>normal</key>
        <styleUrl>#poly-0097A7-1200-77-normal</styleUrl>
      </Pair>
      <Pair>
        <key>highlight</key>
        <styleUrl>#poly-0097A7-1200-77-highlight</styleUrl>
      </Pair>
    </StyleMap>
    <Style id="poly-0288D1-1200-110-normal">
      <LineStyle>
        <color>ffd18802</color>
        <width>1.2</width>
      </LineStyle>
      <PolyStyle>
        <color>6ed18802</color>
        <fill>1</fill>
        <outline>1</outline>
      </PolyStyle>
    </Style>
    <Style id="poly-0288D1-1200-110-highlight">
      <LineStyle>
        <color>ffd18802</color>
        <width>1.8</width>
      </LineStyle>
      <PolyStyle>
        <color>6ed18802</color>
        <fill>1</fill>
        <outline>1</outline>
      </PolyStyle>
    </Style>
    <StyleMap id="poly-0288D1-1200-110">
      <Pair>
        <key>normal</key>
        <styleUrl>#poly-0288D1-1200-110-normal</styleUrl>
      </Pair>
      <Pair>
        <key>highlight</key>
        <styleUrl>#poly-0288D1-1200-110-highlight</styleUrl>
      </Pair>
    </StyleMap>
    <Style id="poly-0288D1-1200-130-normal">
      <LineStyle>
        <color>ffd18802</color>
        <width>1.2</width>
      </LineStyle>
      <PolyStyle>
        <color>82d18802</color>
        <fill>1</fill>
        <outline>1</outline>
      </PolyStyle>
    </Style>
    <Style id="poly-0288D1-1200-130-highlight">
      <LineStyle>
        <color>ffd18802</color>
        <width>1.8</width>
      </LineStyle>
      <PolyStyle>
        <color>82d18802</color>
        <fill>1</fill>
        <outline>1</outline>
      </PolyStyle>
    </Style>
    <StyleMap id="poly-0288D1-1200-130">
      <Pair>
        <key>normal</key>
        <styleUrl>#poly-0288D1-1200-130-normal</styleUrl>
      </Pair>
      <Pair>
        <key>highlight</key>
        <styleUrl>#poly-0288D1-1200-130-highlight</styleUrl>
      </Pair>
    </StyleMap>
    <Style id="poly-0288D1-1200-77-normal">
      <LineStyle>
        <color>ffd18802</color>
        <width>1.2</width>
      </LineStyle>
      <PolyStyle>
        <color>4dd18802</color>
        <fill>1</fill>
        <outline>1</outline>
      </PolyStyle>
    </Style>
    <Style id="poly-0288D1-1200-77-highlight">
      <LineStyle>
        <color>ffd18802</color>
        <width>1.8</width>
      </LineStyle>
      <PolyStyle>
        <color>4dd18802</color>
        <fill>1</fill>
        <outline>1</outline>
      </PolyStyle>
    </Style>
    <StyleMap id="poly-0288D1-1200-77">
      <Pair>
        <key>normal</key>
        <styleUrl>#poly-0288D1-1200-77-normal</styleUrl>
      </Pair>
      <Pair>
        <key>highlight</key>
        <styleUrl>#poly-0288D1-1200-77-highlight</styleUrl>
      </Pair>
    </StyleMap>
    <Style id="poly-0288D1-1200-77-nodesc-normal">
      <LineStyle>
        <color>ffd18802</color>
        <width>1.2</width>
      </LineStyle>
      <PolyStyle>
        <color>4dd18802</color>
        <fill>1</fill>
        <outline>1</outline>
      </PolyStyle>
      <BalloonStyle>
        <text><![CDATA[<h3>$[name]</h3>]]></text>
      </BalloonStyle>
    </Style>
    <Style id="poly-0288D1-1200-77-nodesc-highlight">
      <LineStyle>
        <color>ffd18802</color>
        <width>1.8</width>
      </LineStyle>
      <PolyStyle>
        <color>4dd18802</color>
        <fill>1</fill>
        <outline>1</outline>
      </PolyStyle>
      <BalloonStyle>
        <text><![CDATA[<h3>$[name]</h3>]]></text>
      </BalloonStyle>
    </Style>
    <StyleMap id="poly-0288D1-1200-77-nodesc">
      <Pair>
        <key>normal</key>
        <styleUrl>#poly-0288D1-1200-77-nodesc-normal</styleUrl>
      </Pair>
      <Pair>
        <key>highlight</key>
        <styleUrl>#poly-0288D1-1200-77-nodesc-highlight</styleUrl>
      </Pair>
    </StyleMap>
    <Style id="poly-0288D1-1200-79-normal">
      <LineStyle>
        <color>ffd18802</color>
        <width>1.2</width>
      </LineStyle>
      <PolyStyle>
        <color>4fd18802</color>
        <fill>1</fill>
        <outline>1</outline>
      </PolyStyle>
    </Style>
    <Style id="poly-0288D1-1200-79-highlight">
      <LineStyle>
        <color>ffd18802</color>
        <width>1.8</width>
      </LineStyle>
      <PolyStyle>
        <color>4fd18802</color>
        <fill>1</fill>
        <outline>1</outline>
      </PolyStyle>
    </Style>
    <StyleMap id="poly-0288D1-1200-79">
      <Pair>
        <key>normal</key>
        <styleUrl>#poly-0288D1-1200-79-normal</styleUrl>
      </Pair>
      <Pair>
        <key>highlight</key>
        <styleUrl>#poly-0288D1-1200-79-highlight</styleUrl>
      </Pair>
    </StyleMap>
    <Style id="poly-0288D1-1200-99-normal">
      <LineStyle>
        <color>ffd18802</color>
        <width>1.2</width>
      </LineStyle>
      <PolyStyle>
        <color>63d18802</color>
        <fill>1</fill>
        <outline>1</outline>
      </PolyStyle>
    </Style>
    <Style id="poly-0288D1-1200-99-highlight">
      <LineStyle>
        <color>ffd18802</color>
        <width>1.8</width>
      </LineStyle>
      <PolyStyle>
        <color>63d18802</color>
        <fill>1</fill>
        <outline>1</outline>
      </PolyStyle>
    </Style>
    <StyleMap id="poly-0288D1-1200-99">
      <Pair>
        <key>normal</key>
        <styleUrl>#poly-0288D1-1200-99-normal</styleUrl>
      </Pair>
      <Pair>
        <key>highlight</key>
        <styleUrl>#poly-0288D1-1200-99-highlight</styleUrl>
      </Pair>
    </StyleMap>
    <Style id="poly-0288D1-1200-99-nodesc-normal">
      <LineStyle>
        <color>ffd18802</color>
        <width>1.2</width>
      </LineStyle>
      <PolyStyle>
        <color>63d18802</color>
        <fill>1</fill>
        <outline>1</outline>
      </PolyStyle>
      <BalloonStyle>
        <text><![CDATA[<h3>$[name]</h3>]]></text>
      </BalloonStyle>
    </Style>
    <Style id="poly-0288D1-1200-99-nodesc-highlight">
      <LineStyle>
        <color>ffd18802</color>
        <width>1.8</width>
      </LineStyle>
      <PolyStyle>
        <color>63d18802</color>
        <fill>1</fill>
        <outline>1</outline>
      </PolyStyle>
      <BalloonStyle>
        <text><![CDATA[<h3>$[name]</h3>]]></text>
      </BalloonStyle>
    </Style>
    <StyleMap id="poly-0288D1-1200-99-nodesc">
      <Pair>
        <key>normal</key>
        <styleUrl>#poly-0288D1-1200-99-nodesc-normal</styleUrl>
      </Pair>
      <Pair>
        <key>highlight</key>
        <styleUrl>#poly-0288D1-1200-99-nodesc-highlight</styleUrl>
      </Pair>
    </StyleMap>
    <Style id="poly-097138-1200-77-normal">
      <LineStyle>
        <color>ff387109</color>
        <width>1.2</width>
      </LineStyle>
      <PolyStyle>
        <color>4d387109</color>
        <fill>1</fill>
        <outline>1</outline>
      </PolyStyle>
    </Style>
    <Style id="poly-097138-1200-77-highlight">
      <LineStyle>
        <color>ff387109</color>
        <width>1.8</width>
      </LineStyle>
      <PolyStyle>
        <color>4d387109</color>
        <fill>1</fill>
        <outline>1</outline>
      </PolyStyle>
    </Style>
    <StyleMap id="poly-097138-1200-77">
      <Pair>
        <key>normal</key>
        <styleUrl>#poly-097138-1200-77-normal</styleUrl>
      </Pair>
      <Pair>
        <key>highlight</key>
        <styleUrl>#poly-097138-1200-77-highlight</styleUrl>
      </Pair>
    </StyleMap>
    <Style id="poly-0F9D58-1200-77-normal">
      <LineStyle>
        <color>ff589d0f</color>
        <width>1.2</width>
      </LineStyle>
      <PolyStyle>
        <color>4d589d0f</color>
        <fill>1</fill>
        <outline>1</outline>
      </PolyStyle>
    </Style>
    <Style id="poly-0F9D58-1200-77-highlight">
      <LineStyle>
        <color>ff589d0f</color>
        <width>1.8</width>
      </LineStyle>
      <PolyStyle>
        <color>4d589d0f</color>
        <fill>1</fill>
        <outline>1</outline>
      </PolyStyle>
    </Style>
    <StyleMap id="poly-0F9D58-1200-77">
      <Pair>
        <key>normal</key>
        <styleUrl>#poly-0F9D58-1200-77-normal</styleUrl>
      </Pair>
      <Pair>
        <key>highlight</key>
        <styleUrl>#poly-0F9D58-1200-77-highlight</styleUrl>
      </Pair>
    </StyleMap>
    <Style id="poly-673AB7-1000-115-normal">
      <LineStyle>
        <color>ffb73a67</color>
        <width>1</width>
      </LineStyle>
      <PolyStyle>
        <color>73b73a67</color>
        <fill>1</fill>
        <outline>1</outline>
      </PolyStyle>
    </Style>
    <Style id="poly-673AB7-1000-115-highlight">
      <LineStyle>
        <color>ffb73a67</color>
        <width>1.5</width>
      </LineStyle>
      <PolyStyle>
        <color>73b73a67</color>
        <fill>1</fill>
        <outline>1</outline>
      </PolyStyle>
    </Style>
    <StyleMap id="poly-673AB7-1000-115">
      <Pair>
        <key>normal</key>
        <styleUrl>#poly-673AB7-1000-115-normal</styleUrl>
      </Pair>
      <Pair>
        <key>highlight</key>
        <styleUrl>#poly-673AB7-1000-115-highlight</styleUrl>
      </Pair>
    </StyleMap>
    <Style id="poly-673AB7-1000-128-normal">
      <LineStyle>
        <color>ffb73a67</color>
        <width>1</width>
      </LineStyle>
      <PolyStyle>
        <color>80b73a67</color>
        <fill>1</fill>
        <outline>1</outline>
      </PolyStyle>
    </Style>
    <Style id="poly-673AB7-1000-128-highlight">
      <LineStyle>
        <color>ffb73a67</color>
        <width>1.5</width>
      </LineStyle>
      <PolyStyle>
        <color>80b73a67</color>
        <fill>1</fill>
        <outline>1</outline>
      </PolyStyle>
    </Style>
    <StyleMap id="poly-673AB7-1000-128">
      <Pair>
        <key>normal</key>
        <styleUrl>#poly-673AB7-1000-128-normal</styleUrl>
      </Pair>
      <Pair>
        <key>highlight</key>
        <styleUrl>#poly-673AB7-1000-128-highlight</styleUrl>
      </Pair>
    </StyleMap>
    <Style id="poly-673AB7-1200-102-normal">
      <LineStyle>
        <color>ffb73a67</color>
        <width>1.2</width>
      </LineStyle>
      <PolyStyle>
        <color>66b73a67</color>
        <fill>1</fill>
        <outline>1</outline>
      </PolyStyle>
    </Style>
    <Style id="poly-673AB7-1200-102-highlight">
      <LineStyle>
        <color>ffb73a67</color>
        <width>1.8</width>
      </LineStyle>
      <PolyStyle>
        <color>66b73a67</color>
        <fill>1</fill>
        <outline>1</outline>
      </PolyStyle>
    </Style>
    <StyleMap id="poly-673AB7-1200-102">
      <Pair>
        <key>normal</key>
        <styleUrl>#poly-673AB7-1200-102-normal</styleUrl>
      </Pair>
      <Pair>
        <key>highlight</key>
        <styleUrl>#poly-673AB7-1200-102-highlight</styleUrl>
      </Pair>
    </StyleMap>
    <Style id="poly-673AB7-1200-105-normal">
      <LineStyle>
        <color>ffb73a67</color>
        <width>1.2</width>
      </LineStyle>
      <PolyStyle>
        <color>69b73a67</color>
        <fill>1</fill>
        <outline>1</outline>
      </PolyStyle>
    </Style>
    <Style id="poly-673AB7-1200-105-highlight">
      <LineStyle>
        <color>ffb73a67</color>
        <width>1.8</width>
      </LineStyle>
      <PolyStyle>
        <color>69b73a67</color>
        <fill>1</fill>
        <outline>1</outline>
      </PolyStyle>
    </Style>
    <StyleMap id="poly-673AB7-1200-105">
      <Pair>
        <key>normal</key>
        <styleUrl>#poly-673AB7-1200-105-normal</styleUrl>
      </Pair>
      <Pair>
        <key>highlight</key>
        <styleUrl>#poly-673AB7-1200-105-highlight</styleUrl>
      </Pair>
    </StyleMap>
    <Style id="poly-673AB7-1200-105-nodesc-normal">
      <LineStyle>
        <color>ffb73a67</color>
        <width>1.2</width>
      </LineStyle>
      <PolyStyle>
        <color>69b73a67</color>
        <fill>1</fill>
        <outline>1</outline>
      </PolyStyle>
      <BalloonStyle>
        <text><![CDATA[<h3>$[name]</h3>]]></text>
      </BalloonStyle>
    </Style>
    <Style id="poly-673AB7-1200-105-nodesc-highlight">
      <LineStyle>
        <color>ffb73a67</color>
        <width>1.8</width>
      </LineStyle>
      <PolyStyle>
        <color>69b73a67</color>
        <fill>1</fill>
        <outline>1</outline>
      </PolyStyle>
      <BalloonStyle>
        <text><![CDATA[<h3>$[name]</h3>]]></text>
      </BalloonStyle>
    </Style>
    <StyleMap id="poly-673AB7-1200-105-nodesc">
      <Pair>
        <key>normal</key>
        <styleUrl>#poly-673AB7-1200-105-nodesc-normal</styleUrl>
      </Pair>
      <Pair>
        <key>highlight</key>
        <styleUrl>#poly-673AB7-1200-105-nodesc-highlight</styleUrl>
      </Pair>
    </StyleMap>
    <Style id="poly-673AB7-1200-107-normal">
      <LineStyle>
        <color>ffb73a67</color>
        <width>1.2</width>
      </LineStyle>
      <PolyStyle>
        <color>6bb73a67</color>
        <fill>1</fill>
        <outline>1</outline>
      </PolyStyle>
    </Style>
    <Style id="poly-673AB7-1200-107-highlight">
      <LineStyle>
        <color>ffb73a67</color>
        <width>1.8</width>
      </LineStyle>
      <PolyStyle>
        <color>6bb73a67</color>
        <fill>1</fill>
        <outline>1</outline>
      </PolyStyle>
    </Style>
    <StyleMap id="poly-673AB7-1200-107">
      <Pair>
        <key>normal</key>
        <styleUrl>#poly-673AB7-1200-107-normal</styleUrl>
      </Pair>
      <Pair>
        <key>highlight</key>
        <styleUrl>#poly-673AB7-1200-107-highlight</styleUrl>
      </Pair>
    </StyleMap>
    <Style id="poly-673AB7-1200-110-normal">
      <LineStyle>
        <color>ffb73a67</color>
        <width>1.2</width>
      </LineStyle>
      <PolyStyle>
        <color>6eb73a67</color>
        <fill>1</fill>
        <outline>1</outline>
      </PolyStyle>
    </Style>
    <Style id="poly-673AB7-1200-110-highlight">
      <LineStyle>
        <color>ffb73a67</color>
        <width>1.8</width>
      </LineStyle>
      <PolyStyle>
        <color>6eb73a67</color>
        <fill>1</fill>
        <outline>1</outline>
      </PolyStyle>
    </Style>
    <StyleMap id="poly-673AB7-1200-110">
      <Pair>
        <key>normal</key>
        <styleUrl>#poly-673AB7-1200-110-normal</styleUrl>
      </Pair>
      <Pair>
        <key>highlight</key>
        <styleUrl>#poly-673AB7-1200-110-highlight</styleUrl>
      </Pair>
    </StyleMap>
    <Style id="poly-673AB7-1200-112-normal">
      <LineStyle>
        <color>ffb73a67</color>
        <width>1.2</width>
      </LineStyle>
      <PolyStyle>
        <color>70b73a67</color>
        <fill>1</fill>
        <outline>1</outline>
      </PolyStyle>
    </Style>
    <Style id="poly-673AB7-1200-112-highlight">
      <LineStyle>
        <color>ffb73a67</color>
        <width>1.8</width>
      </LineStyle>
      <PolyStyle>
        <color>70b73a67</color>
        <fill>1</fill>
        <outline>1</outline>
      </PolyStyle>
    </Style>
    <StyleMap id="poly-673AB7-1200-112">
      <Pair>
        <key>normal</key>
        <styleUrl>#poly-673AB7-1200-112-normal</styleUrl>
      </Pair>
      <Pair>
        <key>highlight</key>
        <styleUrl>#poly-673AB7-1200-112-highlight</styleUrl>
      </Pair>
    </StyleMap>
    <Style id="poly-673AB7-1200-115-normal">
      <LineStyle>
        <color>ffb73a67</color>
        <width>1.2</width>
      </LineStyle>
      <PolyStyle>
        <color>73b73a67</color>
        <fill>1</fill>
        <outline>1</outline>
      </PolyStyle>
    </Style>
    <Style id="poly-673AB7-1200-115-highlight">
      <LineStyle>
        <color>ffb73a67</color>
        <width>1.8</width>
      </LineStyle>
      <PolyStyle>
        <color>73b73a67</color>
        <fill>1</fill>
        <outline>1</outline>
      </PolyStyle>
    </Style>
    <StyleMap id="poly-673AB7-1200-115">
      <Pair>
        <key>normal</key>
        <styleUrl>#poly-673AB7-1200-115-normal</styleUrl>
      </Pair>
      <Pair>
        <key>highlight</key>
        <styleUrl>#poly-673AB7-1200-115-highlight</styleUrl>
      </Pair>
    </StyleMap>
    <Style id="poly-673AB7-1200-120-normal">
      <LineStyle>
        <color>ffb73a67</color>
        <width>1.2</width>
      </LineStyle>
      <PolyStyle>
        <color>78b73a67</color>
        <fill>1</fill>
        <outline>1</outline>
      </PolyStyle>
    </Style>
    <Style id="poly-673AB7-1200-120-highlight">
      <LineStyle>
        <color>ffb73a67</color>
        <width>1.8</width>
      </LineStyle>
      <PolyStyle>
        <color>78b73a67</color>
        <fill>1</fill>
        <outline>1</outline>
      </PolyStyle>
    </Style>
    <StyleMap id="poly-673AB7-1200-120">
      <Pair>
        <key>normal</key>
        <styleUrl>#poly-673AB7-1200-120-normal</styleUrl>
      </Pair>
      <Pair>
        <key>highlight</key>
        <styleUrl>#poly-673AB7-1200-120-highlight</styleUrl>
      </Pair>
    </StyleMap>
    <Style id="poly-673AB7-1200-150-normal">
      <LineStyle>
        <color>ffb73a67</color>
        <width>1.2</width>
      </LineStyle>
      <PolyStyle>
        <color>96b73a67</color>
        <fill>1</fill>
        <outline>1</outline>
      </PolyStyle>
    </Style>
    <Style id="poly-673AB7-1200-150-highlight">
      <LineStyle>
        <color>ffb73a67</color>
        <width>1.8</width>
      </LineStyle>
      <PolyStyle>
        <color>96b73a67</color>
        <fill>1</fill>
        <outline>1</outline>
      </PolyStyle>
    </Style>
    <StyleMap id="poly-673AB7-1200-150">
      <Pair>
        <key>normal</key>
        <styleUrl>#poly-673AB7-1200-150-normal</styleUrl>
      </Pair>
      <Pair>
        <key>highlight</key>
        <styleUrl>#poly-673AB7-1200-150-highlight</styleUrl>
      </Pair>
    </StyleMap>
    <Style id="poly-673AB7-1200-74-normal">
      <LineStyle>
        <color>ffb73a67</color>
        <width>1.2</width>
      </LineStyle>
      <PolyStyle>
        <color>4ab73a67</color>
        <fill>1</fill>
        <outline>1</outline>
      </PolyStyle>
    </Style>
    <Style id="poly-673AB7-1200-74-highlight">
      <LineStyle>
        <color>ffb73a67</color>
        <width>1.8</width>
      </LineStyle>
      <PolyStyle>
        <color>4ab73a67</color>
        <fill>1</fill>
        <outline>1</outline>
      </PolyStyle>
    </Style>
    <StyleMap id="poly-673AB7-1200-74">
      <Pair>
        <key>normal</key>
        <styleUrl>#poly-673AB7-1200-74-normal</styleUrl>
      </Pair>
      <Pair>
        <key>highlight</key>
        <styleUrl>#poly-673AB7-1200-74-highlight</styleUrl>
      </Pair>
    </StyleMap>
    <Style id="poly-673AB7-1200-77-normal">
      <LineStyle>
        <color>ffb73a67</color>
        <width>1.2</width>
      </LineStyle>
      <PolyStyle>
        <color>4db73a67</color>
        <fill>1</fill>
        <outline>1</outline>
      </PolyStyle>
    </Style>
    <Style id="poly-673AB7-1200-77-highlight">
      <LineStyle>
        <color>ffb73a67</color>
        <width>1.8</width>
      </LineStyle>
      <PolyStyle>
        <color>4db73a67</color>
        <fill>1</fill>
        <outline>1</outline>
      </PolyStyle>
    </Style>
    <StyleMap id="poly-673AB7-1200-77">
      <Pair>
        <key>normal</key>
        <styleUrl>#poly-673AB7-1200-77-normal</styleUrl>
      </Pair>
      <Pair>
        <key>highlight</key>
        <styleUrl>#poly-673AB7-1200-77-highlight</styleUrl>
      </Pair>
    </StyleMap>
    <Style id="poly-673AB7-1200-77-nodesc-normal">
      <LineStyle>
        <color>ffb73a67</color>
        <width>1.2</width>
      </LineStyle>
      <PolyStyle>
        <color>4db73a67</color>
        <fill>1</fill>
        <outline>1</outline>
      </PolyStyle>
      <BalloonStyle>
        <text><![CDATA[<h3>$[name]</h3>]]></text>
      </BalloonStyle>
    </Style>
    <Style id="poly-673AB7-1200-77-nodesc-highlight">
      <LineStyle>
        <color>ffb73a67</color>
        <width>1.8</width>
      </LineStyle>
      <PolyStyle>
        <color>4db73a67</color>
        <fill>1</fill>
        <outline>1</outline>
      </PolyStyle>
      <BalloonStyle>
        <text><![CDATA[<h3>$[name]</h3>]]></text>
      </BalloonStyle>
    </Style>
    <StyleMap id="poly-673AB7-1200-77-nodesc">
      <Pair>
        <key>normal</key>
        <styleUrl>#poly-673AB7-1200-77-nodesc-normal</styleUrl>
      </Pair>
      <Pair>
        <key>highlight</key>
        <styleUrl>#poly-673AB7-1200-77-nodesc-highlight</styleUrl>
      </Pair>
    </StyleMap>
    <Style id="poly-673AB7-1200-79-normal">
      <LineStyle>
        <color>ffb73a67</color>
        <width>1.2</width>
      </LineStyle>
      <PolyStyle>
        <color>4fb73a67</color>
        <fill>1</fill>
        <outline>1</outline>
      </PolyStyle>
    </Style>
    <Style id="poly-673AB7-1200-79-highlight">
      <LineStyle>
        <color>ffb73a67</color>
        <width>1.8</width>
      </LineStyle>
      <PolyStyle>
        <color>4fb73a67</color>
        <fill>1</fill>
        <outline>1</outline>
      </PolyStyle>
    </Style>
    <StyleMap id="poly-673AB7-1200-79">
      <Pair>
        <key>normal</key>
        <styleUrl>#poly-673AB7-1200-79-normal</styleUrl>
      </Pair>
      <Pair>
        <key>highlight</key>
        <styleUrl>#poly-673AB7-1200-79-highlight</styleUrl>
      </Pair>
    </StyleMap>
    <Style id="poly-673AB7-1200-87-normal">
      <LineStyle>
        <color>ffb73a67</color>
        <width>1.2</width>
      </LineStyle>
      <PolyStyle>
        <color>57b73a67</color>
        <fill>1</fill>
        <outline>1</outline>
      </PolyStyle>
    </Style>
    <Style id="poly-673AB7-1200-87-highlight">
      <LineStyle>
        <color>ffb73a67</color>
        <width>1.8</width>
      </LineStyle>
      <PolyStyle>
        <color>57b73a67</color>
        <fill>1</fill>
        <outline>1</outline>
      </PolyStyle>
    </Style>
    <StyleMap id="poly-673AB7-1200-87">
      <Pair>
        <key>normal</key>
        <styleUrl>#poly-673AB7-1200-87-normal</styleUrl>
      </Pair>
      <Pair>
        <key>highlight</key>
        <styleUrl>#poly-673AB7-1200-87-highlight</styleUrl>
      </Pair>
    </StyleMap>
    <Style id="poly-673AB7-1200-92-normal">
      <LineStyle>
        <color>ffb73a67</color>
        <width>1.2</width>
      </LineStyle>
      <PolyStyle>
        <color>5cb73a67</color>
        <fill>1</fill>
        <outline>1</outline>
      </PolyStyle>
    </Style>
    <Style id="poly-673AB7-1200-92-highlight">
      <LineStyle>
        <color>ffb73a67</color>
        <width>1.8</width>
      </LineStyle>
      <PolyStyle>
        <color>5cb73a67</color>
        <fill>1</fill>
        <outline>1</outline>
      </PolyStyle>
    </Style>
    <StyleMap id="poly-673AB7-1200-92">
      <Pair>
        <key>normal</key>
        <styleUrl>#poly-673AB7-1200-92-normal</styleUrl>
      </Pair>
      <Pair>
        <key>highlight</key>
        <styleUrl>#poly-673AB7-1200-92-highlight</styleUrl>
      </Pair>
    </StyleMap>
    <Style id="poly-673AB7-1200-94-normal">
      <LineStyle>
        <color>ffb73a67</color>
        <width>1.2</width>
      </LineStyle>
      <PolyStyle>
        <color>5eb73a67</color>
        <fill>1</fill>
        <outline>1</outline>
      </PolyStyle>
    </Style>
    <Style id="poly-673AB7-1200-94-highlight">
      <LineStyle>
        <color>ffb73a67</color>
        <width>1.8</width>
      </LineStyle>
      <PolyStyle>
        <color>5eb73a67</color>
        <fill>1</fill>
        <outline>1</outline>
      </PolyStyle>
    </Style>
    <StyleMap id="poly-673AB7-1200-94">
      <Pair>
        <key>normal</key>
        <styleUrl>#poly-673AB7-1200-94-normal</styleUrl>
      </Pair>
      <Pair>
        <key>highlight</key>
        <styleUrl>#poly-673AB7-1200-94-highlight</styleUrl>
      </Pair>
    </StyleMap>
    <Style id="poly-673AB7-1200-97-normal">
      <LineStyle>
        <color>ffb73a67</color>
        <width>1.2</width>
      </LineStyle>
      <PolyStyle>
        <color>61b73a67</color>
        <fill>1</fill>
        <outline>1</outline>
      </PolyStyle>
    </Style>
    <Style id="poly-673AB7-1200-97-highlight">
      <LineStyle>
        <color>ffb73a67</color>
        <width>1.8</width>
      </LineStyle>
      <PolyStyle>
        <color>61b73a67</color>
        <fill>1</fill>
        <outline>1</outline>
      </PolyStyle>
    </Style>
    <StyleMap id="poly-673AB7-1200-97">
      <Pair>
        <key>normal</key>
        <styleUrl>#poly-673AB7-1200-97-normal</styleUrl>
      </Pair>
      <Pair>
        <key>highlight</key>
        <styleUrl>#poly-673AB7-1200-97-highlight</styleUrl>
      </Pair>
    </StyleMap>
    <Style id="poly-673AB7-1200-99-normal">
      <LineStyle>
        <color>ffb73a67</color>
        <width>1.2</width>
      </LineStyle>
      <PolyStyle>
        <color>63b73a67</color>
        <fill>1</fill>
        <outline>1</outline>
      </PolyStyle>
    </Style>
    <Style id="poly-673AB7-1200-99-highlight">
      <LineStyle>
        <color>ffb73a67</color>
        <width>1.8</width>
      </LineStyle>
      <PolyStyle>
        <color>63b73a67</color>
        <fill>1</fill>
        <outline>1</outline>
      </PolyStyle>
    </Style>
    <StyleMap id="poly-673AB7-1200-99">
      <Pair>
        <key>normal</key>
        <styleUrl>#poly-673AB7-1200-99-normal</styleUrl>
      </Pair>
      <Pair>
        <key>highlight</key>
        <styleUrl>#poly-673AB7-1200-99-highlight</styleUrl>
      </Pair>
    </StyleMap>
    <Style id="poly-673AB7-1401-92-normal">
      <LineStyle>
        <color>ffb73a67</color>
        <width>1.401</width>
      </LineStyle>
      <PolyStyle>
        <color>5cb73a67</color>
        <fill>1</fill>
        <outline>1</outline>
      </PolyStyle>
    </Style>
    <Style id="poly-673AB7-1401-92-highlight">
      <LineStyle>
        <color>ffb73a67</color>
        <width>2.1015</width>
      </LineStyle>
      <PolyStyle>
        <color>5cb73a67</color>
        <fill>1</fill>
        <outline>1</outline>
      </PolyStyle>
    </Style>
    <StyleMap id="poly-673AB7-1401-92">
      <Pair>
        <key>normal</key>
        <styleUrl>#poly-673AB7-1401-92-normal</styleUrl>
      </Pair>
      <Pair>
        <key>highlight</key>
        <styleUrl>#poly-673AB7-1401-92-highlight</styleUrl>
      </Pair>
    </StyleMap>
    <Style id="poly-A52714-1-130-normal">
      <LineStyle>
        <color>ff1427a5</color>
        <width>0.001</width>
      </LineStyle>
      <PolyStyle>
        <color>821427a5</color>
        <fill>1</fill>
        <outline>1</outline>
      </PolyStyle>
    </Style>
    <Style id="poly-A52714-1-130-highlight">
      <LineStyle>
        <color>ff1427a5</color>
        <width>0.0015</width>
      </LineStyle>
      <PolyStyle>
        <color>821427a5</color>
        <fill>1</fill>
        <outline>1</outline>
      </PolyStyle>
    </Style>
    <StyleMap id="poly-A52714-1-130">
      <Pair>
        <key>normal</key>
        <styleUrl>#poly-A52714-1-130-normal</styleUrl>
      </Pair>
      <Pair>
        <key>highlight</key>
        <styleUrl>#poly-A52714-1-130-highlight</styleUrl>
      </Pair>
    </StyleMap>
    <Style id="poly-A52714-1200-105-nodesc-normal">
      <LineStyle>
        <color>ff1427a5</color>
        <width>1.2</width>
      </LineStyle>
      <PolyStyle>
        <color>691427a5</color>
        <fill>1</fill>
        <outline>1</outline>
      </PolyStyle>
      <BalloonStyle>
        <text><![CDATA[<h3>$[name]</h3>]]></text>
      </BalloonStyle>
    </Style>
    <Style id="poly-A52714-1200-105-nodesc-highlight">
      <LineStyle>
        <color>ff1427a5</color>
        <width>1.8</width>
      </LineStyle>
      <PolyStyle>
        <color>691427a5</color>
        <fill>1</fill>
        <outline>1</outline>
      </PolyStyle>
      <BalloonStyle>
        <text><![CDATA[<h3>$[name]</h3>]]></text>
      </BalloonStyle>
    </Style>
    <StyleMap id="poly-A52714-1200-105-nodesc">
      <Pair>
        <key>normal</key>
        <styleUrl>#poly-A52714-1200-105-nodesc-normal</styleUrl>
      </Pair>
      <Pair>
        <key>highlight</key>
        <styleUrl>#poly-A52714-1200-105-nodesc-highlight</styleUrl>
      </Pair>
    </StyleMap>
    <Style id="poly-A52714-1200-110-nodesc-normal">
      <LineStyle>
        <color>ff1427a5</color>
        <width>1.2</width>
      </LineStyle>
      <PolyStyle>
        <color>6e1427a5</color>
        <fill>1</fill>
        <outline>1</outline>
      </PolyStyle>
      <BalloonStyle>
        <text><![CDATA[<h3>$[name]</h3>]]></text>
      </BalloonStyle>
    </Style>
    <Style id="poly-A52714-1200-110-nodesc-highlight">
      <LineStyle>
        <color>ff1427a5</color>
        <width>1.8</width>
      </LineStyle>
      <PolyStyle>
        <color>6e1427a5</color>
        <fill>1</fill>
        <outline>1</outline>
      </PolyStyle>
      <BalloonStyle>
        <text><![CDATA[<h3>$[name]</h3>]]></text>
      </BalloonStyle>
    </Style>
    <StyleMap id="poly-A52714-1200-110-nodesc">
      <Pair>
        <key>normal</key>
        <styleUrl>#poly-A52714-1200-110-nodesc-normal</styleUrl>
      </Pair>
      <Pair>
        <key>highlight</key>
        <styleUrl>#poly-A52714-1200-110-nodesc-highlight</styleUrl>
      </Pair>
    </StyleMap>
    <Style id="poly-A52714-1200-117-normal">
      <LineStyle>
        <color>ff1427a5</color>
        <width>1.2</width>
      </LineStyle>
      <PolyStyle>
        <color>751427a5</color>
        <fill>1</fill>
        <outline>1</outline>
      </PolyStyle>
    </Style>
    <Style id="poly-A52714-1200-117-highlight">
      <LineStyle>
        <color>ff1427a5</color>
        <width>1.8</width>
      </LineStyle>
      <PolyStyle>
        <color>751427a5</color>
        <fill>1</fill>
        <outline>1</outline>
      </PolyStyle>
    </Style>
    <StyleMap id="poly-A52714-1200-117">
      <Pair>
        <key>normal</key>
        <styleUrl>#poly-A52714-1200-117-normal</styleUrl>
      </Pair>
      <Pair>
        <key>highlight</key>
        <styleUrl>#poly-A52714-1200-117-highlight</styleUrl>
      </Pair>
    </StyleMap>
    <Style id="poly-A52714-1200-117-nodesc-normal">
      <LineStyle>
        <color>ff1427a5</color>
        <width>1.2</width>
      </LineStyle>
      <PolyStyle>
        <color>751427a5</color>
        <fill>1</fill>
        <outline>1</outline>
      </PolyStyle>
      <BalloonStyle>
        <text><![CDATA[<h3>$[name]</h3>]]></text>
      </BalloonStyle>
    </Style>
    <Style id="poly-A52714-1200-117-nodesc-highlight">
      <LineStyle>
        <color>ff1427a5</color>
        <width>1.8</width>
      </LineStyle>
      <PolyStyle>
        <color>751427a5</color>
        <fill>1</fill>
        <outline>1</outline>
      </PolyStyle>
      <BalloonStyle>
        <text><![CDATA[<h3>$[name]</h3>]]></text>
      </BalloonStyle>
    </Style>
    <StyleMap id="poly-A52714-1200-117-nodesc">
      <Pair>
        <key>normal</key>
        <styleUrl>#poly-A52714-1200-117-nodesc-normal</styleUrl>
      </Pair>
      <Pair>
        <key>highlight</key>
        <styleUrl>#poly-A52714-1200-117-nodesc-highlight</styleUrl>
      </Pair>
    </StyleMap>
    <Style id="poly-A52714-1200-120-nodesc-normal">
      <LineStyle>
        <color>ff1427a5</color>
        <width>1.2</width>
      </LineStyle>
      <PolyStyle>
        <color>781427a5</color>
        <fill>1</fill>
        <outline>1</outline>
      </PolyStyle>
      <BalloonStyle>
        <text><![CDATA[<h3>$[name]</h3>]]></text>
      </BalloonStyle>
    </Style>
    <Style id="poly-A52714-1200-120-nodesc-highlight">
      <LineStyle>
        <color>ff1427a5</color>
        <width>1.8</width>
      </LineStyle>
      <PolyStyle>
        <color>781427a5</color>
        <fill>1</fill>
        <outline>1</outline>
      </PolyStyle>
      <BalloonStyle>
        <text><![CDATA[<h3>$[name]</h3>]]></text>
      </BalloonStyle>
    </Style>
    <StyleMap id="poly-A52714-1200-120-nodesc">
      <Pair>
        <key>normal</key>
        <styleUrl>#poly-A52714-1200-120-nodesc-normal</styleUrl>
      </Pair>
      <Pair>
        <key>highlight</key>
        <styleUrl>#poly-A52714-1200-120-nodesc-highlight</styleUrl>
      </Pair>
    </StyleMap>
    <Style id="poly-A52714-1200-133-nodesc-normal">
      <LineStyle>
        <color>ff1427a5</color>
        <width>1.2</width>
      </LineStyle>
      <PolyStyle>
        <color>851427a5</color>
        <fill>1</fill>
        <outline>1</outline>
      </PolyStyle>
      <BalloonStyle>
        <text><![CDATA[<h3>$[name]</h3>]]></text>
      </BalloonStyle>
    </Style>
    <Style id="poly-A52714-1200-133-nodesc-highlight">
      <LineStyle>
        <color>ff1427a5</color>
        <width>1.8</width>
      </LineStyle>
      <PolyStyle>
        <color>851427a5</color>
        <fill>1</fill>
        <outline>1</outline>
      </PolyStyle>
      <BalloonStyle>
        <text><![CDATA[<h3>$[name]</h3>]]></text>
      </BalloonStyle>
    </Style>
    <StyleMap id="poly-A52714-1200-133-nodesc">
      <Pair>
        <key>normal</key>
        <styleUrl>#poly-A52714-1200-133-nodesc-normal</styleUrl>
      </Pair>
      <Pair>
        <key>highlight</key>
        <styleUrl>#poly-A52714-1200-133-nodesc-highlight</styleUrl>
      </Pair>
    </StyleMap>
    <Style id="poly-A52714-1200-138-nodesc-normal">
      <LineStyle>
        <color>ff1427a5</color>
        <width>1.2</width>
      </LineStyle>
      <PolyStyle>
        <color>8a1427a5</color>
        <fill>1</fill>
        <outline>1</outline>
      </PolyStyle>
      <BalloonStyle>
        <text><![CDATA[<h3>$[name]</h3>]]></text>
      </BalloonStyle>
    </Style>
    <Style id="poly-A52714-1200-138-nodesc-highlight">
      <LineStyle>
        <color>ff1427a5</color>
        <width>1.8</width>
      </LineStyle>
      <PolyStyle>
        <color>8a1427a5</color>
        <fill>1</fill>
        <outline>1</outline>
      </PolyStyle>
      <BalloonStyle>
        <text><![CDATA[<h3>$[name]</h3>]]></text>
      </BalloonStyle>
    </Style>
    <StyleMap id="poly-A52714-1200-138-nodesc">
      <Pair>
        <key>normal</key>
        <styleUrl>#poly-A52714-1200-138-nodesc-normal</styleUrl>
      </Pair>
      <Pair>
        <key>highlight</key>
        <styleUrl>#poly-A52714-1200-138-nodesc-highlight</styleUrl>
      </Pair>
    </StyleMap>
    <Style id="poly-A52714-1200-140-normal">
      <LineStyle>
        <color>ff1427a5</color>
        <width>1.2</width>
      </LineStyle>
      <PolyStyle>
        <color>8c1427a5</color>
        <fill>1</fill>
        <outline>1</outline>
      </PolyStyle>
    </Style>
    <Style id="poly-A52714-1200-140-highlight">
      <LineStyle>
        <color>ff1427a5</color>
        <width>1.8</width>
      </LineStyle>
      <PolyStyle>
        <color>8c1427a5</color>
        <fill>1</fill>
        <outline>1</outline>
      </PolyStyle>
    </Style>
    <StyleMap id="poly-A52714-1200-140">
      <Pair>
        <key>normal</key>
        <styleUrl>#poly-A52714-1200-140-normal</styleUrl>
      </Pair>
      <Pair>
        <key>highlight</key>
        <styleUrl>#poly-A52714-1200-140-highlight</styleUrl>
      </Pair>
    </StyleMap>
    <Style id="poly-A52714-1200-143-normal">
      <LineStyle>
        <color>ff1427a5</color>
        <width>1.2</width>
      </LineStyle>
      <PolyStyle>
        <color>8f1427a5</color>
        <fill>1</fill>
        <outline>1</outline>
      </PolyStyle>
    </Style>
    <Style id="poly-A52714-1200-143-highlight">
      <LineStyle>
        <color>ff1427a5</color>
        <width>1.8</width>
      </LineStyle>
      <PolyStyle>
        <color>8f1427a5</color>
        <fill>1</fill>
        <outline>1</outline>
      </PolyStyle>
    </Style>
    <StyleMap id="poly-A52714-1200-143">
      <Pair>
        <key>normal</key>
        <styleUrl>#poly-A52714-1200-143-normal</styleUrl>
      </Pair>
      <Pair>
        <key>highlight</key>
        <styleUrl>#poly-A52714-1200-143-highlight</styleUrl>
      </Pair>
    </StyleMap>
    <Style id="poly-A52714-1200-150-nodesc-normal">
      <LineStyle>
        <color>ff1427a5</color>
        <width>1.2</width>
      </LineStyle>
      <PolyStyle>
        <color>961427a5</color>
        <fill>1</fill>
        <outline>1</outline>
      </PolyStyle>
      <BalloonStyle>
        <text><![CDATA[<h3>$[name]</h3>]]></text>
      </BalloonStyle>
    </Style>
    <Style id="poly-A52714-1200-150-nodesc-highlight">
      <LineStyle>
        <color>ff1427a5</color>
        <width>1.8</width>
      </LineStyle>
      <PolyStyle>
        <color>961427a5</color>
        <fill>1</fill>
        <outline>1</outline>
      </PolyStyle>
      <BalloonStyle>
        <text><![CDATA[<h3>$[name]</h3>]]></text>
      </BalloonStyle>
    </Style>
    <StyleMap id="poly-A52714-1200-150-nodesc">
      <Pair>
        <key>normal</key>
        <styleUrl>#poly-A52714-1200-150-nodesc-normal</styleUrl>
      </Pair>
      <Pair>
        <key>highlight</key>
        <styleUrl>#poly-A52714-1200-150-nodesc-highlight</styleUrl>
      </Pair>
    </StyleMap>
    <Style id="poly-A52714-1200-153-normal">
      <LineStyle>
        <color>ff1427a5</color>
        <width>1.2</width>
      </LineStyle>
      <PolyStyle>
        <color>991427a5</color>
        <fill>1</fill>
        <outline>1</outline>
      </PolyStyle>
    </Style>
    <Style id="poly-A52714-1200-153-highlight">
      <LineStyle>
        <color>ff1427a5</color>
        <width>1.8</width>
      </LineStyle>
      <PolyStyle>
        <color>991427a5</color>
        <fill>1</fill>
        <outline>1</outline>
      </PolyStyle>
    </Style>
    <StyleMap id="poly-A52714-1200-153">
      <Pair>
        <key>normal</key>
        <styleUrl>#poly-A52714-1200-153-normal</styleUrl>
      </Pair>
      <Pair>
        <key>highlight</key>
        <styleUrl>#poly-A52714-1200-153-highlight</styleUrl>
      </Pair>
    </StyleMap>
    <Style id="poly-A52714-1200-156-normal">
      <LineStyle>
        <color>ff1427a5</color>
        <width>1.2</width>
      </LineStyle>
      <PolyStyle>
        <color>9c1427a5</color>
        <fill>1</fill>
        <outline>1</outline>
      </PolyStyle>
    </Style>
    <Style id="poly-A52714-1200-156-highlight">
      <LineStyle>
        <color>ff1427a5</color>
        <width>1.8</width>
      </LineStyle>
      <PolyStyle>
        <color>9c1427a5</color>
        <fill>1</fill>
        <outline>1</outline>
      </PolyStyle>
    </Style>
    <StyleMap id="poly-A52714-1200-156">
      <Pair>
        <key>normal</key>
        <styleUrl>#poly-A52714-1200-156-normal</styleUrl>
      </Pair>
      <Pair>
        <key>highlight</key>
        <styleUrl>#poly-A52714-1200-156-highlight</styleUrl>
      </Pair>
    </StyleMap>
    <Style id="poly-A52714-1200-158-nodesc-normal">
      <LineStyle>
        <color>ff1427a5</color>
        <width>1.2</width>
      </LineStyle>
      <PolyStyle>
        <color>9e1427a5</color>
        <fill>1</fill>
        <outline>1</outline>
      </PolyStyle>
      <BalloonStyle>
        <text><![CDATA[<h3>$[name]</h3>]]></text>
      </BalloonStyle>
    </Style>
    <Style id="poly-A52714-1200-158-nodesc-highlight">
      <LineStyle>
        <color>ff1427a5</color>
        <width>1.8</width>
      </LineStyle>
      <PolyStyle>
        <color>9e1427a5</color>
        <fill>1</fill>
        <outline>1</outline>
      </PolyStyle>
      <BalloonStyle>
        <text><![CDATA[<h3>$[name]</h3>]]></text>
      </BalloonStyle>
    </Style>
    <StyleMap id="poly-A52714-1200-158-nodesc">
      <Pair>
        <key>normal</key>
        <styleUrl>#poly-A52714-1200-158-nodesc-normal</styleUrl>
      </Pair>
      <Pair>
        <key>highlight</key>
        <styleUrl>#poly-A52714-1200-158-nodesc-highlight</styleUrl>
      </Pair>
    </StyleMap>
    <Style id="poly-A52714-1200-161-nodesc-normal">
      <LineStyle>
        <color>ff1427a5</color>
        <width>1.2</width>
      </LineStyle>
      <PolyStyle>
        <color>a11427a5</color>
        <fill>1</fill>
        <outline>1</outline>
      </PolyStyle>
      <BalloonStyle>
        <text><![CDATA[<h3>$[name]</h3>]]></text>
      </BalloonStyle>
    </Style>
    <Style id="poly-A52714-1200-161-nodesc-highlight">
      <LineStyle>
        <color>ff1427a5</color>
        <width>1.8</width>
      </LineStyle>
      <PolyStyle>
        <color>a11427a5</color>
        <fill>1</fill>
        <outline>1</outline>
      </PolyStyle>
      <BalloonStyle>
        <text><![CDATA[<h3>$[name]</h3>]]></text>
      </BalloonStyle>
    </Style>
    <StyleMap id="poly-A52714-1200-161-nodesc">
      <Pair>
        <key>normal</key>
        <styleUrl>#poly-A52714-1200-161-nodesc-normal</styleUrl>
      </Pair>
      <Pair>
        <key>highlight</key>
        <styleUrl>#poly-A52714-1200-161-nodesc-highlight</styleUrl>
      </Pair>
    </StyleMap>
    <Style id="poly-A52714-1200-163-nodesc-normal">
      <LineStyle>
        <color>ff1427a5</color>
        <width>1.2</width>
      </LineStyle>
      <PolyStyle>
        <color>a31427a5</color>
        <fill>1</fill>
        <outline>1</outline>
      </PolyStyle>
      <BalloonStyle>
        <text><![CDATA[<h3>$[name]</h3>]]></text>
      </BalloonStyle>
    </Style>
    <Style id="poly-A52714-1200-163-nodesc-highlight">
      <LineStyle>
        <color>ff1427a5</color>
        <width>1.8</width>
      </LineStyle>
      <PolyStyle>
        <color>a31427a5</color>
        <fill>1</fill>
        <outline>1</outline>
      </PolyStyle>
      <BalloonStyle>
        <text><![CDATA[<h3>$[name]</h3>]]></text>
      </BalloonStyle>
    </Style>
    <StyleMap id="poly-A52714-1200-163-nodesc">
      <Pair>
        <key>normal</key>
        <styleUrl>#poly-A52714-1200-163-nodesc-normal</styleUrl>
      </Pair>
      <Pair>
        <key>highlight</key>
        <styleUrl>#poly-A52714-1200-163-nodesc-highlight</styleUrl>
      </Pair>
    </StyleMap>
    <Style id="poly-A52714-1200-166-nodesc-normal">
      <LineStyle>
        <color>ff1427a5</color>
        <width>1.2</width>
      </LineStyle>
      <PolyStyle>
        <color>a61427a5</color>
        <fill>1</fill>
        <outline>1</outline>
      </PolyStyle>
      <BalloonStyle>
        <text><![CDATA[<h3>$[name]</h3>]]></text>
      </BalloonStyle>
    </Style>
    <Style id="poly-A52714-1200-166-nodesc-highlight">
      <LineStyle>
        <color>ff1427a5</color>
        <width>1.8</width>
      </LineStyle>
      <PolyStyle>
        <color>a61427a5</color>
        <fill>1</fill>
        <outline>1</outline>
      </PolyStyle>
      <BalloonStyle>
        <text><![CDATA[<h3>$[name]</h3>]]></text>
      </BalloonStyle>
    </Style>
    <StyleMap id="poly-A52714-1200-166-nodesc">
      <Pair>
        <key>normal</key>
        <styleUrl>#poly-A52714-1200-166-nodesc-normal</styleUrl>
      </Pair>
      <Pair>
        <key>highlight</key>
        <styleUrl>#poly-A52714-1200-166-nodesc-highlight</styleUrl>
      </Pair>
    </StyleMap>
    <Style id="poly-A52714-1200-171-nodesc-normal">
      <LineStyle>
        <color>ff1427a5</color>
        <width>1.2</width>
      </LineStyle>
      <PolyStyle>
        <color>ab1427a5</color>
        <fill>1</fill>
        <outline>1</outline>
      </PolyStyle>
      <BalloonStyle>
        <text><![CDATA[<h3>$[name]</h3>]]></text>
      </BalloonStyle>
    </Style>
    <Style id="poly-A52714-1200-171-nodesc-highlight">
      <LineStyle>
        <color>ff1427a5</color>
        <width>1.8</width>
      </LineStyle>
      <PolyStyle>
        <color>ab1427a5</color>
        <fill>1</fill>
        <outline>1</outline>
      </PolyStyle>
      <BalloonStyle>
        <text><![CDATA[<h3>$[name]</h3>]]></text>
      </BalloonStyle>
    </Style>
    <StyleMap id="poly-A52714-1200-171-nodesc">
      <Pair>
        <key>normal</key>
        <styleUrl>#poly-A52714-1200-171-nodesc-normal</styleUrl>
      </Pair>
      <Pair>
        <key>highlight</key>
        <styleUrl>#poly-A52714-1200-171-nodesc-highlight</styleUrl>
      </Pair>
    </StyleMap>
    <Style id="poly-A52714-1200-173-nodesc-normal">
      <LineStyle>
        <color>ff1427a5</color>
        <width>1.2</width>
      </LineStyle>
      <PolyStyle>
        <color>ad1427a5</color>
        <fill>1</fill>
        <outline>1</outline>
      </PolyStyle>
      <BalloonStyle>
        <text><![CDATA[<h3>$[name]</h3>]]></text>
      </BalloonStyle>
    </Style>
    <Style id="poly-A52714-1200-173-nodesc-highlight">
      <LineStyle>
        <color>ff1427a5</color>
        <width>1.8</width>
      </LineStyle>
      <PolyStyle>
        <color>ad1427a5</color>
        <fill>1</fill>
        <outline>1</outline>
      </PolyStyle>
      <BalloonStyle>
        <text><![CDATA[<h3>$[name]</h3>]]></text>
      </BalloonStyle>
    </Style>
    <StyleMap id="poly-A52714-1200-173-nodesc">
      <Pair>
        <key>normal</key>
        <styleUrl>#poly-A52714-1200-173-nodesc-normal</styleUrl>
      </Pair>
      <Pair>
        <key>highlight</key>
        <styleUrl>#poly-A52714-1200-173-nodesc-highlight</styleUrl>
      </Pair>
    </StyleMap>
    <Style id="poly-A52714-1200-181-nodesc-normal">
      <LineStyle>
        <color>ff1427a5</color>
        <width>1.2</width>
      </LineStyle>
      <PolyStyle>
        <color>b51427a5</color>
        <fill>1</fill>
        <outline>1</outline>
      </PolyStyle>
      <BalloonStyle>
        <text><![CDATA[<h3>$[name]</h3>]]></text>
      </BalloonStyle>
    </Style>
    <Style id="poly-A52714-1200-181-nodesc-highlight">
      <LineStyle>
        <color>ff1427a5</color>
        <width>1.8</width>
      </LineStyle>
      <PolyStyle>
        <color>b51427a5</color>
        <fill>1</fill>
        <outline>1</outline>
      </PolyStyle>
      <BalloonStyle>
        <text><![CDATA[<h3>$[name]</h3>]]></text>
      </BalloonStyle>
    </Style>
    <StyleMap id="poly-A52714-1200-181-nodesc">
      <Pair>
        <key>normal</key>
        <styleUrl>#poly-A52714-1200-181-nodesc-normal</styleUrl>
      </Pair>
      <Pair>
        <key>highlight</key>
        <styleUrl>#poly-A52714-1200-181-nodesc-highlight</styleUrl>
      </Pair>
    </StyleMap>
    <Style id="poly-A52714-1200-189-nodesc-normal">
      <LineStyle>
        <color>ff1427a5</color>
        <width>1.2</width>
      </LineStyle>
      <PolyStyle>
        <color>bd1427a5</color>
        <fill>1</fill>
        <outline>1</outline>
      </PolyStyle>
      <BalloonStyle>
        <text><![CDATA[<h3>$[name]</h3>]]></text>
      </BalloonStyle>
    </Style>
    <Style id="poly-A52714-1200-189-nodesc-highlight">
      <LineStyle>
        <color>ff1427a5</color>
        <width>1.8</width>
      </LineStyle>
      <PolyStyle>
        <color>bd1427a5</color>
        <fill>1</fill>
        <outline>1</outline>
      </PolyStyle>
      <BalloonStyle>
        <text><![CDATA[<h3>$[name]</h3>]]></text>
      </BalloonStyle>
    </Style>
    <StyleMap id="poly-A52714-1200-189-nodesc">
      <Pair>
        <key>normal</key>
        <styleUrl>#poly-A52714-1200-189-nodesc-normal</styleUrl>
      </Pair>
      <Pair>
        <key>highlight</key>
        <styleUrl>#poly-A52714-1200-189-nodesc-highlight</styleUrl>
      </Pair>
    </StyleMap>
    <Style id="poly-A52714-1200-194-nodesc-normal">
      <LineStyle>
        <color>ff1427a5</color>
        <width>1.2</width>
      </LineStyle>
      <PolyStyle>
        <color>c21427a5</color>
        <fill>1</fill>
        <outline>1</outline>
      </PolyStyle>
      <BalloonStyle>
        <text><![CDATA[<h3>$[name]</h3>]]></text>
      </BalloonStyle>
    </Style>
    <Style id="poly-A52714-1200-194-nodesc-highlight">
      <LineStyle>
        <color>ff1427a5</color>
        <width>1.8</width>
      </LineStyle>
      <PolyStyle>
        <color>c21427a5</color>
        <fill>1</fill>
        <outline>1</outline>
      </PolyStyle>
      <BalloonStyle>
        <text><![CDATA[<h3>$[name]</h3>]]></text>
      </BalloonStyle>
    </Style>
    <StyleMap id="poly-A52714-1200-194-nodesc">
      <Pair>
        <key>normal</key>
        <styleUrl>#poly-A52714-1200-194-nodesc-normal</styleUrl>
      </Pair>
      <Pair>
        <key>highlight</key>
        <styleUrl>#poly-A52714-1200-194-nodesc-highlight</styleUrl>
      </Pair>
    </StyleMap>
    <Style id="poly-A52714-1200-201-normal">
      <LineStyle>
        <color>ff1427a5</color>
        <width>1.2</width>
      </LineStyle>
      <PolyStyle>
        <color>c91427a5</color>
        <fill>1</fill>
        <outline>1</outline>
      </PolyStyle>
    </Style>
    <Style id="poly-A52714-1200-201-highlight">
      <LineStyle>
        <color>ff1427a5</color>
        <width>1.8</width>
      </LineStyle>
      <PolyStyle>
        <color>c91427a5</color>
        <fill>1</fill>
        <outline>1</outline>
      </PolyStyle>
    </Style>
    <StyleMap id="poly-A52714-1200-201">
      <Pair>
        <key>normal</key>
        <styleUrl>#poly-A52714-1200-201-normal</styleUrl>
      </Pair>
      <Pair>
        <key>highlight</key>
        <styleUrl>#poly-A52714-1200-201-highlight</styleUrl>
      </Pair>
    </StyleMap>
    <Style id="poly-A52714-1200-201-nodesc-normal">
      <LineStyle>
        <color>ff1427a5</color>
        <width>1.2</width>
      </LineStyle>
      <PolyStyle>
        <color>c91427a5</color>
        <fill>1</fill>
        <outline>1</outline>
      </PolyStyle>
      <BalloonStyle>
        <text><![CDATA[<h3>$[name]</h3>]]></text>
      </BalloonStyle>
    </Style>
    <Style id="poly-A52714-1200-201-nodesc-highlight">
      <LineStyle>
        <color>ff1427a5</color>
        <width>1.8</width>
      </LineStyle>
      <PolyStyle>
        <color>c91427a5</color>
        <fill>1</fill>
        <outline>1</outline>
      </PolyStyle>
      <BalloonStyle>
        <text><![CDATA[<h3>$[name]</h3>]]></text>
      </BalloonStyle>
    </Style>
    <StyleMap id="poly-A52714-1200-201-nodesc">
      <Pair>
        <key>normal</key>
        <styleUrl>#poly-A52714-1200-201-nodesc-normal</styleUrl>
      </Pair>
      <Pair>
        <key>highlight</key>
        <styleUrl>#poly-A52714-1200-201-nodesc-highlight</styleUrl>
      </Pair>
    </StyleMap>
    <Style id="poly-A52714-1200-204-normal">
      <LineStyle>
        <color>ff1427a5</color>
        <width>1.2</width>
      </LineStyle>
      <PolyStyle>
        <color>cc1427a5</color>
        <fill>1</fill>
        <outline>1</outline>
      </PolyStyle>
    </Style>
    <Style id="poly-A52714-1200-204-highlight">
      <LineStyle>
        <color>ff1427a5</color>
        <width>1.8</width>
      </LineStyle>
      <PolyStyle>
        <color>cc1427a5</color>
        <fill>1</fill>
        <outline>1</outline>
      </PolyStyle>
    </Style>
    <StyleMap id="poly-A52714-1200-204">
      <Pair>
        <key>normal</key>
        <styleUrl>#poly-A52714-1200-204-normal</styleUrl>
      </Pair>
      <Pair>
        <key>highlight</key>
        <styleUrl>#poly-A52714-1200-204-highlight</styleUrl>
      </Pair>
    </StyleMap>
    <Style id="poly-A52714-1200-209-nodesc-normal">
      <LineStyle>
        <color>ff1427a5</color>
        <width>1.2</width>
      </LineStyle>
      <PolyStyle>
        <color>d11427a5</color>
        <fill>1</fill>
        <outline>1</outline>
      </PolyStyle>
      <BalloonStyle>
        <text><![CDATA[<h3>$[name]</h3>]]></text>
      </BalloonStyle>
    </Style>
    <Style id="poly-A52714-1200-209-nodesc-highlight">
      <LineStyle>
        <color>ff1427a5</color>
        <width>1.8</width>
      </LineStyle>
      <PolyStyle>
        <color>d11427a5</color>
        <fill>1</fill>
        <outline>1</outline>
      </PolyStyle>
      <BalloonStyle>
        <text><![CDATA[<h3>$[name]</h3>]]></text>
      </BalloonStyle>
    </Style>
    <StyleMap id="poly-A52714-1200-209-nodesc">
      <Pair>
        <key>normal</key>
        <styleUrl>#poly-A52714-1200-209-nodesc-normal</styleUrl>
      </Pair>
      <Pair>
        <key>highlight</key>
        <styleUrl>#poly-A52714-1200-209-nodesc-highlight</styleUrl>
      </Pair>
    </StyleMap>
    <Style id="poly-A52714-1200-77-normal">
      <LineStyle>
        <color>ff1427a5</color>
        <width>1.2</width>
      </LineStyle>
      <PolyStyle>
        <color>4d1427a5</color>
        <fill>1</fill>
        <outline>1</outline>
      </PolyStyle>
    </Style>
    <Style id="poly-A52714-1200-77-highlight">
      <LineStyle>
        <color>ff1427a5</color>
        <width>1.8</width>
      </LineStyle>
      <PolyStyle>
        <color>4d1427a5</color>
        <fill>1</fill>
        <outline>1</outline>
      </PolyStyle>
    </Style>
    <StyleMap id="poly-A52714-1200-77">
      <Pair>
        <key>normal</key>
        <styleUrl>#poly-A52714-1200-77-normal</styleUrl>
      </Pair>
      <Pair>
        <key>highlight</key>
        <styleUrl>#poly-A52714-1200-77-highlight</styleUrl>
      </Pair>
    </StyleMap>
    <Style id="poly-A52714-1200-77-nodesc-normal">
      <LineStyle>
        <color>ff1427a5</color>
        <width>1.2</width>
      </LineStyle>
      <PolyStyle>
        <color>4d1427a5</color>
        <fill>1</fill>
        <outline>1</outline>
      </PolyStyle>
      <BalloonStyle>
        <text><![CDATA[<h3>$[name]</h3>]]></text>
      </BalloonStyle>
    </Style>
    <Style id="poly-A52714-1200-77-nodesc-highlight">
      <LineStyle>
        <color>ff1427a5</color>
        <width>1.8</width>
      </LineStyle>
      <PolyStyle>
        <color>4d1427a5</color>
        <fill>1</fill>
        <outline>1</outline>
      </PolyStyle>
      <BalloonStyle>
        <text><![CDATA[<h3>$[name]</h3>]]></text>
      </BalloonStyle>
    </Style>
    <StyleMap id="poly-A52714-1200-77-nodesc">
      <Pair>
        <key>normal</key>
        <styleUrl>#poly-A52714-1200-77-nodesc-normal</styleUrl>
      </Pair>
      <Pair>
        <key>highlight</key>
        <styleUrl>#poly-A52714-1200-77-nodesc-highlight</styleUrl>
      </Pair>
    </StyleMap>
    <Style id="poly-A52714-2401-153-nodesc-normal">
      <LineStyle>
        <color>ff1427a5</color>
        <width>2.401</width>
      </LineStyle>
      <PolyStyle>
        <color>991427a5</color>
        <fill>1</fill>
        <outline>1</outline>
      </PolyStyle>
      <BalloonStyle>
        <text><![CDATA[<h3>$[name]</h3>]]></text>
      </BalloonStyle>
    </Style>
    <Style id="poly-A52714-2401-153-nodesc-highlight">
      <LineStyle>
        <color>ff1427a5</color>
        <width>3.6015</width>
      </LineStyle>
      <PolyStyle>
        <color>991427a5</color>
        <fill>1</fill>
        <outline>1</outline>
      </PolyStyle>
      <BalloonStyle>
        <text><![CDATA[<h3>$[name]</h3>]]></text>
      </BalloonStyle>
    </Style>
    <StyleMap id="poly-A52714-2401-153-nodesc">
      <Pair>
        <key>normal</key>
        <styleUrl>#poly-A52714-2401-153-nodesc-normal</styleUrl>
      </Pair>
      <Pair>
        <key>highlight</key>
        <styleUrl>#poly-A52714-2401-153-nodesc-highlight</styleUrl>
      </Pair>
    </StyleMap>
    <Style id="poly-E65100-1200-105-nodesc-normal">
      <LineStyle>
        <color>ff0051e6</color>
        <width>1.2</width>
      </LineStyle>
      <PolyStyle>
        <color>690051e6</color>
        <fill>1</fill>
        <outline>1</outline>
      </PolyStyle>
      <BalloonStyle>
        <text><![CDATA[<h3>$[name]</h3>]]></text>
      </BalloonStyle>
    </Style>
    <Style id="poly-E65100-1200-105-nodesc-highlight">
      <LineStyle>
        <color>ff0051e6</color>
        <width>1.8</width>
      </LineStyle>
      <PolyStyle>
        <color>690051e6</color>
        <fill>1</fill>
        <outline>1</outline>
      </PolyStyle>
      <BalloonStyle>
        <text><![CDATA[<h3>$[name]</h3>]]></text>
      </BalloonStyle>
    </Style>
    <StyleMap id="poly-E65100-1200-105-nodesc">
      <Pair>
        <key>normal</key>
        <styleUrl>#poly-E65100-1200-105-nodesc-normal</styleUrl>
      </Pair>
      <Pair>
        <key>highlight</key>
        <styleUrl>#poly-E65100-1200-105-nodesc-highlight</styleUrl>
      </Pair>
    </StyleMap>
    <Style id="poly-E65100-1200-107-nodesc-normal">
      <LineStyle>
        <color>ff0051e6</color>
        <width>1.2</width>
      </LineStyle>
      <PolyStyle>
        <color>6b0051e6</color>
        <fill>1</fill>
        <outline>1</outline>
      </PolyStyle>
      <BalloonStyle>
        <text><![CDATA[<h3>$[name]</h3>]]></text>
      </BalloonStyle>
    </Style>
    <Style id="poly-E65100-1200-107-nodesc-highlight">
      <LineStyle>
        <color>ff0051e6</color>
        <width>1.8</width>
      </LineStyle>
      <PolyStyle>
        <color>6b0051e6</color>
        <fill>1</fill>
        <outline>1</outline>
      </PolyStyle>
      <BalloonStyle>
        <text><![CDATA[<h3>$[name]</h3>]]></text>
      </BalloonStyle>
    </Style>
    <StyleMap id="poly-E65100-1200-107-nodesc">
      <Pair>
        <key>normal</key>
        <styleUrl>#poly-E65100-1200-107-nodesc-normal</styleUrl>
      </Pair>
      <Pair>
        <key>highlight</key>
        <styleUrl>#poly-E65100-1200-107-nodesc-highlight</styleUrl>
      </Pair>
    </StyleMap>
    <Style id="poly-E65100-1200-128-nodesc-normal">
      <LineStyle>
        <color>ff0051e6</color>
        <width>1.2</width>
      </LineStyle>
      <PolyStyle>
        <color>800051e6</color>
        <fill>1</fill>
        <outline>1</outline>
      </PolyStyle>
      <BalloonStyle>
        <text><![CDATA[<h3>$[name]</h3>]]></text>
      </BalloonStyle>
    </Style>
    <Style id="poly-E65100-1200-128-nodesc-highlight">
      <LineStyle>
        <color>ff0051e6</color>
        <width>1.8</width>
      </LineStyle>
      <PolyStyle>
        <color>800051e6</color>
        <fill>1</fill>
        <outline>1</outline>
      </PolyStyle>
      <BalloonStyle>
        <text><![CDATA[<h3>$[name]</h3>]]></text>
      </BalloonStyle>
    </Style>
    <StyleMap id="poly-E65100-1200-128-nodesc">
      <Pair>
        <key>normal</key>
        <styleUrl>#poly-E65100-1200-128-nodesc-normal</styleUrl>
      </Pair>
      <Pair>
        <key>highlight</key>
        <styleUrl>#poly-E65100-1200-128-nodesc-highlight</styleUrl>
      </Pair>
    </StyleMap>
    <Style id="poly-E65100-1200-138-normal">
      <LineStyle>
        <color>ff0051e6</color>
        <width>1.2</width>
      </LineStyle>
      <PolyStyle>
        <color>8a0051e6</color>
        <fill>1</fill>
        <outline>1</outline>
      </PolyStyle>
    </Style>
    <Style id="poly-E65100-1200-138-highlight">
      <LineStyle>
        <color>ff0051e6</color>
        <width>1.8</width>
      </LineStyle>
      <PolyStyle>
        <color>8a0051e6</color>
        <fill>1</fill>
        <outline>1</outline>
      </PolyStyle>
    </Style>
    <StyleMap id="poly-E65100-1200-138">
      <Pair>
        <key>normal</key>
        <styleUrl>#poly-E65100-1200-138-normal</styleUrl>
      </Pair>
      <Pair>
        <key>highlight</key>
        <styleUrl>#poly-E65100-1200-138-highlight</styleUrl>
      </Pair>
    </StyleMap>
    <Style id="poly-E65100-1200-156-normal">
      <LineStyle>
        <color>ff0051e6</color>
        <width>1.2</width>
      </LineStyle>
      <PolyStyle>
        <color>9c0051e6</color>
        <fill>1</fill>
        <outline>1</outline>
      </PolyStyle>
    </Style>
    <Style id="poly-E65100-1200-156-highlight">
      <LineStyle>
        <color>ff0051e6</color>
        <width>1.8</width>
      </LineStyle>
      <PolyStyle>
        <color>9c0051e6</color>
        <fill>1</fill>
        <outline>1</outline>
      </PolyStyle>
    </Style>
    <StyleMap id="poly-E65100-1200-156">
      <Pair>
        <key>normal</key>
        <styleUrl>#poly-E65100-1200-156-normal</styleUrl>
      </Pair>
      <Pair>
        <key>highlight</key>
        <styleUrl>#poly-E65100-1200-156-highlight</styleUrl>
      </Pair>
    </StyleMap>
    <Style id="poly-E65100-1200-184-normal">
      <LineStyle>
        <color>ff0051e6</color>
        <width>1.2</width>
      </LineStyle>
      <PolyStyle>
        <color>b80051e6</color>
        <fill>1</fill>
        <outline>1</outline>
      </PolyStyle>
    </Style>
    <Style id="poly-E65100-1200-184-highlight">
      <LineStyle>
        <color>ff0051e6</color>
        <width>1.8</width>
      </LineStyle>
      <PolyStyle>
        <color>b80051e6</color>
        <fill>1</fill>
        <outline>1</outline>
      </PolyStyle>
    </Style>
    <StyleMap id="poly-E65100-1200-184">
      <Pair>
        <key>normal</key>
        <styleUrl>#poly-E65100-1200-184-normal</styleUrl>
      </Pair>
      <Pair>
        <key>highlight</key>
        <styleUrl>#poly-E65100-1200-184-highlight</styleUrl>
      </Pair>
    </StyleMap>
    <Style id="poly-E65100-1200-77-nodesc-normal">
      <LineStyle>
        <color>ff0051e6</color>
        <width>1.2</width>
      </LineStyle>
      <PolyStyle>
        <color>4d0051e6</color>
        <fill>1</fill>
        <outline>1</outline>
      </PolyStyle>
      <BalloonStyle>
        <text><![CDATA[<h3>$[name]</h3>]]></text>
      </BalloonStyle>
    </Style>
    <Style id="poly-E65100-1200-77-nodesc-highlight">
      <LineStyle>
        <color>ff0051e6</color>
        <width>1.8</width>
      </LineStyle>
      <PolyStyle>
        <color>4d0051e6</color>
        <fill>1</fill>
        <outline>1</outline>
      </PolyStyle>
      <BalloonStyle>
        <text><![CDATA[<h3>$[name]</h3>]]></text>
      </BalloonStyle>
    </Style>
    <StyleMap id="poly-E65100-1200-77-nodesc">
      <Pair>
        <key>normal</key>
        <styleUrl>#poly-E65100-1200-77-nodesc-normal</styleUrl>
      </Pair>
      <Pair>
        <key>highlight</key>
        <styleUrl>#poly-E65100-1200-77-nodesc-highlight</styleUrl>
      </Pair>
    </StyleMap>
    <Style id="poly-F57C00-1200-105-nodesc-normal">
      <LineStyle>
        <color>ff007cf5</color>
        <width>1.2</width>
      </LineStyle>
      <PolyStyle>
        <color>69007cf5</color>
        <fill>1</fill>
        <outline>1</outline>
      </PolyStyle>
      <BalloonStyle>
        <text><![CDATA[<h3>$[name]</h3>]]></text>
      </BalloonStyle>
    </Style>
    <Style id="poly-F57C00-1200-105-nodesc-highlight">
      <LineStyle>
        <color>ff007cf5</color>
        <width>1.8</width>
      </LineStyle>
      <PolyStyle>
        <color>69007cf5</color>
        <fill>1</fill>
        <outline>1</outline>
      </PolyStyle>
      <BalloonStyle>
        <text><![CDATA[<h3>$[name]</h3>]]></text>
      </BalloonStyle>
    </Style>
    <StyleMap id="poly-F57C00-1200-105-nodesc">
      <Pair>
        <key>normal</key>
        <styleUrl>#poly-F57C00-1200-105-nodesc-normal</styleUrl>
      </Pair>
      <Pair>
        <key>highlight</key>
        <styleUrl>#poly-F57C00-1200-105-nodesc-highlight</styleUrl>
      </Pair>
    </StyleMap>
    <Style id="poly-F57C00-1200-110-nodesc-normal">
      <LineStyle>
        <color>ff007cf5</color>
        <width>1.2</width>
      </LineStyle>
      <PolyStyle>
        <color>6e007cf5</color>
        <fill>1</fill>
        <outline>1</outline>
      </PolyStyle>
      <BalloonStyle>
        <text><![CDATA[<h3>$[name]</h3>]]></text>
      </BalloonStyle>
    </Style>
    <Style id="poly-F57C00-1200-110-nodesc-highlight">
      <LineStyle>
        <color>ff007cf5</color>
        <width>1.8</width>
      </LineStyle>
      <PolyStyle>
        <color>6e007cf5</color>
        <fill>1</fill>
        <outline>1</outline>
      </PolyStyle>
      <BalloonStyle>
        <text><![CDATA[<h3>$[name]</h3>]]></text>
      </BalloonStyle>
    </Style>
    <StyleMap id="poly-F57C00-1200-110-nodesc">
      <Pair>
        <key>normal</key>
        <styleUrl>#poly-F57C00-1200-110-nodesc-normal</styleUrl>
      </Pair>
      <Pair>
        <key>highlight</key>
        <styleUrl>#poly-F57C00-1200-110-nodesc-highlight</styleUrl>
      </Pair>
    </StyleMap>
    <Style id="poly-F57C00-1200-117-nodesc-normal">
      <LineStyle>
        <color>ff007cf5</color>
        <width>1.2</width>
      </LineStyle>
      <PolyStyle>
        <color>75007cf5</color>
        <fill>1</fill>
        <outline>1</outline>
      </PolyStyle>
      <BalloonStyle>
        <text><![CDATA[<h3>$[name]</h3>]]></text>
      </BalloonStyle>
    </Style>
    <Style id="poly-F57C00-1200-117-nodesc-highlight">
      <LineStyle>
        <color>ff007cf5</color>
        <width>1.8</width>
      </LineStyle>
      <PolyStyle>
        <color>75007cf5</color>
        <fill>1</fill>
        <outline>1</outline>
      </PolyStyle>
      <BalloonStyle>
        <text><![CDATA[<h3>$[name]</h3>]]></text>
      </BalloonStyle>
    </Style>
    <StyleMap id="poly-F57C00-1200-117-nodesc">
      <Pair>
        <key>normal</key>
        <styleUrl>#poly-F57C00-1200-117-nodesc-normal</styleUrl>
      </Pair>
      <Pair>
        <key>highlight</key>
        <styleUrl>#poly-F57C00-1200-117-nodesc-highlight</styleUrl>
      </Pair>
    </StyleMap>
    <Style id="poly-F57C00-1200-120-nodesc-normal">
      <LineStyle>
        <color>ff007cf5</color>
        <width>1.2</width>
      </LineStyle>
      <PolyStyle>
        <color>78007cf5</color>
        <fill>1</fill>
        <outline>1</outline>
      </PolyStyle>
      <BalloonStyle>
        <text><![CDATA[<h3>$[name]</h3>]]></text>
      </BalloonStyle>
    </Style>
    <Style id="poly-F57C00-1200-120-nodesc-highlight">
      <LineStyle>
        <color>ff007cf5</color>
        <width>1.8</width>
      </LineStyle>
      <PolyStyle>
        <color>78007cf5</color>
        <fill>1</fill>
        <outline>1</outline>
      </PolyStyle>
      <BalloonStyle>
        <text><![CDATA[<h3>$[name]</h3>]]></text>
      </BalloonStyle>
    </Style>
    <StyleMap id="poly-F57C00-1200-120-nodesc">
      <Pair>
        <key>normal</key>
        <styleUrl>#poly-F57C00-1200-120-nodesc-normal</styleUrl>
      </Pair>
      <Pair>
        <key>highlight</key>
        <styleUrl>#poly-F57C00-1200-120-nodesc-highlight</styleUrl>
      </Pair>
    </StyleMap>
    <Style id="poly-F57C00-1200-125-normal">
      <LineStyle>
        <color>ff007cf5</color>
        <width>1.2</width>
      </LineStyle>
      <PolyStyle>
        <color>7d007cf5</color>
        <fill>1</fill>
        <outline>1</outline>
      </PolyStyle>
    </Style>
    <Style id="poly-F57C00-1200-125-highlight">
      <LineStyle>
        <color>ff007cf5</color>
        <width>1.8</width>
      </LineStyle>
      <PolyStyle>
        <color>7d007cf5</color>
        <fill>1</fill>
        <outline>1</outline>
      </PolyStyle>
    </Style>
    <StyleMap id="poly-F57C00-1200-125">
      <Pair>
        <key>normal</key>
        <styleUrl>#poly-F57C00-1200-125-normal</styleUrl>
      </Pair>
      <Pair>
        <key>highlight</key>
        <styleUrl>#poly-F57C00-1200-125-highlight</styleUrl>
      </Pair>
    </StyleMap>
    <Style id="poly-F57C00-1200-125-nodesc-normal">
      <LineStyle>
        <color>ff007cf5</color>
        <width>1.2</width>
      </LineStyle>
      <PolyStyle>
        <color>7d007cf5</color>
        <fill>1</fill>
        <outline>1</outline>
      </PolyStyle>
      <BalloonStyle>
        <text><![CDATA[<h3>$[name]</h3>]]></text>
      </BalloonStyle>
    </Style>
    <Style id="poly-F57C00-1200-125-nodesc-highlight">
      <LineStyle>
        <color>ff007cf5</color>
        <width>1.8</width>
      </LineStyle>
      <PolyStyle>
        <color>7d007cf5</color>
        <fill>1</fill>
        <outline>1</outline>
      </PolyStyle>
      <BalloonStyle>
        <text><![CDATA[<h3>$[name]</h3>]]></text>
      </BalloonStyle>
    </Style>
    <StyleMap id="poly-F57C00-1200-125-nodesc">
      <Pair>
        <key>normal</key>
        <styleUrl>#poly-F57C00-1200-125-nodesc-normal</styleUrl>
      </Pair>
      <Pair>
        <key>highlight</key>
        <styleUrl>#poly-F57C00-1200-125-nodesc-highlight</styleUrl>
      </Pair>
    </StyleMap>
    <Style id="poly-F57C00-1200-128-normal">
      <LineStyle>
        <color>ff007cf5</color>
        <width>1.2</width>
      </LineStyle>
      <PolyStyle>
        <color>80007cf5</color>
        <fill>1</fill>
        <outline>1</outline>
      </PolyStyle>
    </Style>
    <Style id="poly-F57C00-1200-128-highlight">
      <LineStyle>
        <color>ff007cf5</color>
        <width>1.8</width>
      </LineStyle>
      <PolyStyle>
        <color>80007cf5</color>
        <fill>1</fill>
        <outline>1</outline>
      </PolyStyle>
    </Style>
    <StyleMap id="poly-F57C00-1200-128">
      <Pair>
        <key>normal</key>
        <styleUrl>#poly-F57C00-1200-128-normal</styleUrl>
      </Pair>
      <Pair>
        <key>highlight</key>
        <styleUrl>#poly-F57C00-1200-128-highlight</styleUrl>
      </Pair>
    </StyleMap>
    <Style id="poly-F57C00-1200-130-normal">
      <LineStyle>
        <color>ff007cf5</color>
        <width>1.2</width>
      </LineStyle>
      <PolyStyle>
        <color>82007cf5</color>
        <fill>1</fill>
        <outline>1</outline>
      </PolyStyle>
    </Style>
    <Style id="poly-F57C00-1200-130-highlight">
      <LineStyle>
        <color>ff007cf5</color>
        <width>1.8</width>
      </LineStyle>
      <PolyStyle>
        <color>82007cf5</color>
        <fill>1</fill>
        <outline>1</outline>
      </PolyStyle>
    </Style>
    <StyleMap id="poly-F57C00-1200-130">
      <Pair>
        <key>normal</key>
        <styleUrl>#poly-F57C00-1200-130-normal</styleUrl>
      </Pair>
      <Pair>
        <key>highlight</key>
        <styleUrl>#poly-F57C00-1200-130-highlight</styleUrl>
      </Pair>
    </StyleMap>
    <Style id="poly-F57C00-1200-138-nodesc-normal">
      <LineStyle>
        <color>ff007cf5</color>
        <width>1.2</width>
      </LineStyle>
      <PolyStyle>
        <color>8a007cf5</color>
        <fill>1</fill>
        <outline>1</outline>
      </PolyStyle>
      <BalloonStyle>
        <text><![CDATA[<h3>$[name]</h3>]]></text>
      </BalloonStyle>
    </Style>
    <Style id="poly-F57C00-1200-138-nodesc-highlight">
      <LineStyle>
        <color>ff007cf5</color>
        <width>1.8</width>
      </LineStyle>
      <PolyStyle>
        <color>8a007cf5</color>
        <fill>1</fill>
        <outline>1</outline>
      </PolyStyle>
      <BalloonStyle>
        <text><![CDATA[<h3>$[name]</h3>]]></text>
      </BalloonStyle>
    </Style>
    <StyleMap id="poly-F57C00-1200-138-nodesc">
      <Pair>
        <key>normal</key>
        <styleUrl>#poly-F57C00-1200-138-nodesc-normal</styleUrl>
      </Pair>
      <Pair>
        <key>highlight</key>
        <styleUrl>#poly-F57C00-1200-138-nodesc-highlight</styleUrl>
      </Pair>
    </StyleMap>
    <Style id="poly-F57C00-1200-143-normal">
      <LineStyle>
        <color>ff007cf5</color>
        <width>1.2</width>
      </LineStyle>
      <PolyStyle>
        <color>8f007cf5</color>
        <fill>1</fill>
        <outline>1</outline>
      </PolyStyle>
    </Style>
    <Style id="poly-F57C00-1200-143-highlight">
      <LineStyle>
        <color>ff007cf5</color>
        <width>1.8</width>
      </LineStyle>
      <PolyStyle>
        <color>8f007cf5</color>
        <fill>1</fill>
        <outline>1</outline>
      </PolyStyle>
    </Style>
    <StyleMap id="poly-F57C00-1200-143">
      <Pair>
        <key>normal</key>
        <styleUrl>#poly-F57C00-1200-143-normal</styleUrl>
      </Pair>
      <Pair>
        <key>highlight</key>
        <styleUrl>#poly-F57C00-1200-143-highlight</styleUrl>
      </Pair>
    </StyleMap>
    <Style id="poly-F57C00-1200-153-normal">
      <LineStyle>
        <color>ff007cf5</color>
        <width>1.2</width>
      </LineStyle>
      <PolyStyle>
        <color>99007cf5</color>
        <fill>1</fill>
        <outline>1</outline>
      </PolyStyle>
    </Style>
    <Style id="poly-F57C00-1200-153-highlight">
      <LineStyle>
        <color>ff007cf5</color>
        <width>1.8</width>
      </LineStyle>
      <PolyStyle>
        <color>99007cf5</color>
        <fill>1</fill>
        <outline>1</outline>
      </PolyStyle>
    </Style>
    <StyleMap id="poly-F57C00-1200-153">
      <Pair>
        <key>normal</key>
        <styleUrl>#poly-F57C00-1200-153-normal</styleUrl>
      </Pair>
      <Pair>
        <key>highlight</key>
        <styleUrl>#poly-F57C00-1200-153-highlight</styleUrl>
      </Pair>
    </StyleMap>
    <Style id="poly-F57C00-1200-166-normal">
      <LineStyle>
        <color>ff007cf5</color>
        <width>1.2</width>
      </LineStyle>
      <PolyStyle>
        <color>a6007cf5</color>
        <fill>1</fill>
        <outline>1</outline>
      </PolyStyle>
    </Style>
    <Style id="poly-F57C00-1200-166-highlight">
      <LineStyle>
        <color>ff007cf5</color>
        <width>1.8</width>
      </LineStyle>
      <PolyStyle>
        <color>a6007cf5</color>
        <fill>1</fill>
        <outline>1</outline>
      </PolyStyle>
    </Style>
    <StyleMap id="poly-F57C00-1200-166">
      <Pair>
        <key>normal</key>
        <styleUrl>#poly-F57C00-1200-166-normal</styleUrl>
      </Pair>
      <Pair>
        <key>highlight</key>
        <styleUrl>#poly-F57C00-1200-166-highlight</styleUrl>
      </Pair>
    </StyleMap>
    <Style id="poly-F57C00-1200-179-normal">
      <LineStyle>
        <color>ff007cf5</color>
        <width>1.2</width>
      </LineStyle>
      <PolyStyle>
        <color>b3007cf5</color>
        <fill>1</fill>
        <outline>1</outline>
      </PolyStyle>
    </Style>
    <Style id="poly-F57C00-1200-179-highlight">
      <LineStyle>
        <color>ff007cf5</color>
        <width>1.8</width>
      </LineStyle>
      <PolyStyle>
        <color>b3007cf5</color>
        <fill>1</fill>
        <outline>1</outline>
      </PolyStyle>
    </Style>
    <StyleMap id="poly-F57C00-1200-179">
      <Pair>
        <key>normal</key>
        <styleUrl>#poly-F57C00-1200-179-normal</styleUrl>
      </Pair>
      <Pair>
        <key>highlight</key>
        <styleUrl>#poly-F57C00-1200-179-highlight</styleUrl>
      </Pair>
    </StyleMap>
    <Style id="poly-F57C00-1200-189-normal">
      <LineStyle>
        <color>ff007cf5</color>
        <width>1.2</width>
      </LineStyle>
      <PolyStyle>
        <color>bd007cf5</color>
        <fill>1</fill>
        <outline>1</outline>
      </PolyStyle>
    </Style>
    <Style id="poly-F57C00-1200-189-highlight">
      <LineStyle>
        <color>ff007cf5</color>
        <width>1.8</width>
      </LineStyle>
      <PolyStyle>
        <color>bd007cf5</color>
        <fill>1</fill>
        <outline>1</outline>
      </PolyStyle>
    </Style>
    <StyleMap id="poly-F57C00-1200-189">
      <Pair>
        <key>normal</key>
        <styleUrl>#poly-F57C00-1200-189-normal</styleUrl>
      </Pair>
      <Pair>
        <key>highlight</key>
        <styleUrl>#poly-F57C00-1200-189-highlight</styleUrl>
      </Pair>
    </StyleMap>
    <Style id="poly-F57C00-1200-217-normal">
      <LineStyle>
        <color>ff007cf5</color>
        <width>1.2</width>
      </LineStyle>
      <PolyStyle>
        <color>d9007cf5</color>
        <fill>1</fill>
        <outline>1</outline>
      </PolyStyle>
    </Style>
    <Style id="poly-F57C00-1200-217-highlight">
      <LineStyle>
        <color>ff007cf5</color>
        <width>1.8</width>
      </LineStyle>
      <PolyStyle>
        <color>d9007cf5</color>
        <fill>1</fill>
        <outline>1</outline>
      </PolyStyle>
    </Style>
    <StyleMap id="poly-F57C00-1200-217">
      <Pair>
        <key>normal</key>
        <styleUrl>#poly-F57C00-1200-217-normal</styleUrl>
      </Pair>
      <Pair>
        <key>highlight</key>
        <styleUrl>#poly-F57C00-1200-217-highlight</styleUrl>
      </Pair>
    </StyleMap>
    <Style id="poly-F57C00-1200-77-normal">
      <LineStyle>
        <color>ff007cf5</color>
        <width>1.2</width>
      </LineStyle>
      <PolyStyle>
        <color>4d007cf5</color>
        <fill>1</fill>
        <outline>1</outline>
      </PolyStyle>
    </Style>
    <Style id="poly-F57C00-1200-77-highlight">
      <LineStyle>
        <color>ff007cf5</color>
        <width>1.8</width>
      </LineStyle>
      <PolyStyle>
        <color>4d007cf5</color>
        <fill>1</fill>
        <outline>1</outline>
      </PolyStyle>
    </Style>
    <StyleMap id="poly-F57C00-1200-77">
      <Pair>
        <key>normal</key>
        <styleUrl>#poly-F57C00-1200-77-normal</styleUrl>
      </Pair>
      <Pair>
        <key>highlight</key>
        <styleUrl>#poly-F57C00-1200-77-highlight</styleUrl>
      </Pair>
    </StyleMap>
    <Style id="poly-F57C00-1200-77-nodesc-normal">
      <LineStyle>
        <color>ff007cf5</color>
        <width>1.2</width>
      </LineStyle>
      <PolyStyle>
        <color>4d007cf5</color>
        <fill>1</fill>
        <outline>1</outline>
      </PolyStyle>
      <BalloonStyle>
        <text><![CDATA[<h3>$[name]</h3>]]></text>
      </BalloonStyle>
    </Style>
    <Style id="poly-F57C00-1200-77-nodesc-highlight">
      <LineStyle>
        <color>ff007cf5</color>
        <width>1.8</width>
      </LineStyle>
      <PolyStyle>
        <color>4d007cf5</color>
        <fill>1</fill>
        <outline>1</outline>
      </PolyStyle>
      <BalloonStyle>
        <text><![CDATA[<h3>$[name]</h3>]]></text>
      </BalloonStyle>
    </Style>
    <StyleMap id="poly-F57C00-1200-77-nodesc">
      <Pair>
        <key>normal</key>
        <styleUrl>#poly-F57C00-1200-77-nodesc-normal</styleUrl>
      </Pair>
      <Pair>
        <key>highlight</key>
        <styleUrl>#poly-F57C00-1200-77-nodesc-highlight</styleUrl>
      </Pair>
    </StyleMap>
    <Style id="poly-F57C00-1200-92-nodesc-normal">
      <LineStyle>
        <color>ff007cf5</color>
        <width>1.2</width>
      </LineStyle>
      <PolyStyle>
        <color>5c007cf5</color>
        <fill>1</fill>
        <outline>1</outline>
      </PolyStyle>
      <BalloonStyle>
        <text><![CDATA[<h3>$[name]</h3>]]></text>
      </BalloonStyle>
    </Style>
    <Style id="poly-F57C00-1200-92-nodesc-highlight">
      <LineStyle>
        <color>ff007cf5</color>
        <width>1.8</width>
      </LineStyle>
      <PolyStyle>
        <color>5c007cf5</color>
        <fill>1</fill>
        <outline>1</outline>
      </PolyStyle>
      <BalloonStyle>
        <text><![CDATA[<h3>$[name]</h3>]]></text>
      </BalloonStyle>
    </Style>
    <StyleMap id="poly-F57C00-1200-92-nodesc">
      <Pair>
        <key>normal</key>
        <styleUrl>#poly-F57C00-1200-92-nodesc-normal</styleUrl>
      </Pair>
      <Pair>
        <key>highlight</key>
        <styleUrl>#poly-F57C00-1200-92-nodesc-highlight</styleUrl>
      </Pair>
    </StyleMap>
    <Style id="poly-F9A825-1-135-nodesc-normal">
      <LineStyle>
        <color>ff25a8f9</color>
        <width>0.001</width>
      </LineStyle>
      <PolyStyle>
        <color>8725a8f9</color>
        <fill>1</fill>
        <outline>1</outline>
      </PolyStyle>
      <BalloonStyle>
        <text><![CDATA[<h3>$[name]</h3>]]></text>
      </BalloonStyle>
    </Style>
    <Style id="poly-F9A825-1-135-nodesc-highlight">
      <LineStyle>
        <color>ff25a8f9</color>
        <width>0.0015</width>
      </LineStyle>
      <PolyStyle>
        <color>8725a8f9</color>
        <fill>1</fill>
        <outline>1</outline>
      </PolyStyle>
      <BalloonStyle>
        <text><![CDATA[<h3>$[name]</h3>]]></text>
      </BalloonStyle>
    </Style>
    <StyleMap id="poly-F9A825-1-135-nodesc">
      <Pair>
        <key>normal</key>
        <styleUrl>#poly-F9A825-1-135-nodesc-normal</styleUrl>
      </Pair>
      <Pair>
        <key>highlight</key>
        <styleUrl>#poly-F9A825-1-135-nodesc-highlight</styleUrl>
      </Pair>
    </StyleMap>
    <Style id="poly-F9A825-1200-115-nodesc-normal">
      <LineStyle>
        <color>ff25a8f9</color>
        <width>1.2</width>
      </LineStyle>
      <PolyStyle>
        <color>7325a8f9</color>
        <fill>1</fill>
        <outline>1</outline>
      </PolyStyle>
      <BalloonStyle>
        <text><![CDATA[<h3>$[name]</h3>]]></text>
      </BalloonStyle>
    </Style>
    <Style id="poly-F9A825-1200-115-nodesc-highlight">
      <LineStyle>
        <color>ff25a8f9</color>
        <width>1.8</width>
      </LineStyle>
      <PolyStyle>
        <color>7325a8f9</color>
        <fill>1</fill>
        <outline>1</outline>
      </PolyStyle>
      <BalloonStyle>
        <text><![CDATA[<h3>$[name]</h3>]]></text>
      </BalloonStyle>
    </Style>
    <StyleMap id="poly-F9A825-1200-115-nodesc">
      <Pair>
        <key>normal</key>
        <styleUrl>#poly-F9A825-1200-115-nodesc-normal</styleUrl>
      </Pair>
      <Pair>
        <key>highlight</key>
        <styleUrl>#poly-F9A825-1200-115-nodesc-highlight</styleUrl>
      </Pair>
    </StyleMap>
    <Style id="poly-F9A825-1200-128-normal">
      <LineStyle>
        <color>ff25a8f9</color>
        <width>1.2</width>
      </LineStyle>
      <PolyStyle>
        <color>8025a8f9</color>
        <fill>1</fill>
        <outline>1</outline>
      </PolyStyle>
    </Style>
    <Style id="poly-F9A825-1200-128-highlight">
      <LineStyle>
        <color>ff25a8f9</color>
        <width>1.8</width>
      </LineStyle>
      <PolyStyle>
        <color>8025a8f9</color>
        <fill>1</fill>
        <outline>1</outline>
      </PolyStyle>
    </Style>
    <StyleMap id="poly-F9A825-1200-128">
      <Pair>
        <key>normal</key>
        <styleUrl>#poly-F9A825-1200-128-normal</styleUrl>
      </Pair>
      <Pair>
        <key>highlight</key>
        <styleUrl>#poly-F9A825-1200-128-highlight</styleUrl>
      </Pair>
    </StyleMap>
    <Style id="poly-F9A825-1200-145-nodesc-normal">
      <LineStyle>
        <color>ff25a8f9</color>
        <width>1.2</width>
      </LineStyle>
      <PolyStyle>
        <color>9125a8f9</color>
        <fill>1</fill>
        <outline>1</outline>
      </PolyStyle>
      <BalloonStyle>
        <text><![CDATA[<h3>$[name]</h3>]]></text>
      </BalloonStyle>
    </Style>
    <Style id="poly-F9A825-1200-145-nodesc-highlight">
      <LineStyle>
        <color>ff25a8f9</color>
        <width>1.8</width>
      </LineStyle>
      <PolyStyle>
        <color>9125a8f9</color>
        <fill>1</fill>
        <outline>1</outline>
      </PolyStyle>
      <BalloonStyle>
        <text><![CDATA[<h3>$[name]</h3>]]></text>
      </BalloonStyle>
    </Style>
    <StyleMap id="poly-F9A825-1200-145-nodesc">
      <Pair>
        <key>normal</key>
        <styleUrl>#poly-F9A825-1200-145-nodesc-normal</styleUrl>
      </Pair>
      <Pair>
        <key>highlight</key>
        <styleUrl>#poly-F9A825-1200-145-nodesc-highlight</styleUrl>
      </Pair>
    </StyleMap>
    <Style id="poly-F9A825-1200-148-normal">
      <LineStyle>
        <color>ff25a8f9</color>
        <width>1.2</width>
      </LineStyle>
      <PolyStyle>
        <color>9425a8f9</color>
        <fill>1</fill>
        <outline>1</outline>
      </PolyStyle>
    </Style>
    <Style id="poly-F9A825-1200-148-highlight">
      <LineStyle>
        <color>ff25a8f9</color>
        <width>1.8</width>
      </LineStyle>
      <PolyStyle>
        <color>9425a8f9</color>
        <fill>1</fill>
        <outline>1</outline>
      </PolyStyle>
    </Style>
    <StyleMap id="poly-F9A825-1200-148">
      <Pair>
        <key>normal</key>
        <styleUrl>#poly-F9A825-1200-148-normal</styleUrl>
      </Pair>
      <Pair>
        <key>highlight</key>
        <styleUrl>#poly-F9A825-1200-148-highlight</styleUrl>
      </Pair>
    </StyleMap>
    <Style id="poly-F9A825-1200-184-nodesc-normal">
      <LineStyle>
        <color>ff25a8f9</color>
        <width>1.2</width>
      </LineStyle>
      <PolyStyle>
        <color>b825a8f9</color>
        <fill>1</fill>
        <outline>1</outline>
      </PolyStyle>
      <BalloonStyle>
        <text><![CDATA[<h3>$[name]</h3>]]></text>
      </BalloonStyle>
    </Style>
    <Style id="poly-F9A825-1200-184-nodesc-highlight">
      <LineStyle>
        <color>ff25a8f9</color>
        <width>1.8</width>
      </LineStyle>
      <PolyStyle>
        <color>b825a8f9</color>
        <fill>1</fill>
        <outline>1</outline>
      </PolyStyle>
      <BalloonStyle>
        <text><![CDATA[<h3>$[name]</h3>]]></text>
      </BalloonStyle>
    </Style>
    <StyleMap id="poly-F9A825-1200-184-nodesc">
      <Pair>
        <key>normal</key>
        <styleUrl>#poly-F9A825-1200-184-nodesc-normal</styleUrl>
      </Pair>
      <Pair>
        <key>highlight</key>
        <styleUrl>#poly-F9A825-1200-184-nodesc-highlight</styleUrl>
      </Pair>
    </StyleMap>
    <Style id="poly-F9A825-1200-77-nodesc-normal">
      <LineStyle>
        <color>ff25a8f9</color>
        <width>1.2</width>
      </LineStyle>
      <PolyStyle>
        <color>4d25a8f9</color>
        <fill>1</fill>
        <outline>1</outline>
      </PolyStyle>
      <BalloonStyle>
        <text><![CDATA[<h3>$[name]</h3>]]></text>
      </BalloonStyle>
    </Style>
    <Style id="poly-F9A825-1200-77-nodesc-highlight">
      <LineStyle>
        <color>ff25a8f9</color>
        <width>1.8</width>
      </LineStyle>
      <PolyStyle>
        <color>4d25a8f9</color>
        <fill>1</fill>
        <outline>1</outline>
      </PolyStyle>
      <BalloonStyle>
        <text><![CDATA[<h3>$[name]</h3>]]></text>
      </BalloonStyle>
    </Style>
    <StyleMap id="poly-F9A825-1200-77-nodesc">
      <Pair>
        <key>normal</key>
        <styleUrl>#poly-F9A825-1200-77-nodesc-normal</styleUrl>
      </Pair>
      <Pair>
        <key>highlight</key>
        <styleUrl>#poly-F9A825-1200-77-nodesc-highlight</styleUrl>
      </Pair>
    </StyleMap>
    <Style id="poly-F9A825-1200-79-nodesc-normal">
      <LineStyle>
        <color>ff25a8f9</color>
        <width>1.2</width>
      </LineStyle>
      <PolyStyle>
        <color>4f25a8f9</color>
        <fill>1</fill>
        <outline>1</outline>
      </PolyStyle>
      <BalloonStyle>
        <text><![CDATA[<h3>$[name]</h3>]]></text>
      </BalloonStyle>
    </Style>
    <Style id="poly-F9A825-1200-79-nodesc-highlight">
      <LineStyle>
        <color>ff25a8f9</color>
        <width>1.8</width>
      </LineStyle>
      <PolyStyle>
        <color>4f25a8f9</color>
        <fill>1</fill>
        <outline>1</outline>
      </PolyStyle>
      <BalloonStyle>
        <text><![CDATA[<h3>$[name]</h3>]]></text>
      </BalloonStyle>
    </Style>
    <StyleMap id="poly-F9A825-1200-79-nodesc">
      <Pair>
        <key>normal</key>
        <styleUrl>#poly-F9A825-1200-79-nodesc-normal</styleUrl>
      </Pair>
      <Pair>
        <key>highlight</key>
        <styleUrl>#poly-F9A825-1200-79-nodesc-highlight</styleUrl>
      </Pair>
    </StyleMap>
    <Style id="poly-FBC02D-1200-171-normal">
      <LineStyle>
        <color>ff2dc0fb</color>
        <width>1.2</width>
      </LineStyle>
      <PolyStyle>
        <color>ab2dc0fb</color>
        <fill>1</fill>
        <outline>1</outline>
      </PolyStyle>
    </Style>
    <Style id="poly-FBC02D-1200-171-highlight">
      <LineStyle>
        <color>ff2dc0fb</color>
        <width>1.8</width>
      </LineStyle>
      <PolyStyle>
        <color>ab2dc0fb</color>
        <fill>1</fill>
        <outline>1</outline>
      </PolyStyle>
    </Style>
    <StyleMap id="poly-FBC02D-1200-171">
      <Pair>
        <key>normal</key>
        <styleUrl>#poly-FBC02D-1200-171-normal</styleUrl>
      </Pair>
      <Pair>
        <key>highlight</key>
        <styleUrl>#poly-FBC02D-1200-171-highlight</styleUrl>
      </Pair>
    </StyleMap>
    <Style id="poly-FFD600-1200-77-normal">
      <LineStyle>
        <color>ff00d6ff</color>
        <width>1.2</width>
      </LineStyle>
      <PolyStyle>
        <color>4d00d6ff</color>
        <fill>1</fill>
        <outline>1</outline>
      </PolyStyle>
    </Style>
    <Style id="poly-FFD600-1200-77-highlight">
      <LineStyle>
        <color>ff00d6ff</color>
        <width>1.8</width>
      </LineStyle>
      <PolyStyle>
        <color>4d00d6ff</color>
        <fill>1</fill>
        <outline>1</outline>
      </PolyStyle>
    </Style>
    <StyleMap id="poly-FFD600-1200-77">
      <Pair>
        <key>normal</key>
        <styleUrl>#poly-FFD600-1200-77-normal</styleUrl>
      </Pair>
      <Pair>
        <key>highlight</key>
        <styleUrl>#poly-FFD600-1200-77-highlight</styleUrl>
      </Pair>
    </StyleMap>
    <Style id="poly-FFD600-1200-77-nodesc-normal">
      <LineStyle>
        <color>ff00d6ff</color>
        <width>1.2</width>
      </LineStyle>
      <PolyStyle>
        <color>4d00d6ff</color>
        <fill>1</fill>
        <outline>1</outline>
      </PolyStyle>
      <BalloonStyle>
        <text><![CDATA[<h3>$[name]</h3>]]></text>
      </BalloonStyle>
    </Style>
    <Style id="poly-FFD600-1200-77-nodesc-highlight">
      <LineStyle>
        <color>ff00d6ff</color>
        <width>1.8</width>
      </LineStyle>
      <PolyStyle>
        <color>4d00d6ff</color>
        <fill>1</fill>
        <outline>1</outline>
      </PolyStyle>
      <BalloonStyle>
        <text><![CDATA[<h3>$[name]</h3>]]></text>
      </BalloonStyle>
    </Style>
    <StyleMap id="poly-FFD600-1200-77-nodesc">
      <Pair>
        <key>normal</key>
        <styleUrl>#poly-FFD600-1200-77-nodesc-normal</styleUrl>
      </Pair>
      <Pair>
        <key>highlight</key>
        <styleUrl>#poly-FFD600-1200-77-nodesc-highlight</styleUrl>
      </Pair>
    </StyleMap>
    <Style id="poly-FFEA00-1200-77-normal">
      <LineStyle>
        <color>ff00eaff</color>
        <width>1.2</width>
      </LineStyle>
      <PolyStyle>
        <color>4d00eaff</color>
        <fill>1</fill>
        <outline>1</outline>
      </PolyStyle>
    </Style>
    <Style id="poly-FFEA00-1200-77-highlight">
      <LineStyle>
        <color>ff00eaff</color>
        <width>1.8</width>
      </LineStyle>
      <PolyStyle>
        <color>4d00eaff</color>
        <fill>1</fill>
        <outline>1</outline>
      </PolyStyle>
    </Style>
    <StyleMap id="poly-FFEA00-1200-77">
      <Pair>
        <key>normal</key>
        <styleUrl>#poly-FFEA00-1200-77-normal</styleUrl>
      </Pair>
      <Pair>
        <key>highlight</key>
        <styleUrl>#poly-FFEA00-1200-77-highlight</styleUrl>
      </Pair>
    </StyleMap>
    <Folder>
      <name>FTTH RIBEIRÃO</name>
      <Placemark>
        <name>Rib Preto 14 e 15 - Alcans (ativ)
Limite: 5
Horário: Segunda à Sábado
08:00 até às 17:00 horas

Rib Preto 14 - Terceiros Flex (ativ)
Horario: 08:00 até às 17:00 horas
Limite: Verificar bloqueio informativo.
-------------------------------------------

Ribeirão Preto - Suporte 14
Limite: 07
Segunda à Segunda
</name>
        <styleUrl>#poly-673AB7-1200-77-nodesc</styleUrl>
        <Polygon>
          <outerBoundaryIs>
            <LinearRing>
              <tessellate>1</tessellate>
              <coordinates>
                -47.7732927,-21.1925138,0
                -47.7740867,-21.1935142,0
                -47.7727885,-21.1944494,0
                -47.7726598,-21.194562,0
                -47.7725363,-21.1944331,0
                -47.771428,-21.1930904,0
                -47.7706833,-21.1922011,0
                -47.7704066,-21.1918188,0
                -47.7699581,-21.1912615,0
                -47.7689806,-21.1919688,0
                -47.7686462,-21.1916097,0
                -47.7681589,-21.1919383,0
                -47.7630315,-21.1953792,0
                -47.7622839,-21.1946565,0
                -47.7615149,-21.1938539,0
                -47.7606951,-21.1940002,0
                -47.7600256,-21.1932663,0
                -47.7587508,-21.1933189,0
                -47.7580614,-21.1882717,0
                -47.7578907,-21.1852312,0
                -47.7591434,-21.1843176,0
                -47.7617478,-21.1842846,0
                -47.7629139,-21.1857768,0
                -47.7660112,-21.1853084,0
                -47.766834,-21.1863805,0
                -47.7673993,-21.1861321,0
                -47.7696094,-21.1859495,0
                -47.7702906,-21.1905712,0
                -47.7709961,-21.1904887,0
                -47.7716211,-21.1904212,0
                -47.7723131,-21.1913264,0
                -47.7732927,-21.1925138,0
              </coordinates>
            </LinearRing>
          </outerBoundaryIs>
          <innerBoundaryIs>
            <LinearRing>
              <tessellate>1</tessellate>
              <coordinates>
                -47.7673522,-21.1906336,0
                -47.7672663,-21.1904385,0
                -47.7676309,-21.1903721,0
                -47.7676794,-21.1905935,0
                -47.7676804,-21.1906257,0
                -47.7676403,-21.1906345,0
                -47.7673522,-21.1906336,0
              </coordinates>
            </LinearRing>
          </innerBoundaryIs>
        </Polygon>
      </Placemark>
      <Placemark>
        <name>Rib Preto 05 e 06 - Alcans (ativ)
Limite: 5
Horário: Segunda à Sábado
08:00 até às 17:00 horas

Rib Preto 05 - Terceiros Flex (ativ)
Horario: 08:00 até às 17:00 horas
Limite: Verificar bloqueio informativo.
-------------------------------------------

Ribeirão Preto - Suporte 05
Limite: 07
Horário: Segunda à Segunda

</name>
        <description><![CDATA[Antônio Marincek<br>Condomínio Bosque do Cerrado<br>Condomínio Tapajós<br>Condomínio Vitta Heitor Rigon 2<br>Condomínio Vitta Valentina Figueiredo<br>Condomínio Nicolau Viana (blocos AB,CD,EF e GH)<br>Condomínio João Goulart<br>Condomínio Paris <br>Valentina Figueiredo<br>Geraldo Correia de Carvalho<br>Parque dos Pinos<br>Jardim Silvio Passalacqua<br>Jardim Jandaia<br>Jardim Heitor Rigon<br>Jardim Herculano Fernandes]]></description>
        <styleUrl>#poly-673AB7-1200-110</styleUrl>
        <Polygon>
          <outerBoundaryIs>
            <LinearRing>
              <tessellate>1</tessellate>
              <coordinates>
                -47.8207864,-21.1266686,0
                -47.8199952,-21.1276017,0
                -47.8191665,-21.1282697,0
                -47.8177502,-21.1267286,0
                -47.8181096,-21.1264409,0
                -47.8186621,-21.1260781,0
                -47.81863,-21.1259654,0
                -47.8179218,-21.1251224,0
                -47.8188607,-21.1244067,0
                -47.8196975,-21.1251473,0
                -47.8191289,-21.1256777,0
                -47.8197941,-21.1264983,0
                -47.8203735,-21.1259679,0
                -47.8207864,-21.1266686,0
              </coordinates>
            </LinearRing>
          </outerBoundaryIs>
        </Polygon>
      </Placemark>
      <Placemark>
        <name>Rib Preto 14 e 15 - Alcans (ativ)
Limite: 5
Horário: Segunda à Sábado
08:00 até às 17:00 horas

Rib Preto 14 - Terceiros Flex (ativ)
Horario: 08:00 até às 17:00 horas
Limite: Verificar bloqueio informativo.
-------------------------------------------

Ribeirão Preto - Suporte 14
Limite: 07
Segunda à Segunda
</name>
        <styleUrl>#poly-673AB7-1200-77-nodesc</styleUrl>
        <Polygon>
          <outerBoundaryIs>
            <LinearRing>
              <tessellate>1</tessellate>
              <coordinates>
                -47.7469366,-21.1846653,0
                -47.7463895,-21.1859658,0
                -47.7463157,-21.1862384,0
                -47.7464673,-21.186421,0
                -47.7465665,-21.186506,0
                -47.7468616,-21.1867961,0
                -47.7471566,-21.1870962,0
                -47.747508,-21.1873713,0
                -47.7479076,-21.1875563,0
                -47.7471512,-21.1883867,0
                -47.7454775,-21.1873163,0
                -47.7382355,-21.1850655,0
                -47.7379439,-21.1850224,0
                -47.7376334,-21.1850693,0
                -47.7374141,-21.1850549,0
                -47.7372565,-21.1850355,0
                -47.7370715,-21.1865111,0
                -47.7381712,-21.1874189,0
                -47.7386995,-21.1877952,0
                -47.7388323,-21.1876933,0
                -47.7394452,-21.1881316,0
                -47.7404095,-21.1873051,0
                -47.7413711,-21.1862234,0
                -47.7422642,-21.1865611,0
                -47.742688,-21.1880166,0
                -47.7431601,-21.1925681,0
                -47.7417439,-21.1934584,0
                -47.7394694,-21.1915277,0
                -47.7375382,-21.1934884,0
                -47.735092,-21.1948488,0
                -47.7332574,-21.1956491,0
                -47.7329892,-21.1863059,0
                -47.7305216,-21.1862059,0
                -47.731809,-21.1842852,0
                -47.7330106,-21.1824645,0
                -47.7332896,-21.1803236,0
                -47.7354139,-21.1804637,0
                -47.7361649,-21.1797234,0
                -47.7365726,-21.1786829,0
                -47.7392119,-21.1780026,0
                -47.7412289,-21.1782827,0
                -47.7437931,-21.1810439,0
                -47.7446192,-21.1815441,0
                -47.7458852,-21.1829046,0
                -47.7461213,-21.183885,0
                -47.7469366,-21.1846653,0
              </coordinates>
            </LinearRing>
          </outerBoundaryIs>
        </Polygon>
      </Placemark>
      <Placemark>
        <name>Rib Preto 01 e 02 - Alcans (ativ)
Limite: 5
Horário: Segunda à Sábado
08:00 até às 17:00 horas

Rib Preto 01 - Terceiros Flex (ativ)
Horário: 08:00 até às 17:00 horas
Limite: Verificar bloqueio informativo.

Rib Preto 01 - Terceiros Comum (ativ)
Horário: 08:00 até às 17:00 horas
Limite: Verificar bloqueio informativo.
-------------------------------------------

Ribeirão Preto - Suporte 01
Limite: 07
Horário: Segunda à Segunda
</name>
        <description><![CDATA[Jardim Cristo Redentor<br>Parque das Oliveiras]]></description>
        <styleUrl>#poly-673AB7-1200-77</styleUrl>
        <Polygon>
          <outerBoundaryIs>
            <LinearRing>
              <tessellate>1</tessellate>
              <coordinates>
                -47.8382425,-21.117804,0
                -47.8392295,-21.1183845,0
                -47.8383498,-21.1198657,0
                -47.8388004,-21.1197656,0
                -47.8390364,-21.1200859,0
                -47.8395943,-21.1198857,0
                -47.8407959,-21.1204862,0
                -47.8403024,-21.1212868,0
                -47.838972,-21.1217872,0
                -47.8327922,-21.1181042,0
                -47.8332428,-21.1177039,0
                -47.8325777,-21.1151618,0
                -47.8338222,-21.1148415,0
                -47.8347556,-21.1153119,0
                -47.8346698,-21.1160725,0
                -47.8354637,-21.1157423,0
                -47.8371159,-21.1167431,0
                -47.8359572,-21.1181643,0
                -47.8363327,-21.1181242,0
                -47.8366439,-21.1185046,0
                -47.8378133,-21.1180742,0
                -47.838103,-21.117794,0
                -47.8382425,-21.117804,0
              </coordinates>
            </LinearRing>
          </outerBoundaryIs>
        </Polygon>
      </Placemark>
      <Placemark>
        <name>Rib Preto 05 e 06 - Alcans (ativ)
Limite: 5
Horário: Segunda à Sábado
08:00 até às 17:00 horas

Rib Preto 05 - Terceiros Flex (ativ)
Horario: 08:00 até às 17:00 horas
Limite: Verificar bloqueio informativo.
-------------------------------------------

Ribeirão Preto - Suporte 05
Limite: 07
Horário: Segunda à Segunda
</name>
        <description><![CDATA[Antônio Marincek<br>Condomínio Bosque do Cerrado<br>Condomínio Tapajós<br>Condomínio Vitta Heitor Rigon 2<br>Condomínio Vitta Valentina Figueiredo<br>Condomínio Nicolau Viana (blocos AB,CD,EF e GH)<br>Condomínio João Goulart<br>Condomínio Paris <br>Valentina Figueiredo<br>Geraldo Correia de Carvalho<br>Parque dos Pinos<br>Jardim Silvio Passalacqua<br>Jardim Jandaia<br>Jardim Heitor Rigon<br>Jardim Herculano Fernandes]]></description>
        <styleUrl>#poly-673AB7-1200-74</styleUrl>
        <Polygon>
          <outerBoundaryIs>
            <LinearRing>
              <tessellate>1</tessellate>
              <coordinates>
                -47.8142457,-21.1219626,0
                -47.8167455,-21.1231235,0
                -47.8180222,-21.1239541,0
                -47.8177755,-21.1245846,0
                -47.8178076,-21.1251451,0
                -47.8151684,-21.1272117,0
                -47.8123574,-21.1292782,0
                -47.8094713,-21.1259557,0
                -47.8107159,-21.125035,0
                -47.8130548,-21.1231935,0
                -47.8142457,-21.1219626,0
              </coordinates>
            </LinearRing>
          </outerBoundaryIs>
        </Polygon>
      </Placemark>
      <Placemark>
        <name>Rib Preto 12 e 13 - Alcans (ativ)
Limite: 5
Horário: Segunda à Sábado
08:00 até às 17:00 horas

Rib Preto 13 - Terceiros Flex (ativ)
Horario: 08:00 até às 17:00 horas
Limite: Verificar bloqueio informativo.
-------------------------------------------

Ribeirão Preto - Suporte 13
Limite: 07
Segunda à Segunda
</name>
        <description><![CDATA[Recreio Anhanguera<br>Ribeirânia<br>Nova Ribeirânia<br>Condomínio Ribeirânia<br>Condomínio Clube Parque das Árvores<br>Condomínio Greenpark<br>Condomínio Jatobá<br>Condomínio Jardins de Florença<br>Condomínio Villagio Belluno<br>Condomínio Villagio Imola<br>Condomínio Reino da Escócia<br>Condomínio Reino da Inglaterra (Observação: blocos obstruídos 8,15,16,32,33,34,37 Não vender para esses blocos.<br>Parque Rosário do Sul<br>Parque Renascer<br>Parque Romanetto<br>Portofino Residencial<br>Recreio das Acácias<br>Residencial Jardins de Provence<br>Residencial Rejane<br>Res. Greenville<br>Jardim Manoel Penna]]></description>
        <styleUrl>#poly-673AB7-1200-79</styleUrl>
        <Polygon>
          <outerBoundaryIs>
            <LinearRing>
              <tessellate>1</tessellate>
              <coordinates>
                -47.7568182,-21.2086018,0
                -47.7570738,-21.2092759,0
                -47.7577801,-21.2091099,0
                -47.7579517,-21.2096074,0
                -47.7582199,-21.2119679,0
                -47.7587778,-21.2222795,0
                -47.7575118,-21.2221495,0
                -47.7557309,-21.2172688,0
                -47.7539606,-21.2177689,0
                -47.7527581,-21.2136504,0
                -47.7528206,-21.2135704,0
                -47.7527152,-21.2131978,0
                -47.7521864,-21.2117525,0
                -47.7520078,-21.21164,0
                -47.7516503,-21.2107235,0
                -47.7508278,-21.208765,0
                -47.7498766,-21.2073466,0
                -47.7502522,-21.2067965,0
                -47.7515933,-21.2065765,0
                -47.7530417,-21.2065464,0
                -47.7551525,-21.2068165,0
                -47.7556863,-21.2070566,0
                -47.7559841,-21.208023,0
                -47.7565768,-21.2078442,0
                -47.7568182,-21.2086018,0
              </coordinates>
            </LinearRing>
          </outerBoundaryIs>
        </Polygon>
      </Placemark>
      <Placemark>
        <name>Rib Preto 05 e 06 - Alcans (ativ)
Limite: 5
Horário: Segunda à Sábado
08:00 até às 17:00 horas

Rib Preto 06 - Terceiros Flex (ativ)
Horário: 08:00 até às 17:00 horas
Limite: Verificar bloqueio informativo.

Rib Preto 06 - Terceiros Comum (ativ)
Horário: 08:00 até às 17:00 horas
Limite: Verificar bloqueio informativo.
-------------------------------------------

Ribeirão Preto - Suporte 06
Limite: 07
Horário: Segunda à Segunda
</name>
        <description><![CDATA[Adelino Simioni<br>Avelino Alves Palma<br>Balneário Recreativa<br>Condomínio Bosque do Cerrado<br>Parque Industrial Avelino Alves Palma<br>Parque Industrial Tanquinho<br>Parque Industrial Cel. Quito Junqueira<br>Parque dos Sabias<br>Quintino Facci I<br>Quintino Facci II<br>Vila Brasil<br>Vila Carvalho<br>Vila Elisa <br>Chácaras Pedro Corrêa de Carvalho]]></description>
        <styleUrl>#poly-673AB7-1200-77</styleUrl>
        <Polygon>
          <outerBoundaryIs>
            <LinearRing>
              <tessellate>1</tessellate>
              <coordinates>
                -47.7858859,-21.1235115,0
                -47.7853065,-21.125413,0
                -47.7854567,-21.1269942,0
                -47.787431,-21.1308972,0
                -47.7798564,-21.1343597,0
                -47.7793146,-21.1330537,0
                -47.7761254,-21.1343822,0
                -47.7762166,-21.1343054,0
                -47.7783945,-21.1275704,0
                -47.779167,-21.1255389,0
                -47.779489,-21.1257091,0
                -47.780712,-21.1257491,0
                -47.7851967,-21.1237075,0
                -47.7858859,-21.1235115,0
              </coordinates>
            </LinearRing>
          </outerBoundaryIs>
        </Polygon>
      </Placemark>
      <Placemark>
        <name>Rib Preto 03 e 04 - Alcans (ativ)
Limite: 5
Horário: Segunda à Sábado
08:00 até às 17:00 horas

Rib Preto 04 - Terceiros Flex (ativ)
Horário: 08:00 até às 17:00 horas
Limite: Verificar bloqueio informativo.

Rib Preto 04 - Terceiros Comum (ativ)
Horário: 08:00 até às 17:00 horas
Limite: Verificar bloqueio informativo.
-------------------------------------------

Ribeirão Preto - Suporte 04
Limite: 07
Horário: Segunda à Segunda

</name>
        <description><![CDATA[Ipiranga <br>Vila Albertina]]></description>
        <styleUrl>#poly-673AB7-1200-77</styleUrl>
        <Polygon>
          <outerBoundaryIs>
            <LinearRing>
              <tessellate>1</tessellate>
              <coordinates>
                -47.8245819,-21.1398,0
                -47.8256669,-21.1397021,0
                -47.8262261,-21.1405149,0
                -47.8263508,-21.1406471,0
                -47.8260088,-21.1410996,0
                -47.8254456,-21.1415443,0
                -47.8253436,-21.1416688,0
                -47.825526,-21.1418802,0
                -47.8257514,-21.1421366,0
                -47.8261751,-21.1426269,0
                -47.8278435,-21.1445832,0
                -47.8267371,-21.1457135,0
                -47.8255395,-21.1466686,0
                -47.8257299,-21.1468678,0
                -47.8254188,-21.1468909,0
                -47.8252122,-21.1466714,0
                -47.8251345,-21.1467271,0
                -47.824775,-21.1470047,0
                -47.8241528,-21.1470047,0
                -47.8134238,-21.1554639,0
                -47.8124135,-21.1542749,0
                -47.8122955,-21.1544951,0
                -47.8117388,-21.1547701,0
                -47.8124267,-21.1569262,0
                -47.8123574,-21.1578727,0
                -47.8116739,-21.1581108,0
                -47.8111148,-21.1574721,0
                -47.8100551,-21.1549345,0
                -47.8097333,-21.1542091,0
                -47.808639,-21.1519278,0
                -47.8101249,-21.1508071,0
                -47.8098942,-21.1505219,0
                -47.8092076,-21.1507195,0
                -47.8085531,-21.1490022,0
                -47.8080113,-21.1483137,0
                -47.8072066,-21.1476601,0
                -47.8046907,-21.1455538,0
                -47.8042562,-21.1448633,0
                -47.8050135,-21.1443107,0
                -47.8052828,-21.1445386,0
                -47.8063406,-21.144066,0
                -47.8064757,-21.1440837,0
                -47.8066299,-21.1442248,0
                -47.806992,-21.1438564,0
                -47.8070725,-21.1437001,0
                -47.8068793,-21.1435175,0
                -47.8069706,-21.1434124,0
                -47.8074561,-21.1429571,0
                -47.8067775,-21.1419515,0
                -47.806697,-21.1417213,0
                -47.8156235,-21.1347465,0
                -47.816235,-21.1342962,0
                -47.8165569,-21.134046,0
                -47.818472,-21.1360425,0
                -47.8200076,-21.1348403,0
                -47.8194088,-21.134173,0
                -47.8198024,-21.1338608,0
                -47.8208214,-21.1349591,0
                -47.8218997,-21.134116,0
                -47.8224147,-21.1346364,0
                -47.822463,-21.1347515,0
                -47.8219159,-21.1357622,0
                -47.8225113,-21.1364877,0
                -47.8221733,-21.1369981,0
                -47.8245819,-21.1398,0
              </coordinates>
            </LinearRing>
          </outerBoundaryIs>
          <innerBoundaryIs>
            <LinearRing>
              <tessellate>1</tessellate>
              <coordinates>
                -47.8099727,-21.1504085,0
                -47.8092894,-21.1491694,0
                -47.8088347,-21.1486623,0
                -47.8086274,-21.1483713,0
                -47.8082538,-21.1485506,0
                -47.808011,-21.1481586,0
                -47.8083916,-21.1478416,0
                -47.8087238,-21.1475777,0
                -47.8090232,-21.1483008,0
                -47.809386,-21.1487364,0
                -47.8099291,-21.1494975,0
                -47.8103288,-21.1502793,0
                -47.8098942,-21.1505219,0
                -47.8099727,-21.1504085,0
              </coordinates>
            </LinearRing>
          </innerBoundaryIs>
        </Polygon>
      </Placemark>
      <Placemark>
        <name>Rib Preto 08 - Alcans (ativ)
Limite: 3
Horário: Segunda à Sábado
08:00 até às 17:00 horas
--------------------------------------------
Ribeirão Preto - Suporte 08
Limite: 07
Horário: Segunda à Segunda
</name>
        <description><![CDATA[Condomínio Residencial Florida<br>Edifício Teresópolis<br>COND VILABOIM<br>Condomínio Flórida<br>Condomínio Residencial Loft Ville<br>Edifício Matinatta<br>Edifício Raimundo Couto<br>Edifício Santa Maria<br>Condomínio Santa Clara<br>Condomínio Edifício Vila Luna]]></description>
        <styleUrl>#poly-673AB7-1200-77</styleUrl>
        <Polygon>
          <outerBoundaryIs>
            <LinearRing>
              <tessellate>1</tessellate>
              <coordinates>
                -47.8253416,-21.2028574,0
                -47.8260452,-21.2030675,0
                -47.8265366,-21.2032351,0
                -47.8264673,-21.2037628,0
                -47.8262735,-21.2041933,0
                -47.8266812,-21.2058937,0
                -47.8243852,-21.2089144,0
                -47.8238595,-21.2093345,0
                -47.8217244,-21.2106785,0
                -47.8214562,-21.2104429,0
                -47.8213703,-21.2104723,0
                -47.8213435,-21.2104848,0
                -47.8203457,-21.2091194,0
                -47.8195053,-21.2082087,0
                -47.8188187,-21.2086513,0
                -47.8186899,-21.2084237,0
                -47.8179443,-21.2087588,0
                -47.8180936,-21.2090966,0
                -47.8163376,-21.2097932,0
                -47.8162527,-21.2095545,0
                -47.8161776,-21.2086943,0
                -47.8147936,-21.2087993,0
                -47.8147561,-21.2081367,0
                -47.8154481,-21.207144,0
                -47.8161991,-21.2060437,0
                -47.8177333,-21.2050435,0
                -47.8191388,-21.2043033,0
                -47.8213383,-21.2037331,0
                -47.8220142,-21.2039732,0
                -47.8242166,-21.2025811,0
                -47.8245882,-21.2026097,0
                -47.824477,-21.2029884,0
                -47.8244664,-21.2031965,0
                -47.8244665,-21.2035096,0
                -47.8247241,-21.2034857,0
                -47.8247442,-21.2032359,0
                -47.8247539,-21.2030152,0
                -47.8248197,-21.2027062,0
                -47.8253416,-21.2028574,0
              </coordinates>
            </LinearRing>
          </outerBoundaryIs>
          <innerBoundaryIs>
            <LinearRing>
              <tessellate>1</tessellate>
              <coordinates>
                -47.8254721,-21.2030449,0
                -47.8254784,-21.2031665,0
                -47.8253416,-21.2028574,0
                -47.8254721,-21.2030449,0
              </coordinates>
            </LinearRing>
          </innerBoundaryIs>
          <innerBoundaryIs>
            <LinearRing>
              <tessellate>1</tessellate>
              <coordinates>
                -47.825483,-21.203177,0
                -47.8257564,-21.2032137,0
                -47.8259735,-21.2032541,0
                -47.8259836,-21.2033506,0
                -47.8259891,-21.2036738,0
                -47.8257398,-21.2036695,0
                -47.8255012,-21.2036101,0
                -47.8254784,-21.2031665,0
                -47.825483,-21.203177,0
              </coordinates>
            </LinearRing>
          </innerBoundaryIs>
        </Polygon>
      </Placemark>
      <Placemark>
        <name>Rib Preto 07 - Alcans (ativ)
Limite: 5
Horário: Segunda à Sábado
08:00 até às 17:00 horas

Rib Preto 07 - Terceiros Flex (ativ)
Horário: 08:00 até às 17:00 horas
Limite: Verificar bloqueio informativo.

Rib Preto 07 - Terceiros Comum (ativ)
Horário: 08:00 até às 17:00 horas
Limite: Verificar bloqueio informativo.
--------------------------------------------

Ribeirão Preto - Suporte 07
Limite: 07
Horário: Segunda à Segunda
</name>
        <description><![CDATA[Campos Elísios<br>Condomínio Vitta Campos Elíseos<br>Condomínio Residencial Atibaia<br>Condomínio Residencial Morada Tropical<br>Condomínio Residencial Vila Inglesa<br>Condomínio Residencial Letícia<br>Condomínio Edifício Jardim Macedo<br>Condomínio Edifício Rubi<br>Condomínio Edifício Indaia<br>Condomínio Edifício Portal Do Mosteiro<br>Condomínio Edifício Riviera<br>Condomínio Edifício Independência<br>Condomínio Edifício Santo Antônio<br>Condomínio Edifício Santa Luzia<br>Condomínio Edifício Maria Alves Zaparolli<br>Condomínio Edifício Mariana Goulart<br>Condomínio Edifício Noroega<br>Condomínio Edifício Vander Fregnani<br>Condomínio Edifício Zita Maffud Secaf<br>Condomínio Gris Residence<br>Edifício Residencial Sevilha<br>Edifício Residencial Cadiz<br>Condomínio Caxangá<br>Independência<br>Jardim Mosteiro<br>Jardim Paulistano<br>Jardim Paulista<br>Jardim Castelo Branco<br>Residencial São Luiz<br>Residencial Vitale<br>Parque dos Bandeirantes<br>Vila Tamandare<br>Vila Mariana ]]></description>
        <styleUrl>#poly-673AB7-1401-92</styleUrl>
        <Polygon>
          <outerBoundaryIs>
            <LinearRing>
              <tessellate>1</tessellate>
              <coordinates>
                -47.8044781,-21.1581995,0
                -47.8057548,-21.1598204,0
                -47.801592,-21.162752,0
                -47.8001757,-21.161001,0
                -47.8041669,-21.1578393,0
                -47.8044781,-21.1581995,0
              </coordinates>
            </LinearRing>
          </outerBoundaryIs>
        </Polygon>
      </Placemark>
      <Placemark>
        <name>Rib Preto 05 e 06 - Alcans (ativ)
Limite: 5
Horário: Segunda à Sábado
08:00 até às 17:00 horas

Rib Preto 05 - Terceiros Flex (ativ)
Horario: 08:00 até às 17:00 horas
Limite: Verificar bloqueio informativo.
-------------------------------------------

Ribeirão Preto - Suporte 05
Limite: 07
Horário: Segunda à Segunda
</name>
        <description><![CDATA[Antônio Marincek<br>Condomínio Bosque do Cerrado<br>Condomínio Tapajós<br>Condomínio Vitta Heitor Rigon 2<br>Condomínio Vitta Valentina Figueiredo<br>Condomínio Nicolau Viana (blocos AB,CD,EF e GH)<br>Condomínio João Goulart<br>Condomínio Paris <br>Valentina Figueiredo<br>Geraldo Correia de Carvalho<br>Parque dos Pinos<br>Jardim Silvio Passalacqua<br>Jardim Jandaia<br>Jardim Heitor Rigon<br>Jardim Herculano Fernandes]]></description>
        <styleUrl>#poly-673AB7-1200-99</styleUrl>
        <Polygon>
          <outerBoundaryIs>
            <LinearRing>
              <tessellate>1</tessellate>
              <coordinates>
                -47.8104022,-21.1272065,0
                -47.8125253,-21.1293456,0
                -47.8136829,-21.1306309,0
                -47.8148297,-21.1319262,0
                -47.8132834,-21.133316,0
                -47.8126475,-21.1337964,0
                -47.8115713,-21.1346424,0
                -47.8085462,-21.1368435,0
                -47.8043297,-21.13193,0
                -47.8042224,-21.1316498,0
                -47.8104022,-21.1272065,0
              </coordinates>
            </LinearRing>
          </outerBoundaryIs>
        </Polygon>
      </Placemark>
      <Placemark>
        <name>Rib Preto 14 e 15 - Alcans (ativ)
Limite: 5
Horário: Segunda à Sábado
08:00 até às 17:00 horas

Rib Preto 14 - Terceiros Flex (ativ)
Horario: 08:00 até às 17:00 horas
Limite: Verificar bloqueio informativo.
-------------------------------------------

Ribeirão Preto - Suporte 14
Limite: 07
Segunda à Segunda
</name>
        <description><![CDATA[Condomínio Ana Luiza<br>Condomínio Edifício Juliana<br>Condomínio Edifício Piauí<br>Condomínio Edifício Madre Paulina<br>Condomínio Edifício Millennium<br>Condomínio Fit Parque Lagoinha<br>Condomínio Residencial Atlanta<br>Condomínio Residencial Parque dos Tamarindos<br>Condomínio Reserva dos Lagos<br>Condomínio Parque Residence<br>Condomínio Palácio de Windsor<br>Condomínio Vitta Palmares<br>Condomínio Vitta Jardim Interlagos<br>Condomínio Vitta Recanto dos Lagos<br>Condomínio Vila das Flores<br>Condomínio Royal Garden<br>Condomínio Vida Plena<br>Condomínio Orfeu Paraventi Sobrinho<br>Condomínio Jardim Eldorado<br>Condomínio Royal Palace<br>Condomínio TopLife Orlando<br>Condomínio 200 A<br>Jardim Interlagos<br>Jardim Helena<br>Jardim Ângelo Jurca<br>Jardim Ouro Branco<br>Jardim Joquei Clube<br>Jardim Porto Seguro<br>Jardim Jose Figueira<br>Jardim do Trevo<br>Jardim Zara<br>Jardim Itapora<br>Edifício Scarpas<br>Residencial Rio das Flores<br>Residencial Parque dos Servidores<br>Res. E Comercial Palmares<br>Parque Rosa dos Ventos<br>Parque Anhanguera<br>Parque dos Lagos<br>Parque dos Flamboyans<br>Parque São Sebastião<br>Vila Abranches<br>Condomínio Rio Belaya<br>Conj. Hab Jardim das Palmeiras]]></description>
        <styleUrl>#poly-673AB7-1200-77</styleUrl>
        <Polygon>
          <outerBoundaryIs>
            <LinearRing>
              <tessellate>1</tessellate>
              <coordinates>
                -47.7544212,-21.16882,0
                -47.7537987,-21.1691605,0
                -47.7300667,-21.1637674,0
                -47.7309036,-21.1684198,0
                -47.7270841,-21.1699206,0
                -47.72673,-21.1699205,0
                -47.7242195,-21.172992,0
                -47.7240371,-21.1728219,0
                -47.7219772,-21.1715413,0
                -47.7204376,-21.1692151,0
                -47.7218913,-21.166739,0
                -47.7251529,-21.1680196,0
                -47.7265691,-21.1691902,0
                -47.7270841,-21.1676394,0
                -47.7271887,-21.1667164,0
                -47.7256196,-21.1643527,0
                -47.7238118,-21.163007,0
                -47.7255795,-21.1608234,0
                -47.7286345,-21.1590199,0
                -47.7307427,-21.1582645,0
                -47.7368699,-21.1563583,0
                -47.7381155,-21.156343,0
                -47.7403062,-21.1564925,0
                -47.7425418,-21.1571517,0
                -47.743773,-21.1578495,0
                -47.7447761,-21.1536621,0
                -47.7422977,-21.1544124,0
                -47.7419865,-21.1542322,0
                -47.744851,-21.1533316,0
                -47.7527475,-21.1508102,0
                -47.7527797,-21.1511404,0
                -47.7480536,-21.1526538,0
                -47.7474072,-21.1550427,0
                -47.7494322,-21.1555379,0
                -47.7494215,-21.1556329,0
                -47.7472114,-21.1553328,0
                -47.7460956,-21.1599354,0
                -47.7491855,-21.1631371,0
                -47.7485418,-21.1662187,0
                -47.753477,-21.1676194,0
                -47.7544212,-21.16882,0
              </coordinates>
            </LinearRing>
          </outerBoundaryIs>
        </Polygon>
      </Placemark>
      <Placemark>
        <name>Rib Preto 05 e 06 - Alcans (ativ)
Limite: 5
Horário: Segunda à Sábado
08:00 até às 17:00 horas

Rib Preto 06 - Terceiros Flex (ativ)
Horário: 08:00 até às 17:00 horas
Limite: Verificar bloqueio informativo.

Rib Preto 06 - Terceiros Comum (ativ)
Horário: 08:00 até às 17:00 horas
Limite: Verificar bloqueio informativo.
-------------------------------------------

Ribeirão Preto - Suporte 06
Limite: 07
Horário: Segunda à Segunda
</name>
        <description><![CDATA[Adelino Simioni<br>Avelino Alves Palma<br>Balneário Recreativa<br>Condomínio Bosque do Cerrado<br>Parque Industrial Avelino Alves Palma<br>Parque Industrial Tanquinho<br>Parque Industrial Cel. Quito Junqueira<br>Parque dos Sabias<br>Quintino Facci I<br>Quintino Facci II<br>Vila Brasil<br>Vila Carvalho<br>Vila Elisa<br>Chácaras Pedro Corrêa de Carvalho]]></description>
        <styleUrl>#poly-673AB7-1200-77</styleUrl>
        <Polygon>
          <outerBoundaryIs>
            <LinearRing>
              <tessellate>1</tessellate>
              <coordinates>
                -47.7948487,-21.1048678,0
                -47.7949559,-21.109532,0
                -47.7953207,-21.109532,0
                -47.7952778,-21.108451,0
                -47.7955353,-21.108411,0
                -47.7956855,-21.1134153,0
                -47.7954066,-21.1136355,0
                -47.7929389,-21.1135955,0
                -47.792896,-21.1131551,0
                -47.7927512,-21.109632,0
                -47.7922818,-21.1096871,0
                -47.7905022,-21.1097146,0
                -47.7903855,-21.109632,0
                -47.7902138,-21.1090515,0
                -47.7902996,-21.1049478,0
                -47.7948487,-21.1048678,0
              </coordinates>
            </LinearRing>
          </outerBoundaryIs>
        </Polygon>
      </Placemark>
      <Placemark>
        <name>Rib Preto 14 e 15 - Alcans (ativ)
Limite: 5
Horário: Segunda à Sábado
08:00 até às 17:00 horas

Rib Preto 14 - Terceiros Flex (ativ)
Horario: 08:00 até às 17:00 horas
Limite: Verificar bloqueio informativo.
-------------------------------------------

Ribeirão Preto - Suporte 14
Limite: 07
Segunda à Segunda
</name>
        <description><![CDATA[Jardim Jóquei Clube<br>Jardim Patriarca <br>Esplanada da Estação]]></description>
        <styleUrl>#poly-673AB7-1200-77</styleUrl>
        <Polygon>
          <outerBoundaryIs>
            <LinearRing>
              <tessellate>1</tessellate>
              <coordinates>
                -47.7690946,-21.154712,0
                -47.7693414,-21.1553899,0
                -47.7697674,-21.1568723,0
                -47.7703843,-21.158243,0
                -47.7667075,-21.1609255,0
                -47.7659136,-21.1593246,0
                -47.7646369,-21.1594447,0
                -47.7636927,-21.1574535,0
                -47.7640575,-21.1573536,0
                -47.7659779,-21.1568833,0
                -47.764787,-21.1536714,0
                -47.7635961,-21.1539316,0
                -47.7613538,-21.1540717,0
                -47.7598035,-21.1541467,0
                -47.7594119,-21.1541317,0
                -47.7593475,-21.1560228,0
                -47.7571374,-21.1559828,0
                -47.7577382,-21.1534413,0
                -47.7581673,-21.1510398,0
                -47.7593475,-21.1491987,0
                -47.7609568,-21.1487384,0
                -47.7622228,-21.1519604,0
                -47.7697974,-21.1492988,0
                -47.7703338,-21.149619,0
                -47.7713209,-21.1497591,0
                -47.7713424,-21.1535814,0
                -47.7713209,-21.1539816,0
                -47.7701836,-21.1544018,0
                -47.7697437,-21.1545119,0
                -47.7690946,-21.154712,0
              </coordinates>
            </LinearRing>
          </outerBoundaryIs>
          <innerBoundaryIs>
            <LinearRing>
              <tessellate>1</tessellate>
              <coordinates>
                -47.7688734,-21.1555263,0
                -47.7677375,-21.1559228,0
                -47.7675175,-21.1551773,0
                -47.7686683,-21.1548348,0
                -47.7688734,-21.1555263,0
              </coordinates>
            </LinearRing>
          </innerBoundaryIs>
          <innerBoundaryIs>
            <LinearRing>
              <tessellate>1</tessellate>
              <coordinates>
                -47.7644759,-21.1527809,0
                -47.7667906,-21.1521255,0
                -47.7670669,-21.152931,0
                -47.764787,-21.1536714,0
                -47.7644759,-21.1527809,0
              </coordinates>
            </LinearRing>
          </innerBoundaryIs>
        </Polygon>
      </Placemark>
      <Placemark>
        <name>Rib Preto 14 e 15 - Alcans (ativ)
Limite: 5
Horário: Segunda à Sábado
08:00 até às 17:00 horas

Rib Preto 15 - Terceiros Flex (ativ)
Horário: 08:00 até às 17:00 horas
Limite: Verificar bloqueio informativo.
-------------------------------------------

Ribeirão Preto - Suporte 15
Horário: Segunda à Segunda
Limite: 07
</name>
        <description><![CDATA[Ribeirão Verde<br>Condomínio Vitta Ribeirão Verde I, II e III<br>Condomínio Lar Itália<br>Condomínio Residencial Leblon<br>Condomínio Residencial Copacabana<br>Res. Léo Gomes de Moraes<br>Jardim Aeroporto<br>Jardim Salgado Filho<br>Jardim Florestan Fernandes<br>Jardim Diva Tarla de Carvalho<br>Jardim Prof. Antônio Palocci<br>Recanto Cruzeiro do Sul  ]]></description>
        <styleUrl>#poly-673AB7-1200-77</styleUrl>
        <Polygon>
          <outerBoundaryIs>
            <LinearRing>
              <tessellate>1</tessellate>
              <coordinates>
                -47.772897,-21.1224741,0
                -47.7668459,-21.1306805,0
                -47.766524,-21.1294796,0
                -47.766803,-21.1276982,0
                -47.7662451,-21.1276182,0
                -47.7664597,-21.1267975,0
                -47.767039,-21.1269576,0
                -47.7678115,-21.1240554,0
                -47.767951,-21.1234999,0
                -47.7692062,-21.1229345,0
                -47.7688629,-21.122274,0
                -47.7723391,-21.1219537,0
                -47.772897,-21.1224741,0
              </coordinates>
            </LinearRing>
          </outerBoundaryIs>
        </Polygon>
      </Placemark>
      <Placemark>
        <name>Rib Preto 14 e 15 - Alcans (ativ)
Limite: 5
Horário: Segunda à Sábado
08:00 até às 17:00 horas

Rib Preto 15 - Terceiros Flex (ativ)
Horário: 08:00 até às 17:00 horas
Limite: Verificar bloqueio informativo.
-------------------------------------------

Ribeirão Preto - Suporte 15
Horário: Segunda à Segunda
Limite: 07
</name>
        <description><![CDATA[Ribeirão Verde<br>Condomínio Vitta Ribeirão Verde I, II e III<br>Condomínio Lar Itália<br>Condomínio Residencial Leblon<br>Condomínio Residencial Copacabana<br>Res. Léo Gomes de Moraes<br>Jardim Aeroporto<br>Jardim Salgado Filho<br>Jardim Florestan Fernandes<br>Jardim Diva Tarla de Carvalho<br>Jardim Prof. Antônio Palocci<br>Recanto Cruzeiro do Sul  ]]></description>
        <styleUrl>#poly-673AB7-1200-79</styleUrl>
        <Polygon>
          <outerBoundaryIs>
            <LinearRing>
              <tessellate>1</tessellate>
              <coordinates>
                -47.7615428,-21.1276188,0
                -47.7634096,-21.1307612,0
                -47.7638602,-21.1347841,0
                -47.7637529,-21.1352044,0
                -47.7627873,-21.1368456,0
                -47.7621436,-21.1372859,0
                -47.7614784,-21.1372258,0
                -47.7608132,-21.1366454,0
                -47.7591181,-21.1362652,0
                -47.7573585,-21.1354446,0
                -47.7552557,-21.1347641,0
                -47.7555776,-21.1337834,0
                -47.7561355,-21.1327827,0
                -47.7573371,-21.1308813,0
                -47.7579808,-21.1300607,0
                -47.7580881,-21.1291199,0
                -47.7580666,-21.1240961,0
                -47.759676,-21.1235957,0
                -47.7615428,-21.1276188,0
              </coordinates>
            </LinearRing>
          </outerBoundaryIs>
        </Polygon>
      </Placemark>
      <Placemark>
        <name>Rib Preto 08 - Alcans (ativ)
Limite: 3
Horário: Segunda à Sábado
08:00 até às 17:00 horas
--------------------------------------------
Ribeirão Preto - Suporte 08
Limite: 07
Horário: Segunda à Segunda
</name>
        <description><![CDATA[Alto da Boa Vista<br>Centro<br>Condomínio Acapulco<br>Condomínio Itamaraty<br>Condomínio Cheyenne<br>Condomínio Edifício Apiácas<br>Condomínio Edifício Alameda dos Ipês<br>Condomínio Edifício Ametista<br>Condomínio Edifício Arthemi<br>Condomínio Edifício Baviera<br>Condomínio Edifício Celso Patelli<br>Condomínio Edifício Leite<br>Condomínio Edifício Toscana<br>Condomínio Edifício Estevan Antônio de Morais<br>Condomínio Edifício Spazio Uno<br>Condomínio Edifício Sauber<br>Condomínio Edifício Laranjeiras<br>Condomínio Edifício Manoela Maria<br>Condomínio Edifício Osvaldo<br>Condomínio Edifício Silvia<br>Condomínio Edifício Valu<br>Condomínio Edifício Veneto<br>Condomínio Edifício Ventura<br>Condomínio Edifício Vrademir Nascimento<br>Condomínio Edifício Villa Di Napoli<br>Condomínio Residencial Florida<br>Edifício Atrium<br>Edifício Danúbio<br>Edifico Perola Branca<br>Edifício Maria das Neves<br>Edifício Moyses Antonio Mellin<br>Edifício Stella<br>Edifício Santa Clara<br>Edifício Teresópolis<br>Jardim Sumaré<br>Jardim São Luiz<br>Jardim Irajá<br>Residencial Flórida<br>Residencial La Concorde]]></description>
        <styleUrl>#poly-673AB7-1200-105</styleUrl>
        <Polygon>
          <outerBoundaryIs>
            <LinearRing>
              <tessellate>1</tessellate>
              <coordinates>
                -47.8001752,-21.1823809,0
                -47.800599,-21.1809679,0
                -47.8010281,-21.1793072,0
                -47.8013393,-21.1783768,0
                -47.8018167,-21.1774389,0
                -47.8021064,-21.1770363,0
                -47.8024766,-21.176516,0
                -47.8026696,-21.1762759,0
                -47.8030827,-21.1756856,0
                -47.805781,-21.1786019,0
                -47.806532,-21.1794373,0
                -47.8011623,-21.1835689,0
                -47.8001752,-21.1823809,0
              </coordinates>
            </LinearRing>
          </outerBoundaryIs>
        </Polygon>
      </Placemark>
      <Placemark>
        <name>Rib Preto 01 e 02 - Alcans (ativ)
Limite: 5
Horário: Segunda à Sábado
08:00 até às 17:00 horas

Rib Preto 01 - Terceiros Flex (ativ)
Horário: 08:00 até às 17:00 horas
Limite: Verificar bloqueio informativo.

Rib Preto 01 - Terceiros Comum (ativ)
Horário: 08:00 até às 17:00 horas
Limite: Verificar bloqueio informativo.
-------------------------------------------

Ribeirão Preto - Suporte 01
Limite: 07
Horário: Segunda à Segunda
</name>
        <description><![CDATA[Jardim Parque das Figueiras<br>Jardim Alexandre Balbo<br>Jardim José Sampaio Junior<br>Jardim Orestes Lopes de Camargo ]]></description>
        <styleUrl>#poly-673AB7-1200-77</styleUrl>
        <MultiGeometry>
          <Polygon>
            <outerBoundaryIs>
              <LinearRing>
                <tessellate>1</tessellate>
                <coordinates>
                  -47.8326976,-21.1399198,0
                  -47.8294682,-21.1425916,0
                  -47.8284919,-21.1414058,0
                  -47.8295808,-21.1405127,0
                  -47.8290846,-21.1399361,0
                  -47.8297485,-21.1393676,0
                  -47.8288352,-21.1382087,0
                  -47.8326976,-21.1399198,0
                </coordinates>
              </LinearRing>
            </outerBoundaryIs>
          </Polygon>
          <Polygon>
            <outerBoundaryIs>
              <LinearRing>
                <tessellate>1</tessellate>
                <coordinates>
                  -47.8288352,-21.1382087,0
                  -47.8269362,-21.1396897,0
                  -47.8262187,-21.1386965,0
                  -47.8256407,-21.1382437,0
                  -47.8249783,-21.1377183,0
                  -47.8245598,-21.1370428,0
                  -47.8245651,-21.1368327,0
                  -47.8246563,-21.1367126,0
                  -47.8257238,-21.1359471,0
                  -47.8265071,-21.1354167,0
                  -47.8267217,-21.1350064,0
                  -47.8266358,-21.1345061,0
                  -47.8265983,-21.1341558,0
                  -47.8261181,-21.1341008,0
                  -47.8261852,-21.1328649,0
                  -47.8244007,-21.1325098,0
                  -47.8240252,-21.131349,0
                  -47.8231937,-21.1280265,0
                  -47.8231186,-21.1276663,0
                  -47.8229684,-21.1272734,0
                  -47.822609,-21.1268005,0
                  -47.822078,-21.12606,0
                  -47.8217454,-21.1255296,0
                  -47.8215254,-21.1251743,0
                  -47.8210747,-21.1247339,0
                  -47.8204632,-21.1241535,0
                  -47.8201843,-21.1239033,0
                  -47.820065,-21.1236231,0
                  -47.8214322,-21.1228174,0
                  -47.8221158,-21.1223946,0
                  -47.8228722,-21.1220649,0
                  -47.8233013,-21.1215945,0
                  -47.8218808,-21.1204255,0
                  -47.8211982,-21.1206107,0
                  -47.8196264,-21.1210711,0
                  -47.8174163,-21.1230126,0
                  -47.8165011,-21.122261,0
                  -47.8163681,-21.1219603,0
                  -47.8181469,-21.121666,0
                  -47.8177985,-21.1209446,0
                  -47.8160847,-21.1212391,0
                  -47.8156221,-21.1214443,0
                  -47.8146337,-21.1210715,0
                  -47.8140999,-21.1208488,0
                  -47.8150427,-21.1200369,0
                  -47.8150199,-21.1199606,0
                  -47.8133168,-21.1199231,0
                  -47.8127591,-21.1190544,0
                  -47.8124692,-21.1177863,0
                  -47.8132416,-21.1164652,0
                  -47.8225543,-21.1177463,0
                  -47.8223397,-21.1184669,0
                  -47.8234984,-21.118587,0
                  -47.8234984,-21.1195478,0
                  -47.8254832,-21.1195328,0
                  -47.8256013,-21.1196153,0
                  -47.8256388,-21.1198768,0
                  -47.8265025,-21.1199081,0
                  -47.8283908,-21.1197079,0
                  -47.8317812,-21.1215894,0
                  -47.8317812,-21.1241915,0
                  -47.8320816,-21.1249921,0
                  -47.8312233,-21.1258328,0
                  -47.8301932,-21.1261931,0
                  -47.8307082,-21.1266734,0
                  -47.8328541,-21.1271138,0
                  -47.8352573,-21.1291153,0
                  -47.8376177,-21.1302762,0
                  -47.8395918,-21.1282346,0
                  -47.8417804,-21.130076,0
                  -47.8383043,-21.1337988,0
                  -47.8371502,-21.1350865,0
                  -47.8344465,-21.1385889,0
                  -47.8341676,-21.138609,0
                  -47.8336526,-21.1387491,0
                  -47.8335024,-21.1392894,0
                  -47.8334594,-21.1395696,0
                  -47.8330732,-21.1400299,0
                  -47.8288352,-21.1382087,0
                </coordinates>
              </LinearRing>
            </outerBoundaryIs>
            <innerBoundaryIs>
              <LinearRing>
                <tessellate>1</tessellate>
                <coordinates>
                  -47.8168362,-21.1188687,0
                  -47.8172493,-21.1196593,0
                  -47.814728,-21.1196043,0
                  -47.8144812,-21.1192816,0
                  -47.8144138,-21.1189298,0
                  -47.8168362,-21.1188687,0
                </coordinates>
              </LinearRing>
            </innerBoundaryIs>
          </Polygon>
        </MultiGeometry>
      </Placemark>
      <Placemark>
        <name>Rib Preto 09 e 10 - Alcans (ativ)
Limite: 5
Horário: Segunda à Sábado
08:00 até às 17:00 horas

Rib Preto 10 - Terceiros Flex (ativ)
Horario: 08:00 até às 17:00 horas
Limite: Verificar bloqueio informativo.
-------------------------------------------

Ribeirão Preto - Suporte 10
Limite: 07
Horário: Segunda à Segunda
</name>
        <description>City Ribeirão</description>
        <styleUrl>#poly-673AB7-1200-150</styleUrl>
        <Polygon>
          <outerBoundaryIs>
            <LinearRing>
              <tessellate>1</tessellate>
              <coordinates>
                -47.7911083,-21.2090003,0
                -47.7912585,-21.2091729,0
                -47.7915911,-21.2094355,0
                -47.7901454,-21.2102881,0
                -47.7895687,-21.2104206,0
                -47.7894668,-21.2097705,0
                -47.7911083,-21.2090003,0
              </coordinates>
            </LinearRing>
          </outerBoundaryIs>
        </Polygon>
      </Placemark>
      <Placemark>
        <name>Rib Preto 01 e 02 - Alcans (ativ)
Limite: 5
Horário: Segunda à Sábado
08:00 até às 17:00 horas

Rib Preto 01 - Terceiros Flex (ativ)
Horário: 08:00 até às 17:00 horas
Limite: Verificar bloqueio informativo.

Rib Preto 01 - Terceiros Comum (ativ)
Horário: 08:00 até às 17:00 horas
Limite: Verificar bloqueio informativo.
-------------------------------------------

Ribeirão Preto - Suporte 01
Limite: 07
Horário: Segunda à Segunda
</name>
        <description>Jardim Heitor Rigon</description>
        <styleUrl>#poly-673AB7-1200-77</styleUrl>
        <Polygon>
          <outerBoundaryIs>
            <LinearRing>
              <tessellate>1</tessellate>
              <coordinates>
                -47.8214702,-21.1157053,0
                -47.8206119,-21.1170665,0
                -47.8108272,-21.1151248,0
                -47.8107628,-21.1143441,0
                -47.8118786,-21.1145043,0
                -47.8120932,-21.1136235,0
                -47.8128255,-21.1137136,0
                -47.8131661,-21.1138137,0
                -47.8137884,-21.1126927,0
                -47.8137669,-21.1117219,0
                -47.8146037,-21.1116818,0
                -47.8214702,-21.1157053,0
              </coordinates>
            </LinearRing>
          </outerBoundaryIs>
        </Polygon>
      </Placemark>
      <Placemark>
        <name>Rib Preto 05 e 06 - Alcans (ativ)
Limite: 5
Horário: Segunda à Sábado
08:00 até às 17:00 horas

Rib Preto 05 - Terceiros Flex (ativ)
Horario: 08:00 até às 17:00 horas
Limite: Verificar bloqueio informativo.
-------------------------------------------

Ribeirão Preto - Suporte 05
Limite: 07
Horário: Segunda à Segunda
</name>
        <description><![CDATA[Antônio Marincek<br>Condomínio Bosque do Cerrado<br>Condomínio Tapajós<br>Condomínio Vitta Heitor Rigon 2<br>Condomínio Vitta Valentina Figueiredo<br>Condomínio Nicolau Viana (blocos AB,CD,EF e GH)<br>Condomínio João Goulart<br>Condomínio Paris <br>Valentina Figueiredo<br>Geraldo Correia de Carvalho<br>Parque dos Pinos<br>Jardim Silvio Passalacqua<br>Jardim Jandaia<br>Jardim Heitor Rigon<br>Jardim Herculano Fernandes]]></description>
        <styleUrl>#poly-673AB7-1200-77</styleUrl>
        <Polygon>
          <outerBoundaryIs>
            <LinearRing>
              <tessellate>1</tessellate>
              <coordinates>
                -47.808948,-21.1174613,0
                -47.8089373,-21.1171911,0
                -47.809463,-21.1161803,0
                -47.8103213,-21.1157099,0
                -47.8115981,-21.1178717,0
                -47.8091304,-21.1197532,0
                -47.8080039,-21.1207591,0
                -47.8060835,-21.1221252,0
                -47.8057937,-21.1225304,0
                -47.8058072,-21.1226956,0
                -47.8055403,-21.1228682,0
                -47.805252,-21.1228858,0
                -47.8033367,-21.1232027,0
                -47.8032269,-21.1223928,0
                -47.8030579,-21.1203837,0
                -47.8032296,-21.119433,0
                -47.8041201,-21.1184121,0
                -47.8063195,-21.1185422,0
                -47.8068398,-21.118232,0
                -47.8074058,-21.1180668,0
                -47.8086262,-21.118242,0
                -47.808948,-21.1174613,0
              </coordinates>
            </LinearRing>
          </outerBoundaryIs>
        </Polygon>
      </Placemark>
      <Placemark>
        <name>Rib Preto 05 e 06 - Alcans (ativ)
Limite: 5
Horário: Segunda à Sábado
08:00 até às 17:00 horas

Rib Preto 06 - Terceiros Flex (ativ)
Horário: 08:00 até às 17:00 horas
Limite: Verificar bloqueio informativo.

Rib Preto 06 - Terceiros Comum (ativ)
Horário: 08:00 até às 17:00 horas
Limite: Verificar bloqueio informativo.
-------------------------------------------

Ribeirão Preto - Suporte 06
Limite: 07
Horário: Segunda à Segunda
</name>
        <description><![CDATA[Adelino Simioni<br>Avelino Alves Palma<br>Balneário Recreativa<br>Condomínio Bosque do Cerrado<br>Parque Industrial Avelino Alves Palma<br>Parque Industrial Tanquinho<br>Parque Industrial Cel. Quito Junqueira<br>Parque dos Sabias<br>Quintino Facci I<br>Quintino Facci II<br>Vila Brasil<br>Vila Carvalho<br>Vila Elisa<br>Chácaras Pedro Corrêa de Carvalho]]></description>
        <styleUrl>#poly-673AB7-1200-77</styleUrl>
        <Polygon>
          <outerBoundaryIs>
            <LinearRing>
              <tessellate>1</tessellate>
              <coordinates>
                -47.7836269,-21.1166069,0
                -47.7846676,-21.1177579,0
                -47.7854615,-21.1194693,0
                -47.7857726,-21.1207303,0
                -47.7773398,-21.1214009,0
                -47.776224,-21.119139,0
                -47.7781123,-21.1165969,0
                -47.7791315,-21.1153759,0
                -47.7804082,-21.1150456,0
                -47.7819854,-21.1152958,0
                -47.7832406,-21.1161866,0
                -47.7836269,-21.1166069,0
              </coordinates>
            </LinearRing>
          </outerBoundaryIs>
        </Polygon>
      </Placemark>
      <Placemark>
        <name>Rib Preto 09 e 10 - Alcans (ativ)
Limite: 5
Horário: Segunda à Sábado
08:00 até às 17:00 horas

Rib Preto 10 - Terceiros Flex (ativ)
Horario: 08:00 até às 17:00 horas
Limite: Verificar bloqueio informativo.
-------------------------------------------

Ribeirão Preto - Suporte 10
Limite: 07
Horário: Segunda à Segunda
</name>
        <description><![CDATA[Jardim Canadá<br>Jardim Botânico<br>City Ribeirão<br>Condomínio Edifício Samaria<br>Condomínio Edifício Jardim de Versailles<br>Condomínio Edifício Firenze<br>Condomínio Edifício Monte Carmel SPE LTDA<br>Condomínio Residence Nova Aliança<br>Condomínio Rebouças<br>Condomínio Robespierre<br>Condomínio Colorado Hill<br>Condomínio Vila Igapó<br>Condomínio Ville de Lion<br>Condomínio Recanto da Mata<br>Condomínio Residencial Erika<br>Condomínio Residencial Estação da Primavera<br>Condomínio Residencial Villa Tambau<br>Condomínio Edifício Ático<br>Residencial Lumnesia<br>Edifício Aquiles<br>Edifício Aldeia da Mata<br>Edifício Austin Gardens I<br>Edifício Cambuí<br>Edifício Isla Verde<br>Edifício Zurick<br>Edifício Partata<br>Edifício Helena<br>Edifício Everest<br>Edifício Iracema<br>Edifício Hermelinda<br>Edifício El Shaday<br>Edifício Antuérpia<br>Edifício Tonani<br>Edifício Prima Vista 1<br>Edifício Monte Moriah<br>Edifício Apollo<br>Edifício Berlim<br>Edifício Figueira<br>Edifício Maíra<br>Edifício Aloha<br>Edifício Agapé<br>Edifício Le Monde - Parc<br>Edifício Le Monde - Avenue<br>Edifício Baldim<br>Edifício Carlos Chagas<br>Edifício Ilzemare<br>Edifício Santa Maria<br>Edifício Florenze<br>Edifício Mônaco<br>Edifício Belvedere<br>Edifício Munique<br>Edifício Victória<br>Edifício Itaguare<br>Edifício Endro<br>Praça Fiovarante Fiorolto<br>Dr Mario Schenberg]]></description>
        <styleUrl>#poly-673AB7-1200-77</styleUrl>
        <Polygon>
          <outerBoundaryIs>
            <LinearRing>
              <tessellate>1</tessellate>
              <coordinates>
                -47.8144617,-21.213391,0
                -47.8146763,-21.2143011,0
                -47.8146763,-21.2151813,0
                -47.8146656,-21.2153413,0
                -47.8145798,-21.2170316,0
                -47.8150679,-21.2186368,0
                -47.8157197,-21.2214197,0
                -47.8155091,-21.2221111,0
                -47.8149317,-21.2228568,0
                -47.8145571,-21.2232096,0
                -47.8119237,-21.2240461,0
                -47.810371,-21.2244643,0
                -47.8087149,-21.2245734,0
                -47.8082731,-21.2242279,0
                -47.8069364,-21.2238751,0
                -47.8060289,-21.2194619,0
                -47.8059967,-21.2187918,0
                -47.8058895,-21.2181817,0
                -47.8058143,-21.2178317,0
                -47.8057392,-21.2176816,0
                -47.805707,-21.2174917,0
                -47.8053315,-21.2153813,0
                -47.8051491,-21.2139611,0
                -47.8052457,-21.2130609,0
                -47.8056426,-21.2122007,0
                -47.8060182,-21.2116906,0
                -47.8068765,-21.2100003,0
                -47.8074773,-21.2092201,0
                -47.8074665,-21.2089001,0
                -47.8077241,-21.2087001,0
                -47.8116723,-21.2103304,0
                -47.812434,-21.2096102,0
                -47.8137858,-21.2124208,0
                -47.8141506,-21.2130309,0
                -47.8144617,-21.213391,0
              </coordinates>
            </LinearRing>
          </outerBoundaryIs>
        </Polygon>
      </Placemark>
      <Placemark>
        <name>Rib Preto 01 e 02 - Alcans (ativ)
Limite: 5
Horário: Segunda à Sábado
08:00 até às 17:00 horas

Rib Preto 01 - Terceiros Flex (ativ)
Horário: 08:00 até às 17:00 horas
Limite: Verificar bloqueio informativo.

Rib Preto 01 - Terceiros Comum (ativ)
Horário: 08:00 até às 17:00 horas
Limite: Verificar bloqueio informativo.
-------------------------------------------

Ribeirão Preto - Suporte 01
Limite: 07
Horário: Segunda à Segunda
</name>
        <description><![CDATA[Jardim Cristo Redentor<br>Parque das Oliveiras]]></description>
        <styleUrl>#poly-673AB7-1200-94</styleUrl>
        <Polygon>
          <outerBoundaryIs>
            <LinearRing>
              <tessellate>1</tessellate>
              <coordinates>
                -47.836338,-21.1078969,0
                -47.8406939,-21.1122808,0
                -47.8400073,-21.1164843,0
                -47.8386125,-21.1176053,0
                -47.8330335,-21.1142424,0
                -47.8324542,-21.1150031,0
                -47.8329048,-21.1163442,0
                -47.8324542,-21.1167245,0
                -47.83151,-21.1181657,0
                -47.8291926,-21.1167646,0
                -47.8298578,-21.1155836,0
                -47.8329048,-21.1106994,0
                -47.8331356,-21.1099373,0
                -47.8361234,-21.1077568,0
                -47.836338,-21.1078969,0
              </coordinates>
            </LinearRing>
          </outerBoundaryIs>
        </Polygon>
      </Placemark>
      <Placemark>
        <name>Rib Preto 09 e 10 - Alcans (ativ)
Limite: 5
Horário: Segunda à Sábado
08:00 até às 17:00 horas

Rib Preto 10 - Terceiros Flex (ativ)
Horario: 08:00 até às 17:00 horas
Limite: Verificar bloqueio informativo.
-------------------------------------------

Ribeirão Preto - Suporte 10
Limite: 07
Horário: Segunda à Segunda
</name>
        <description>City Ribeirão</description>
        <styleUrl>#poly-673AB7-1200-77</styleUrl>
        <Polygon>
          <outerBoundaryIs>
            <LinearRing>
              <tessellate>1</tessellate>
              <coordinates>
                -47.7807228,-21.2124328,0
                -47.7820906,-21.2115062,0
                -47.7833065,-21.2103059,0
                -47.7891716,-21.2093724,0
                -47.7894631,-21.2093213,0
                -47.7897624,-21.2096119,0
                -47.7894722,-21.2097705,0
                -47.7895902,-21.2103906,0
                -47.7888051,-21.2107043,0
                -47.7886072,-21.2110822,0
                -47.7873627,-21.2146584,0
                -47.7880683,-21.2160437,0
                -47.7882824,-21.2165971,0
                -47.7886641,-21.2181273,0
                -47.7891424,-21.2175972,0
                -47.7908603,-21.2183752,0
                -47.7910206,-21.218485,0
                -47.7905866,-21.2189374,0
                -47.7903005,-21.2188221,0
                -47.7905186,-21.2185968,0
                -47.7895387,-21.2182162,0
                -47.789081,-21.2187551,0
                -47.7903052,-21.2192837,0
                -47.7900989,-21.2195299,0
                -47.7892406,-21.2206745,0
                -47.7887459,-21.22078,0
                -47.7880306,-21.221119,0
                -47.7878279,-21.2208967,0
                -47.7871979,-21.2211134,0
                -47.7858807,-21.2209912,0
                -47.7843506,-21.2211129,0
                -47.7808032,-21.2217967,0
                -47.7771077,-21.2221301,0
                -47.7763209,-21.2218412,0
                -47.7755579,-21.2206855,0
                -47.7732691,-21.2152846,0
                -47.7737936,-21.2139511,0
                -47.7743206,-21.2126464,0
                -47.7753195,-21.2117951,0
                -47.7804932,-21.2109505,0
                -47.7813038,-21.2119729,0
                -47.7807228,-21.2124328,0
              </coordinates>
            </LinearRing>
          </outerBoundaryIs>
          <innerBoundaryIs>
            <LinearRing>
              <tessellate>1</tessellate>
              <coordinates>
                -47.7800402,-21.2129731,0
                -47.7799795,-21.2129363,0
                -47.7807228,-21.2124328,0
                -47.7800402,-21.2129731,0
              </coordinates>
            </LinearRing>
          </innerBoundaryIs>
          <innerBoundaryIs>
            <LinearRing>
              <tessellate>1</tessellate>
              <coordinates>
                -47.7789348,-21.2124898,0
                -47.7788286,-21.21249,0
                -47.779128,-21.2124197,0
                -47.7789348,-21.2124898,0
              </coordinates>
            </LinearRing>
          </innerBoundaryIs>
          <innerBoundaryIs>
            <LinearRing>
              <tessellate>1</tessellate>
              <coordinates>
                -47.7784101,-21.2125881,0
                -47.7785875,-21.2124903,0
                -47.7788286,-21.21249,0
                -47.7784101,-21.2125881,0
              </coordinates>
            </LinearRing>
          </innerBoundaryIs>
          <innerBoundaryIs>
            <LinearRing>
              <tessellate>1</tessellate>
              <coordinates>
                -47.778369,-21.2126108,0
                -47.7775079,-21.2127998,0
                -47.7784101,-21.2125881,0
                -47.778369,-21.2126108,0
              </coordinates>
            </LinearRing>
          </innerBoundaryIs>
          <innerBoundaryIs>
            <LinearRing>
              <tessellate>1</tessellate>
              <coordinates>
                -47.7768642,-21.2147201,0
                -47.777184,-21.2136977,0
                -47.7775079,-21.2127998,0
                -47.7768642,-21.2147201,0
              </coordinates>
            </LinearRing>
          </innerBoundaryIs>
        </Polygon>
      </Placemark>
      <Placemark>
        <name>Rib Preto 11 - Alcans (ativ)
Limite: 2
Horário: Segunda à Sábado
08:00 até às 17:00 horas
-------------------------------------------
Ribeirão Preto - Suporte 11
Limite: 07
Segunda à Segunda
</name>
        <description>JARDIM NOVA ALIANÇA SUL</description>
        <styleUrl>#poly-673AB7-1200-92</styleUrl>
        <Polygon>
          <outerBoundaryIs>
            <LinearRing>
              <tessellate>1</tessellate>
              <coordinates>
                -47.8282941,-21.2211661,0
                -47.8285248,-21.2213762,0
                -47.8281117,-21.2219212,0
                -47.82816,-21.2221763,0
                -47.8282512,-21.2226463,0
                -47.8285462,-21.2231564,0
                -47.8281278,-21.2234464,0
                -47.8274304,-21.2237764,0
                -47.8272695,-21.2243165,0
                -47.8272051,-21.2248016,0
                -47.8267706,-21.2248616,0
                -47.8265668,-21.2245365,0
                -47.8254188,-21.2238365,0
                -47.8256763,-21.2235064,0
                -47.8254295,-21.2234264,0
                -47.8251613,-21.2231914,0
                -47.8251184,-21.2229113,0
                -47.8249038,-21.2230264,0
                -47.8242493,-21.2214362,0
                -47.8245497,-21.2212661,0
                -47.8265668,-21.2205961,0
                -47.8275216,-21.220556,0
                -47.8280044,-21.2207161,0
                -47.8282941,-21.2211661,0
              </coordinates>
            </LinearRing>
          </outerBoundaryIs>
        </Polygon>
      </Placemark>
      <Placemark>
        <name>Rib Preto 07 - Alcans (ativ)
Limite: 5
Horário: Segunda à Sábado
08:00 até às 17:00 horas

Rib Preto 07 - Terceiros Flex (ativ)
Horário: 08:00 até às 17:00 horas
Limite: Verificar bloqueio informativo.

Rib Preto 07 - Terceiros Comum (ativ)
Horário: 08:00 até às 17:00 horas
Limite: Verificar bloqueio informativo.
--------------------------------------------

Ribeirão Preto - Suporte 07
Limite: 07
Horário: Segunda à Segunda
</name>
        <description><![CDATA[Campos Elísios<br>Condomínio Vitta Campos Elíseos<br>Condomínio Residencial Atibaia<br>Condomínio Residencial Morada Tropical<br>Condomínio Residencial Vila Inglesa<br>Condomínio Residencial Letícia<br>Condomínio Edifício Jardim Macedo<br>Condomínio Edifício Rubi<br>Condomínio Edifício Indaia<br>Condomínio Edifício Portal Do Mosteiro<br>Condomínio Edifício Riviera<br>Condomínio Edifício Independência<br>Condomínio Edifício Santo Antônio<br>Condomínio Edifício Santa Luzia<br>Condomínio Edifício Maria Alves Zaparolli<br>Condomínio Edifício Mariana Goulart<br>Condomínio Edifício Noroega<br>Condomínio Edifício Vander Fregnani<br>Condomínio Edifício Zita Maffud Secaf<br>Condomínio Gris Residence<br>Edifício Residencial Sevilha<br>Edifício Residencial Cadiz<br>Condomínio Caxangá<br>Independência<br>Jardim Mosteiro<br>Jardim Paulistano<br>Jardim Paulista<br>Jardim Castelo Branco<br>Residencial São Luiz<br>Residencial Vitale<br>Parque dos Bandeirantes<br>Vila Tamandare<br>Vila Mariana ]]></description>
        <styleUrl>#poly-673AB7-1200-77</styleUrl>
        <Polygon>
          <outerBoundaryIs>
            <LinearRing>
              <tessellate>1</tessellate>
              <coordinates>
                -47.8087799,-21.1640233,0
                -47.8099922,-21.1654841,0
                -47.8085117,-21.1664696,0
                -47.8062478,-21.1681154,0
                -47.804306,-21.1659443,0
                -47.8077909,-21.1631505,0
                -47.8087799,-21.1640233,0
              </coordinates>
            </LinearRing>
          </outerBoundaryIs>
        </Polygon>
      </Placemark>
      <Placemark>
        <name>Rib Preto 05 e 06 - Alcans (ativ)
Limite: 5
Horário: Segunda à Sábado
08:00 até às 17:00 horas

Rib Preto 05 - Terceiros Flex (ativ)
Horario: 08:00 até às 17:00 horas
Limite: Verificar bloqueio informativo.
-------------------------------------------

Ribeirão Preto - Suporte 05
Limite: 07
Horário: Segunda à Segunda
</name>
        <description><![CDATA[Antônio Marincek<br>Condomínio Bosque do Cerrado<br>Condomínio Tapajós<br>Condomínio Vitta Heitor Rigon 2<br>Condomínio Vitta Valentina Figueiredo<br>Condomínio Nicolau Viana (blocos AB,CD,EF e GH)<br>Condomínio João Goulart<br>Condomínio Paris <br>Valentina Figueiredo<br>Geraldo Correia de Carvalho<br>Parque dos Pinos<br>Jardim Silvio Passalacqua<br>Jardim Jandaia<br>Jardim Heitor Rigon<br>Jardim Herculano Fernandes<br>Presidente Dutra]]></description>
        <styleUrl>#poly-673AB7-1200-115</styleUrl>
        <Polygon>
          <outerBoundaryIs>
            <LinearRing>
              <tessellate>1</tessellate>
              <coordinates>
                -47.8111461,-21.1362,0
                -47.8122433,-21.1352539,0
                -47.8131605,-21.1347115,0
                -47.8140843,-21.1339837,0
                -47.8143428,-21.1336313,0
                -47.8138272,-21.132695,0
                -47.8141807,-21.1323991,0
                -47.8148377,-21.1318612,0
                -47.8191937,-21.1283136,0
                -47.8209298,-21.1301564,0
                -47.8163997,-21.1338378,0
                -47.8155373,-21.1329291,0
                -47.8147716,-21.1335414,0
                -47.815426,-21.1343145,0
                -47.816177,-21.1337566,0
                -47.816456,-21.1340793,0
                -47.8137577,-21.1362208,0
                -47.8104048,-21.1388326,0
                -47.8102546,-21.1388827,0
                -47.8103297,-21.1389928,0
                -47.8067078,-21.1417413,0
                -47.8065551,-21.1417082,0
                -47.8063927,-21.1415415,0
                -47.8062196,-21.1408644,0
                -47.8067803,-21.1405373,0
                -47.8059958,-21.1396455,0
                -47.8058389,-21.1394991,0
                -47.8057611,-21.1392715,0
                -47.8054929,-21.1376303,0
                -47.8049967,-21.1372225,0
                -47.8045864,-21.1366571,0
                -47.8049713,-21.1363482,0
                -47.8054313,-21.1359867,0
                -47.805797,-21.1357081,0
                -47.8059294,-21.1356971,0
                -47.8060815,-21.13557,0
                -47.8065573,-21.1361465,0
                -47.806699,-21.1360637,0
                -47.8068267,-21.1362081,0
                -47.8072002,-21.1358867,0
                -47.8065686,-21.1351236,0
                -47.8067981,-21.1348329,0
                -47.8085623,-21.1367385,0
                -47.8092494,-21.1361357,0
                -47.8104676,-21.1352677,0
                -47.8111461,-21.1362,0
              </coordinates>
            </LinearRing>
          </outerBoundaryIs>
          <innerBoundaryIs>
            <LinearRing>
              <tessellate>1</tessellate>
              <coordinates>
                -47.8112914,-21.1363997,0
                -47.8111383,-21.1362067,0
                -47.8111461,-21.1362,0
                -47.8112914,-21.1363997,0
              </coordinates>
            </LinearRing>
          </innerBoundaryIs>
          <innerBoundaryIs>
            <LinearRing>
              <tessellate>1</tessellate>
              <coordinates>
                -47.8116664,-21.1368724,0
                -47.8120713,-21.1365696,0
                -47.8121943,-21.1366644,0
                -47.8117349,-21.1370091,0
                -47.8112914,-21.1363997,0
                -47.8116664,-21.1368724,0
              </coordinates>
            </LinearRing>
          </innerBoundaryIs>
        </Polygon>
      </Placemark>
      <Placemark>
        <name>Rib Preto 11 - Alcans (ativ)
Limite: 2
Horário: Segunda à Sábado
08:00 até às 17:00 horas
-------------------------------------------
Ribeirão Preto - Suporte 11
Limite: 07
Segunda à Segunda
</name>
        <description><![CDATA[Condomínio Portal dos Ipês<br>(condominio aberto tratar como venda residencial)]]></description>
        <styleUrl>#poly-673AB7-1200-77</styleUrl>
        <Polygon>
          <outerBoundaryIs>
            <LinearRing>
              <tessellate>1</tessellate>
              <coordinates>
                -47.7188604,-21.1920358,0
                -47.7182882,-21.1943699,0
                -47.705199,-21.1963705,0
                -47.7056043,-21.1873453,0
                -47.7081197,-21.1882401,0
                -47.7117436,-21.189585,0
                -47.7145569,-21.190492,0
                -47.7147739,-21.1905665,0
                -47.7188581,-21.1919702,0
                -47.7188604,-21.1920358,0
              </coordinates>
            </LinearRing>
          </outerBoundaryIs>
        </Polygon>
      </Placemark>
      <Placemark>
        <name>Rib Preto 12 e 13 - Alcans (ativ)
Limite: 5
Horário: Segunda à Sábado
08:00 até às 17:00 horas

Rib Preto 13 - Terceiros Flex (ativ)
Horario: 08:00 até às 17:00 horas
Limite: Verificar bloqueio informativo.
-------------------------------------------

Ribeirão Preto - Suporte 13
Limite: 07
Segunda à Segunda
</name>
        <description>Recreio das Acácias</description>
        <styleUrl>#poly-673AB7-1200-77</styleUrl>
        <Polygon>
          <outerBoundaryIs>
            <LinearRing>
              <tessellate>1</tessellate>
              <coordinates>
                -47.7753313,-21.2292982,0
                -47.7727939,-21.2355486,0
                -47.7726652,-21.2360836,0
                -47.767585,-21.2355986,0
                -47.7677889,-21.2345535,0
                -47.7685453,-21.2333085,0
                -47.7663282,-21.2331614,0
                -47.7657307,-21.2348854,0
                -47.7649762,-21.237207,0
                -47.7647689,-21.2374585,0
                -47.7645474,-21.2373515,0
                -47.7647373,-21.2366475,0
                -47.7658145,-21.2331393,0
                -47.7676062,-21.227599,0
                -47.7680354,-21.227799,0
                -47.7753095,-21.2291591,0
                -47.7753313,-21.2292982,0
              </coordinates>
            </LinearRing>
          </outerBoundaryIs>
        </Polygon>
      </Placemark>
      <Placemark>
        <name>Rib Preto 14 e 15 - Alcans (ativ)
Limite: 5
Horário: Segunda à Sábado
08:00 até às 17:00 horas

Rib Preto 14 - Terceiros Flex (ativ)
Horario: 08:00 até às 17:00 horas
Limite: Verificar bloqueio informativo.
-------------------------------------------

Ribeirão Preto - Suporte 14
Limite: 07
Segunda à Segunda
</name>
        <description>Jardim Zara</description>
        <styleUrl>#poly-673AB7-1200-77</styleUrl>
        <Polygon>
          <outerBoundaryIs>
            <LinearRing>
              <tessellate>1</tessellate>
              <coordinates>
                -47.7697841,-21.1843251,0
                -47.7656159,-21.1843602,0
                -47.7658707,-21.1849879,0
                -47.7637022,-21.1852918,0
                -47.7632187,-21.1841432,0
                -47.7588943,-21.1842751,0
                -47.7576819,-21.1844452,0
                -47.7573376,-21.1780362,0
                -47.7584105,-21.1783163,0
                -47.7581111,-21.1786629,0
                -47.7584115,-21.1817341,0
                -47.7620271,-21.1791531,0
                -47.7632502,-21.1805236,0
                -47.7639046,-21.1799734,0
                -47.7633468,-21.1793232,0
                -47.7627674,-21.1786229,0
                -47.7636364,-21.1780626,0
                -47.7643972,-21.1783063,0
                -47.7643338,-21.1799234,0
                -47.7653199,-21.179997,0
                -47.7682194,-21.1835558,0
                -47.7689624,-21.1831581,0
                -47.7700191,-21.1843187,0
                -47.7697841,-21.1843251,0
              </coordinates>
            </LinearRing>
          </outerBoundaryIs>
        </Polygon>
      </Placemark>
      <Placemark>
        <name>Rib Preto 14 e 15 - Alcans (ativ)
Limite: 5
Horário: Segunda à Sábado
08:00 até às 17:00 horas

Rib Preto 15 - Terceiros Flex (ativ)
Horário: 08:00 até às 17:00 horas
Limite: Verificar bloqueio informativo.
-------------------------------------------

Ribeirão Preto - Suporte 15
Horário: Segunda à Segunda
Limite: 07
</name>
        <description><![CDATA[Ribeirão Verde<br>Condomínio Vitta Ribeirão Verde I, II e III<br>Condomínio Lar Itália<br>Condomínio Residencial Leblon<br>Condomínio Residencial Copacabana<br>Res. Léo Gomes de Moraes<br>Jardim Aeroporto<br>Jardim Salgado Filho<br>Jardim Florestan Fernandes<br>Jardim Diva Tarla de Carvalho<br>Jardim Prof. Antônio Palocci<br>Recanto Cruzeiro do Sul  ]]></description>
        <styleUrl>#poly-673AB7-1200-107</styleUrl>
        <Polygon>
          <outerBoundaryIs>
            <LinearRing>
              <tessellate>1</tessellate>
              <coordinates>
                -47.7653611,-21.1216765,0
                -47.7648891,-21.1238982,0
                -47.7670563,-21.1240784,0
                -47.7667344,-21.1265403,0
                -47.7643097,-21.1260199,0
                -47.7646316,-21.1246588,0
                -47.7610052,-21.1246588,0
                -47.76034,-21.1220568,0
                -47.7645457,-21.1217965,0
                -47.7653611,-21.1216765,0
              </coordinates>
            </LinearRing>
          </outerBoundaryIs>
        </Polygon>
      </Placemark>
      <Placemark>
        <name>Rib Preto 14 e 15 - Alcans (ativ)
Limite: 5
Horário: Segunda à Sábado
08:00 até às 17:00 horas

Rib Preto 14 - Terceiros Flex (ativ)
Horario: 08:00 até às 17:00 horas
Limite: Verificar bloqueio informativo.
-------------------------------------------

Ribeirão Preto - Suporte 14
Limite: 07
Segunda à Segunda
</name>
        <description>Jardim Porto Seguro</description>
        <styleUrl>#poly-673AB7-1200-77</styleUrl>
        <Polygon>
          <outerBoundaryIs>
            <LinearRing>
              <tessellate>1</tessellate>
              <coordinates>
                -47.7583255,-21.1468639,0
                -47.7574242,-21.1495856,0
                -47.7559222,-21.1500459,0
                -47.7552141,-21.1500859,0
                -47.755257,-21.1482448,0
                -47.7550424,-21.1464237,0
                -47.7553643,-21.145403,0
                -47.7564157,-21.1454831,0
                -47.7561797,-21.1466038,0
                -47.7583255,-21.1468639,0
              </coordinates>
            </LinearRing>
          </outerBoundaryIs>
        </Polygon>
      </Placemark>
      <Placemark>
        <name>Rib Preto 12 e 13 - Alcans (ativ)
Limite: 5
Horário: Segunda à Sábado
08:00 até às 17:00 horas

Rib Preto 13 - Terceiros Flex (ativ)
Horario: 08:00 até às 17:00 horas
Limite: Verificar bloqueio informativo.
-------------------------------------------

Ribeirão Preto - Suporte 13
Limite: 07
Segunda à Segunda
</name>
        <description><![CDATA[CTO EXTERNA COND GREENPARK<br>S14-C05]]></description>
        <styleUrl>#poly-673AB7-1200-77</styleUrl>
        <Polygon>
          <outerBoundaryIs>
            <LinearRing>
              <tessellate>1</tessellate>
              <coordinates>
                -47.7915971,-21.2038737,0
                -47.7903525,-21.2055641,0
                -47.7897785,-21.2052641,0
                -47.7913074,-21.2035336,0
                -47.7919028,-21.2033136,0
                -47.7919028,-21.2034486,0
                -47.7915971,-21.2038737,0
              </coordinates>
            </LinearRing>
          </outerBoundaryIs>
        </Polygon>
      </Placemark>
      <Placemark>
        <name>Rib Preto 11 - Alcans (ativ)
Limite: 2
Horário: Segunda à Sábado
08:00 até às 17:00 horas
-------------------------------------------
Ribeirão Preto - Suporte 11
Limite: 07
Segunda à Segunda
</name>
        <description>Quinta da Álvorada</description>
        <styleUrl>#poly-673AB7-1200-105</styleUrl>
        <Polygon>
          <outerBoundaryIs>
            <LinearRing>
              <tessellate>1</tessellate>
              <coordinates>
                -47.8268533,-21.2275946,0
                -47.8254585,-21.2292348,0
                -47.8267889,-21.2297148,0
                -47.8255014,-21.2316349,0
                -47.8223901,-21.2337351,0
                -47.8215961,-21.233155,0
                -47.8186779,-21.2336351,0
                -47.8177981,-21.2283947,0
                -47.8176479,-21.2252144,0
                -47.8260164,-21.2272346,0
                -47.8268533,-21.2275946,0
              </coordinates>
            </LinearRing>
          </outerBoundaryIs>
        </Polygon>
      </Placemark>
      <Placemark>
        <name>Rib Preto 14 e 15 - Alcans (ativ)
Limite: 5
Horário: Segunda à Sábado
08:00 até às 17:00 horas

Rib Preto 14 - Terceiros Flex (ativ)
Horario: 08:00 até às 17:00 horas
Limite: Verificar bloqueio informativo.
-------------------------------------------

Ribeirão Preto - Suporte 14
Limite: 07
Segunda à Segunda
</name>
        <styleUrl>#poly-673AB7-1200-77-nodesc</styleUrl>
        <Polygon>
          <outerBoundaryIs>
            <LinearRing>
              <tessellate>1</tessellate>
              <coordinates>
                -47.7781275,-21.178544,0
                -47.7769903,-21.179992,0
                -47.7775455,-21.1803497,0
                -47.7760381,-21.1819753,0
                -47.774828,-21.1829766,0
                -47.7738008,-21.1823713,0
                -47.7732684,-21.1828203,0
                -47.7742663,-21.1834007,0
                -47.7713389,-21.1848315,0
                -47.7700514,-21.1842962,0
                -47.7689947,-21.1831356,0
                -47.7682517,-21.1835333,0
                -47.7653522,-21.1799745,0
                -47.7643661,-21.1799009,0
                -47.764312,-21.1790774,0
                -47.7644754,-21.1787181,0
                -47.7654367,-21.1786988,0
                -47.7654448,-21.1783812,0
                -47.7645194,-21.1783436,0
                -47.7643785,-21.1781888,0
                -47.7644724,-21.1777136,0
                -47.7641076,-21.1775535,0
                -47.7627612,-21.1785139,0
                -47.7608783,-21.1764955,0
                -47.7584428,-21.1782938,0
                -47.7573699,-21.1780137,0
                -47.7574236,-21.1757527,0
                -47.7572412,-21.1734117,0
                -47.7602775,-21.1727114,0
                -47.7620906,-21.1713908,0
                -47.7716607,-21.1728915,0
                -47.7798253,-21.1772534,0
                -47.7794364,-21.1778221,0
                -47.7792486,-21.1778138,0
                -47.7790421,-21.177813,0
                -47.7789154,-21.177826,0
                -47.7787913,-21.177849,0
                -47.778561,-21.1779555,0
                -47.7784098,-21.1778957,0
                -47.7780936,-21.1783242,0
                -47.7782219,-21.1784041,0
                -47.7781275,-21.178544,0
              </coordinates>
            </LinearRing>
          </outerBoundaryIs>
        </Polygon>
      </Placemark>
      <Placemark>
        <name>Rib Preto 05 e 06 - Alcans (ativ)
Limite: 5
Horário: Segunda à Sábado
08:00 até às 17:00 horas

Rib Preto 06 - Terceiros Flex (ativ)
Horário: 08:00 até às 17:00 horas
Limite: Verificar bloqueio informativo.

Rib Preto 06 - Terceiros Comum (ativ)
Horário: 08:00 até às 17:00 horas
Limite: Verificar bloqueio informativo.
-------------------------------------------

Ribeirão Preto - Suporte 06
Limite: 07
Horário: Segunda à Segunda
</name>
        <description><![CDATA[Adelino Simioni<br>Avelino Alves Palma<br>Balneário Recreativa<br>Condomínio Bosque do Cerrado<br>Parque Industrial Avelino Alves Palma<br>Parque Industrial Tanquinho<br>Parque Industrial Cel. Quito Junqueira<br>Parque dos Sabias<br>Quintino Facci I<br>Quintino Facci II<br>Vila Brasil<br>Vila Carvalho<br>Vila Elisa<br>Chácaras Pedro Corrêa de Carvalho]]></description>
        <styleUrl>#poly-673AB7-1200-77</styleUrl>
        <Polygon>
          <outerBoundaryIs>
            <LinearRing>
              <tessellate>1</tessellate>
              <coordinates>
                -47.7854772,-21.1209377,0
                -47.7857132,-21.1232796,0
                -47.7804132,-21.1256414,0
                -47.779489,-21.1257091,0
                -47.7790614,-21.1253212,0
                -47.7773398,-21.1214009,0
                -47.7851768,-21.1208376,0
                -47.7854772,-21.1209377,0
              </coordinates>
            </LinearRing>
          </outerBoundaryIs>
        </Polygon>
      </Placemark>
      <Placemark>
        <name>Rib Preto 14 e 15 - Alcans (ativ)
Limite: 5
Horário: Segunda à Sábado
08:00 até às 17:00 horas

Rib Preto 15 - Terceiros Flex (ativ)
Horário: 08:00 até às 17:00 horas
Limite: Verificar bloqueio informativo.
-------------------------------------------

Ribeirão Preto - Suporte 15
Horário: Segunda à Segunda
Limite: 07
</name>
        <description><![CDATA[Ribeirão Verde<br>Condomínio Vitta Ribeirão Verde I, II e III<br>Condomínio Lar Itália<br>Condomínio Residencial Leblon<br>Condomínio Residencial Copacabana<br>Res. Léo Gomes de Moraes<br>Jardim Aeroporto<br>Jardim Salgado Filho<br>Jardim Florestan Fernandes<br>Jardim Diva Tarla de Carvalho<br>Jardim Prof. Antônio Palocci<br>Recanto Cruzeiro do Sul  ]]></description>
        <styleUrl>#poly-673AB7-1200-77</styleUrl>
        <Polygon>
          <outerBoundaryIs>
            <LinearRing>
              <tessellate>1</tessellate>
              <coordinates>
                -47.766212,-21.1419606,0
                -47.7671052,-21.1449401,0
                -47.7667103,-21.145102,0
                -47.7662777,-21.1451189,0
                -47.7659438,-21.1448725,0
                -47.7651069,-21.1421908,0
                -47.766212,-21.1419606,0
              </coordinates>
            </LinearRing>
          </outerBoundaryIs>
        </Polygon>
      </Placemark>
      <Placemark>
        <name>Rib Preto 01 e 02 - Alcans (ativ)
Limite: 5
Horário: Segunda à Sábado
08:00 até às 17:00 horas

Rib Preto 02 - Terceiros Flex (ativ)
Horário: 08:00 até às 17:00 horas
Limite: Verificar bloqueio informativo.

Rib Preto 02 - Terceiros Comum (ativ)
Horário: 08:00 até às 17:00 horas
Limite: Verificar bloqueio informativo.
-------------------------------------------

Ribeirão Preto - Suporte 02
Limite: 07
Horário: Segunda à Segunda
</name>
        <description><![CDATA[Reserva Macaúba<br>Condomínio Conquista Macaúba]]></description>
        <styleUrl>#poly-673AB7-1200-77</styleUrl>
        <Polygon>
          <outerBoundaryIs>
            <LinearRing>
              <tessellate>1</tessellate>
              <coordinates>
                -47.8611951,-21.1263539,0
                -47.8631693,-21.1289559,0
                -47.8650576,-21.1309173,0
                -47.8642851,-21.1344299,0
                -47.8605085,-21.1354406,0
                -47.8586631,-21.1344899,0
                -47.8566354,-21.133229,0
                -47.8555303,-21.1325185,0
                -47.8532987,-21.1310374,0
                -47.854275,-21.1303769,0
                -47.8556376,-21.1311975,0
                -47.8576546,-21.1289759,0
                -47.8568607,-21.1275548,0
                -47.8611951,-21.1263539,0
              </coordinates>
            </LinearRing>
          </outerBoundaryIs>
        </Polygon>
      </Placemark>
      <Placemark>
        <name>Rib Preto 12 e 13 - Alcans (ativ)
Limite: 5
Horário: Segunda à Sábado
08:00 até às 17:00 horas

Rib Preto 13 - Terceiros Flex (ativ)
Horario: 08:00 até às 17:00 horas
Limite: Verificar bloqueio informativo.
-------------------------------------------

Ribeirão Preto - Suporte 13
Limite: 07
Segunda à Segunda
</name>
        <styleUrl>#poly-673AB7-1200-77-nodesc</styleUrl>
        <Polygon>
          <outerBoundaryIs>
            <LinearRing>
              <tessellate>1</tessellate>
              <coordinates>
                -47.7748373,-21.2019368,0
                -47.7748265,-21.202587,0
                -47.7736357,-21.202757,0
                -47.7717581,-21.2033272,0
                -47.7700559,-21.2031695,0
                -47.768164,-21.2030571,0
                -47.7680137,-21.202687,0
                -47.7679064,-21.2018668,0
                -47.7675846,-21.2010766,0
                -47.7672627,-21.2006765,0
                -47.7674451,-21.2001063,0
                -47.7694943,-21.1986259,0
                -47.7700629,-21.1992561,0
                -47.7718546,-21.1979957,0
                -47.7745583,-21.2013166,0
                -47.7745851,-21.2014954,0
                -47.7748373,-21.2019368,0
              </coordinates>
            </LinearRing>
          </outerBoundaryIs>
        </Polygon>
      </Placemark>
      <Placemark>
        <name>Rib Preto 09 e 10 - Alcans (ativ)
Limite: 5
Horário: Segunda à Sábado
08:00 até às 17:00 horas

Rib Preto 10 - Terceiros Flex (ativ)
Horario: 08:00 até às 17:00 horas
Limite: Verificar bloqueio informativo.
-------------------------------------------

Ribeirão Preto - Suporte 10
Limite: 07
Horário: Segunda à Segunda
</name>
        <description>Jardim Botânico</description>
        <styleUrl>#poly-673AB7-1200-77</styleUrl>
        <Polygon>
          <outerBoundaryIs>
            <LinearRing>
              <tessellate>1</tessellate>
              <coordinates>
                -47.794591,-21.2174933,0
                -47.7947438,-21.2173557,0
                -47.7949839,-21.2173482,0
                -47.7947794,-21.2184096,0
                -47.7942963,-21.2183552,0
                -47.794135,-21.2188409,0
                -47.7941109,-21.2188759,0
                -47.7930648,-21.2184183,0
                -47.7937783,-21.2176757,0
                -47.7938118,-21.2176445,0
                -47.7939472,-21.2175832,0
                -47.7938936,-21.2174982,0
                -47.794253,-21.2172719,0
                -47.7943549,-21.2174757,0
                -47.794591,-21.2174933,0
              </coordinates>
            </LinearRing>
          </outerBoundaryIs>
        </Polygon>
      </Placemark>
      <Placemark>
        <name>Rib Preto 07 - Alcans (ativ)
Limite: 5
Horário: Segunda à Sábado
08:00 até às 17:00 horas

Rib Preto 07 - Terceiros Flex (ativ)
Horário: 08:00 até às 17:00 horas
Limite: Verificar bloqueio informativo.

Rib Preto 07 - Terceiros Comum (ativ)
Horário: 08:00 até às 17:00 horas
Limite: Verificar bloqueio informativo.
--------------------------------------------

Ribeirão Preto - Suporte 07
Limite: 07
Horário: Segunda à Segunda
</name>
        <description><![CDATA[Campos Elísios<br>Condomínio Vitta Campos Elíseos<br>Condomínio Residencial Atibaia<br>Condomínio Residencial Morada Tropical<br>Condomínio Residencial Vila Inglesa<br>Condomínio Residencial Letícia<br>Condomínio Edifício Jardim Macedo<br>Condomínio Edifício Rubi<br>Condomínio Edifício Indaia<br>Condomínio Edifício Portal Do Mosteiro<br>Condomínio Edifício Riviera<br>Condomínio Edifício Independência<br>Condomínio Edifício Santo Antônio<br>Condomínio Edifício Santa Luzia<br>Condomínio Edifício Maria Alves Zaparolli<br>Condomínio Edifício Mariana Goulart<br>Condomínio Edifício Noroega<br>Condomínio Edifício Vander Fregnani<br>Condomínio Edifício Zita Maffud Secaf<br>Condomínio Gris Residence<br>Edifício Residencial Sevilha<br>Edifício Residencial Cadiz<br>Condomínio Caxangá<br>Independência<br>Jardim Mosteiro<br>Jardim Paulistano<br>Jardim Paulista<br>Jardim Castelo Branco<br>Residencial São Luiz<br>Residencial Vitale<br>Parque dos Bandeirantes<br>Vila Tamandare<br>Vila Mariana<br>(Cond sem nome) Rua Major Rubens Vaz, 843]]></description>
        <styleUrl>#poly-673AB7-1200-77</styleUrl>
        <Polygon>
          <outerBoundaryIs>
            <LinearRing>
              <tessellate>1</tessellate>
              <coordinates>
                -47.8058698,-21.1475489,0
                -47.8076079,-21.1489698,0
                -47.8079727,-21.1497503,0
                -47.809582,-21.1547032,0
                -47.8082838,-21.1556838,0
                -47.8068247,-21.1566344,0
                -47.8073933,-21.1586155,0
                -47.8057732,-21.1597561,0
                -47.8041669,-21.1578393,0
                -47.8025669,-21.1558479,0
                -47.8013208,-21.1544831,0
                -47.8012135,-21.1544131,0
                -47.7990892,-21.156074,0
                -47.798827,-21.156351,0
                -47.79775,-21.155026,0
                -47.7971479,-21.1542844,0
                -47.7947362,-21.1560119,0
                -47.7958366,-21.1542907,0
                -47.795151,-21.153943,0
                -47.7946042,-21.154123,0
                -47.7926197,-21.1517815,0
                -47.7931883,-21.150951,0
                -47.7941754,-21.1502906,0
                -47.7954521,-21.1489198,0
                -47.7964713,-21.1479992,0
                -47.7978876,-21.1471287,0
                -47.7983919,-21.1468185,0
                -47.7987834,-21.147679,0
                -47.799926,-21.14916,0
                -47.801192,-21.1483094,0
                -47.802973,-21.1485195,0
                -47.805269,-21.1471787,0
                -47.8058698,-21.1475489,0
              </coordinates>
            </LinearRing>
          </outerBoundaryIs>
        </Polygon>
      </Placemark>
      <Placemark>
        <name>Rib Preto 01 e 02 - Alcans (ativ)
Limite: 5
Horário: Segunda à Sábado
08:00 até às 17:00 horas

Rib Preto 01 - Terceiros Flex (ativ)
Horário: 08:00 até às 17:00 horas
Limite: Verificar bloqueio informativo.

Rib Preto 01 - Terceiros Comum (ativ)
Horário: 08:00 até às 17:00 horas
Limite: Verificar bloqueio informativo.
-------------------------------------------

Ribeirão Preto - Suporte 01
Limite: 07
Horário: Segunda à Segunda
</name>
        <description><![CDATA[Jardim Cristo Redentor<br>Parque das Oliveiras]]></description>
        <styleUrl>#poly-673AB7-1200-77</styleUrl>
        <Polygon>
          <outerBoundaryIs>
            <LinearRing>
              <tessellate>1</tessellate>
              <coordinates>
                -47.844513,-21.1219381,0
                -47.848311,-21.1263416,0
                -47.8471308,-21.1279028,0
                -47.8448992,-21.1267219,0
                -47.8312092,-21.1185554,0
                -47.8319817,-21.1175345,0
                -47.838972,-21.1217872,0
                -47.8403024,-21.1212868,0
                -47.8407959,-21.1204862,0
                -47.844513,-21.1219381,0
              </coordinates>
            </LinearRing>
          </outerBoundaryIs>
        </Polygon>
      </Placemark>
      <Placemark>
        <name>Rib Preto 14 e 15 - Alcans (ativ)
Limite: 5
Horário: Segunda à Sábado
08:00 até às 17:00 horas

Rib Preto 15 - Terceiros Flex (ativ)
Horário: 08:00 até às 17:00 horas
Limite: Verificar bloqueio informativo.
-------------------------------------------

Ribeirão Preto - Suporte 15
Horário: Segunda à Segunda
Limite: 07
</name>
        <description><![CDATA[Buona Vita Siena<br>Buona Vita Ribeirão<br>Condominio Guaporé 1<br>Condominio Guaporé 2<br>Condominio Guaporé 3<br>Condomínio Royal Park<br>Condomínio Jardim das Palmeiras<br>Condomínio Praça das Árvores<br>Condomínio Praça das Flores<br>Condomínio Praças do Golfe Resort I<br>Condomínio Praça dos Pássaros<br>Condomínio Praças do Sul<br>Condomínio Chácaras Internacional<br>Condomínio Recantos do Sul<br>Condomínio Vivendas do Sul<br>Condomínio Village Jardim Dos Gerânios<br>Condomínio Mil Pássaros<br>Condomínio Residencial Santorini<br>Condomínio Residencial Villarino<br>Condomínio Residencial Aurora Village<br>Condomínio Recreio Internacional<br>Condomínio Saint Gerard La Bretagne<br>Condomínio Saint Gerard La Bourgogne<br>Condomínio Village Monet<br>Condomínio Saint Gerard La Provence<br>Condomínio Trio Ribeirão<br>Portal dos Ipês<br>Residencial Savoia<br>Residencial Milano<br>Residencial Verona<br>Residencial Eco Domaine<br>Residencial Buritis<br>Quinta da Álvorada<br>Quinta dos Ventos]]></description>
        <styleUrl>#poly-673AB7-1200-77</styleUrl>
        <Polygon>
          <outerBoundaryIs>
            <LinearRing>
              <tessellate>1</tessellate>
              <coordinates>
                -47.753548,-21.1291879,0
                -47.7530329,-21.1292428,0
                -47.7513162,-21.129483,0
                -47.7514557,-21.1287925,0
                -47.7507476,-21.128122,0
                -47.7504472,-21.1260204,0
                -47.7501468,-21.1259904,0
                -47.7493743,-21.126851,0
                -47.7474646,-21.1275916,0
                -47.7467028,-21.1257302,0
                -47.7475826,-21.1249295,0
                -47.7494923,-21.1237486,0
                -47.7485589,-21.1222974,0
                -47.7475504,-21.121757,0
                -47.7486877,-21.1166628,0
                -47.7507154,-21.1155419,0
                -47.750694,-21.1183242,0
                -47.7523462,-21.1176537,0
                -47.7522818,-21.1127795,0
                -47.7536873,-21.1120389,0
                -47.7548031,-21.1107177,0
                -47.7559082,-21.1081455,0
                -47.7572278,-21.1049125,0
                -47.7581612,-21.1052028,0
                -47.7558116,-21.1106076,0
                -47.7568523,-21.1109579,0
                -47.7560906,-21.1125794,0
                -47.7542559,-21.1140606,0
                -47.7537624,-21.1148113,0
                -47.7540414,-21.1185044,0
                -47.7544545,-21.1188797,0
                -47.7559833,-21.1178339,0
                -47.7581612,-21.1159623,0
                -47.7584188,-21.1159622,0
                -47.7587943,-21.1169131,0
                -47.7574318,-21.1183593,0
                -47.7538376,-21.1210465,0
                -47.7551907,-21.1201174,0
                -47.7563776,-21.1191807,0
                -47.756855,-21.1188255,0
                -47.7574679,-21.1183475,0
                -47.7586038,-21.1171565,0
                -47.7590142,-21.1175219,0
                -47.7587674,-21.118029,0
                -47.7588881,-21.1188121,0
                -47.7547602,-21.1219372,0
                -47.7561442,-21.1230581,0
                -47.7563159,-21.1235685,0
                -47.756686,-21.1239387,0
                -47.7569813,-21.1243042,0
                -47.7556938,-21.1251248,0
                -47.7550715,-21.1259855,0
                -47.7544707,-21.125365,0
                -47.7530974,-21.1256252,0
                -47.7529687,-21.1272465,0
                -47.7555007,-21.127987,0
                -47.7551574,-21.1294481,0
                -47.753548,-21.1291879,0
              </coordinates>
            </LinearRing>
          </outerBoundaryIs>
        </Polygon>
      </Placemark>
      <Placemark>
        <name>Rib Preto 12 e 13 - Alcans (ativ)
Limite: 5
Horário: Segunda à Sábado
08:00 até às 17:00 horas
-------------------------------------------
Ribeirão Preto - Suporte 12
Limite: 07
Segunda à Segunda
</name>
        <description>BONFIM PAULISTA FTTH</description>
        <styleUrl>#poly-673AB7-1200-120</styleUrl>
        <Polygon>
          <outerBoundaryIs>
            <LinearRing>
              <tessellate>1</tessellate>
              <coordinates>
                -47.8188541,-21.2832408,0
                -47.8192404,-21.2836207,0
                -47.8195301,-21.2834907,0
                -47.8199055,-21.2839506,0
                -47.8203401,-21.2836757,0
                -47.8204943,-21.2838081,0
                -47.8205516,-21.2838375,0
                -47.8207377,-21.2840968,0
                -47.8210348,-21.2845854,0
                -47.8210629,-21.2848128,0
                -47.8209912,-21.285119,0
                -47.820604,-21.2860144,0
                -47.8202816,-21.2872018,0
                -47.8201633,-21.2878205,0
                -47.8196938,-21.2878,0
                -47.8189454,-21.2878394,0
                -47.8187039,-21.2878369,0
                -47.8184223,-21.2878619,0
                -47.8182855,-21.2878769,0
                -47.8181782,-21.2878818,0
                -47.8180762,-21.2878969,0
                -47.8179422,-21.2879068,0
                -47.8177625,-21.2879143,0
                -47.8174594,-21.2879368,0
                -47.816931,-21.2879818,0
                -47.8168586,-21.2878644,0
                -47.816703,-21.2878694,0
                -47.8164509,-21.2878744,0
                -47.8151795,-21.2881443,0
                -47.8152654,-21.2871097,0
                -47.8152707,-21.2867997,0
                -47.8152975,-21.2865498,0
                -47.8154155,-21.2861899,0
                -47.8166332,-21.2864298,0
                -47.8170356,-21.2850553,0
                -47.8170088,-21.2847653,0
                -47.8171107,-21.2845804,0
                -47.8172984,-21.2844154,0
                -47.817513,-21.2838656,0
                -47.8177812,-21.2834807,0
                -47.818484,-21.2828259,0
                -47.8188541,-21.2832408,0
              </coordinates>
            </LinearRing>
          </outerBoundaryIs>
        </Polygon>
      </Placemark>
      <Placemark>
        <name>Rib Preto 14 e 15 - Alcans (ativ)
Limite: 5
Horário: Segunda à Sábado
08:00 até às 17:00 horas

Rib Preto 14 - Terceiros Flex (ativ)
Horario: 08:00 até às 17:00 horas
Limite: Verificar bloqueio informativo.
-------------------------------------------

Ribeirão Preto - Suporte 14
Limite: 07
Segunda à Segunda
</name>
        <description><![CDATA[Jardim Jóquei Clube<br>Jardim Patriarca <br>Esplanada da Estação]]></description>
        <styleUrl>#poly-673AB7-1200-77</styleUrl>
        <Polygon>
          <outerBoundaryIs>
            <LinearRing>
              <tessellate>1</tessellate>
              <coordinates>
                -47.7645042,-21.1593702,0
                -47.7626803,-21.1593902,0
                -47.7633241,-21.1612112,0
                -47.7627876,-21.1613713,0
                -47.7593115,-21.1609511,0
                -47.7588179,-21.1595703,0
                -47.7601698,-21.1592301,0
                -47.7598694,-21.1581495,0
                -47.7623282,-21.1575814,0
                -47.7636927,-21.1574535,0
                -47.7645042,-21.1593702,0
              </coordinates>
            </LinearRing>
          </outerBoundaryIs>
        </Polygon>
      </Placemark>
      <Placemark>
        <name>Rib Preto 05 e 06 - Alcans (ativ)
Limite: 5
Horário: Segunda à Sábado
08:00 até às 17:00 horas

Rib Preto 06 - Terceiros Flex (ativ)
Horário: 08:00 até às 17:00 horas
Limite: Verificar bloqueio informativo.

Rib Preto 06 - Terceiros Comum (ativ)
Horário: 08:00 até às 17:00 horas
Limite: Verificar bloqueio informativo.
-------------------------------------------

Ribeirão Preto - Suporte 06
Limite: 07
Horário: Segunda à Segunda
</name>
        <description><![CDATA[Adelino Simioni<br>Avelino Alves Palma<br>Balneário Recreativa<br>Condomínio Bosque do Cerrado<br>Parque Industrial Avelino Alves Palma<br>Parque Industrial Tanquinho<br>Parque Industrial Cel. Quito Junqueira<br>Parque dos Sabias<br>Quintino Facci I<br>Quintino Facci II<br>Vila Brasil<br>Vila Carvalho<br>Vila Elisa<br>Chácaras Pedro Corrêa de Carvalho]]></description>
        <styleUrl>#poly-673AB7-1200-77</styleUrl>
        <Polygon>
          <outerBoundaryIs>
            <LinearRing>
              <tessellate>1</tessellate>
              <coordinates>
                -47.7902849,-21.098248,0
                -47.7834828,-21.1075966,0
                -47.7827318,-21.1060753,0
                -47.7811439,-21.1005301,0
                -47.7817876,-21.1006302,0
                -47.7809293,-21.0927025,0
                -47.7846415,-21.0919818,0
                -47.7850707,-21.0927626,0
                -47.786916,-21.0977074,0
                -47.7877743,-21.0963461,0
                -47.7904565,-21.0978476,0
                -47.7902849,-21.098248,0
              </coordinates>
            </LinearRing>
          </outerBoundaryIs>
        </Polygon>
      </Placemark>
      <Placemark>
        <name>Rib Preto 08 - Alcans (ativ)
Limite: 3
Horário: Segunda à Sábado
08:00 até às 17:00 horas
--------------------------------------------
Ribeirão Preto - Suporte 08
Limite: 07
Horário: Segunda à Segunda
</name>
        <description><![CDATA[Alto da Boa Vista<br>Centro<br>Condomínio Acapulco<br>Condomínio Itamaraty<br>Condomínio Cheyenne<br>Condomínio Edifício Apiácas<br>Condomínio Edifício Alameda dos Ipês<br>Condomínio Edifício Ametista<br>Condomínio Edifício Arthemi<br>Condomínio Edifício Baviera<br>Condomínio Edifício Celso Patelli<br>Condomínio Edifício Leite<br>Condomínio Edifício Toscana <br>Condomínio Edifício Estevan Antônio de Morais<br>Condomínio Edifício Spazio Uno<br>Condomínio Edifício Sauber<br>Condomínio Edifício Laranjeiras<br>Condomínio Edifício Manoela Maria<br>Condomínio Edifício Osvaldo<br>Condomínio Edifício Silvia<br>Condomínio Edifício Valu<br>Condomínio Edifício Veneto<br>Condomínio Edifício Ventura<br>Condomínio Edifício Vrademir Nascimento<br>Condomínio Edifício Villa Di Napoli<br>Condomínio Residencial Florida<br>Edifício Atrium<br>Edifício Danúbio<br>Edifico Perola Branca<br>Edifício Maria das Neves<br>Edifício Moyses Antonio Mellin<br>Edifício Stella<br>Edifício Santa Clara<br>Edifício Teresópolis<br>Jardim Sumaré<br>Jardim São Luiz<br>Jardim Irajá<br>Residencial Flórida<br>Residencial La Concorde]]></description>
        <styleUrl>#poly-673AB7-1200-77</styleUrl>
        <Polygon>
          <outerBoundaryIs>
            <LinearRing>
              <tessellate>1</tessellate>
              <coordinates>
                -47.797857,-21.1932253,0
                -47.7979696,-21.1937442,0
                -47.7979964,-21.1941581,0
                -47.7980286,-21.1956385,0
                -47.7978623,-21.1964087,0
                -47.7975458,-21.1961386,0
                -47.7969986,-21.1960886,0
                -47.7969986,-21.1959686,0
                -47.7975029,-21.1932378,0
                -47.7975324,-21.1929252,0
                -47.7977765,-21.1928727,0
                -47.797857,-21.1932253,0
              </coordinates>
            </LinearRing>
          </outerBoundaryIs>
        </Polygon>
      </Placemark>
      <Placemark>
        <name>Rib Preto 12 e 13 - Alcans (ativ)
Limite: 5
Horário: Segunda à Sábado
08:00 até às 17:00 horas
-------------------------------------------
Ribeirão Preto - Suporte 12
Limite: 07
Segunda à Segunda
</name>
        <description><![CDATA[Edifício Vision<br>Edifício Mirage<br>Edifício Lorena<br>Upper Ribeirão<br>Le Nôtre Residencial<br>Condomínio Evidence<br>Condomínio Mirante Sul<br>Condomínio Reserva Sul<br>Condomínio Residencial Palos Verdes<br>Condomínio Residencial Mirante do Ipê<br>Bonfim Paulista<br>Santa Ana - Terras de Bonfim<br>Condomínio Edifício Lar Grécia]]></description>
        <styleUrl>#poly-673AB7-1200-77</styleUrl>
        <Polygon>
          <outerBoundaryIs>
            <LinearRing>
              <tessellate>1</tessellate>
              <coordinates>
                -47.8111974,-21.2608689,0
                -47.8114544,-21.2608735,0
                -47.813083,-21.2612084,0
                -47.813538,-21.2612776,0
                -47.8153692,-21.261639,0
                -47.8157018,-21.2613491,0
                -47.81597,-21.2600892,0
                -47.8083311,-21.2583995,0
                -47.808138,-21.2588694,0
                -47.8080199,-21.2589294,0
                -47.8070223,-21.2586994,0
                -47.806915,-21.2584195,0
                -47.8072154,-21.2574496,0
                -47.8075157,-21.2574296,0
                -47.8089963,-21.2577095,0
                -47.8090874,-21.2572046,0
                -47.8093771,-21.2568897,0
                -47.8097205,-21.2564647,0
                -47.8103159,-21.2561497,0
                -47.8125904,-21.2557798,0
                -47.81293,-21.2559642,0
                -47.8133377,-21.257034,0
                -47.8142496,-21.2569941,0
                -47.8187021,-21.2566841,0
                -47.8194424,-21.2565741,0
                -47.820762,-21.2566041,0
                -47.8214594,-21.256834,0
                -47.8213306,-21.257259,0
                -47.8210302,-21.257644,0
                -47.8207728,-21.2581039,0
                -47.8206226,-21.2586239,0
                -47.8215238,-21.2601837,0
                -47.8221352,-21.2613035,0
                -47.8226824,-21.2616635,0
                -47.8228111,-21.2617634,0
                -47.8222103,-21.2627433,0
                -47.8232403,-21.2623633,0
                -47.8243134,-21.2630033,0
                -47.824485,-21.2637131,0
                -47.8236695,-21.264443,0
                -47.8245279,-21.264533,0
                -47.8254077,-21.2651129,0
                -47.8254592,-21.2655781,0
                -47.8233561,-21.2684976,0
                -47.8225622,-21.2680377,0
                -47.8221545,-21.2686576,0
                -47.8215699,-21.2683176,0
                -47.8215993,-21.2680952,0
                -47.8209476,-21.2677127,0
                -47.8199176,-21.2687325,0
                -47.8205158,-21.2694299,0
                -47.8207746,-21.2693487,0
                -47.8213392,-21.2698973,0
                -47.8213607,-21.2706971,0
                -47.8207831,-21.2710568,0
                -47.8197102,-21.269867,0
                -47.8181116,-21.2710768,0
                -47.8174035,-21.2707869,0
                -47.8154509,-21.2716467,0
                -47.8161215,-21.2727815,0
                -47.8161724,-21.272764,0
                -47.8164554,-21.2731901,0
                -47.8165776,-21.273208,0
                -47.8168887,-21.2735721,0
                -47.8170066,-21.2743861,0
                -47.8178756,-21.2751959,0
                -47.8165559,-21.2774453,0
                -47.8161053,-21.2769355,0
                -47.8150968,-21.2769155,0
                -47.8132193,-21.2778352,0
                -47.8127499,-21.2769179,0
                -47.8121948,-21.2779602,0
                -47.8135412,-21.2786551,0
                -47.8133266,-21.2796647,0
                -47.8132193,-21.2800996,0
                -47.8128652,-21.280397,0
                -47.8126131,-21.2806557,0
                -47.8124978,-21.281065,0
                -47.8123395,-21.2815142,0
                -47.8108697,-21.2782551,0
                -47.8101669,-21.2766255,0
                -47.809271,-21.2751959,0
                -47.8088044,-21.2755008,0
                -47.8089251,-21.2762732,0
                -47.8086957,-21.2765293,0
                -47.8085093,-21.2766356,0
                -47.8083484,-21.2767155,0
                -47.8107839,-21.2828739,0
                -47.8094856,-21.2836736,0
                -47.8088097,-21.2839735,0
                -47.8079729,-21.282294,0
                -47.8063529,-21.2798747,0
                -47.8058701,-21.2793348,0
                -47.8063958,-21.2789549,0
                -47.8055483,-21.2770854,0
                -47.8056555,-21.2769155,0
                -47.8070181,-21.2761656,0
                -47.8063851,-21.2750859,0
                -47.8088312,-21.2733663,0
                -47.8103439,-21.2740861,0
                -47.8120714,-21.2726565,0
                -47.8130047,-21.2719666,0
                -47.8132166,-21.2716829,0
                -47.8134889,-21.271781,0
                -47.8137215,-21.27215,0
                -47.8153704,-21.2715192,0
                -47.8172104,-21.2706218,0
                -47.8174863,-21.2703669,0
                -47.8175046,-21.2698071,0
                -47.8171874,-21.2691473,0
                -47.8157695,-21.2694674,0
                -47.8149508,-21.2699076,0
                -47.8147255,-21.2693277,0
                -47.8141461,-21.2694077,0
                -47.8134165,-21.2698176,0
                -47.8129445,-21.2702675,0
                -47.8126226,-21.2700876,0
                -47.8115605,-21.2693477,0
                -47.8116249,-21.2682679,0
                -47.8122257,-21.2674281,0
                -47.812526,-21.2665882,0
                -47.8123007,-21.2663183,0
                -47.8085027,-21.2648185,0
                -47.8078483,-21.2644286,0
                -47.808889,-21.2624989,0
                -47.8108444,-21.2607392,0
                -47.8111012,-21.2608507,0
                -47.8111974,-21.2608689,0
              </coordinates>
            </LinearRing>
          </outerBoundaryIs>
          <innerBoundaryIs>
            <LinearRing>
              <tessellate>1</tessellate>
              <coordinates>
                -47.8112562,-21.260978,0
                -47.8112548,-21.2609819,0
                -47.8111974,-21.2608689,0
                -47.8112562,-21.260978,0
              </coordinates>
            </LinearRing>
          </innerBoundaryIs>
          <innerBoundaryIs>
            <LinearRing>
              <tessellate>1</tessellate>
              <coordinates>
                -47.8142963,-21.2628039,0
                -47.8141998,-21.2629464,0
                -47.8140495,-21.2628776,0
                -47.8141461,-21.2626733,0
                -47.8143392,-21.2627411,0
                -47.8153692,-21.261639,0
                -47.8142963,-21.2628039,0
              </coordinates>
            </LinearRing>
          </innerBoundaryIs>
          <innerBoundaryIs>
            <LinearRing>
              <tessellate>1</tessellate>
              <coordinates>
                -47.8119871,-21.2612062,0
                -47.8130111,-21.2617887,0
                -47.8129751,-21.2623063,0
                -47.8123,-21.2619377,0
                -47.8121771,-21.2621158,0
                -47.8116303,-21.2617928,0
                -47.8118291,-21.2614148,0
                -47.8119871,-21.2612062,0
              </coordinates>
            </LinearRing>
          </innerBoundaryIs>
          <innerBoundaryIs>
            <LinearRing>
              <tessellate>1</tessellate>
              <coordinates>
                -47.8113064,-21.2610836,0
                -47.8116691,-21.2613239,0
                -47.8118291,-21.2614148,0
                -47.8117631,-21.2615399,0
                -47.8116275,-21.261555,0
                -47.8115088,-21.2617235,0
                -47.8110737,-21.2614721,0
                -47.8112548,-21.2609819,0
                -47.8113064,-21.2610836,0
              </coordinates>
            </LinearRing>
          </innerBoundaryIs>
        </Polygon>
      </Placemark>
      <Placemark>
        <name>Rib Preto 08 - Alcans (ativ)
Limite: 3
Horário: Segunda à Sábado
08:00 até às 17:00 horas
--------------------------------------------
Ribeirão Preto - Suporte 08
Limite: 07
Horário: Segunda à Segunda
</name>
        <description><![CDATA[Condomínio Edifício Sauber<br>Condomínio Stella<br>Edifício Atrium<br>Edifício Ana Gabriela<br>Condomínio Edifício Málaga<br>Condomínio Edifício Estevam Antônio de Morais<br>Condomínio Pérola Branca<br>Condomínio Victória<br>Condomínio Boa Vista<br>Edifício Mônaco<br>Condomínio Itamambuca<br>Condomínio Edificio Baviera<br>Edifício Pedro Santilli<br>Edifício Ville Unique<br>Edifício Silvia<br>Condomínio Santorine<br>Condomínio Edifício santos reis <br>Condomínio Edifício Uccello<br>Condomínio Residencial Ana Maria<br>Condomínio Edifício São Sebastião<br>Condomínio Edifício João e Mariana]]></description>
        <styleUrl>#poly-673AB7-1200-77</styleUrl>
        <Polygon>
          <outerBoundaryIs>
            <LinearRing>
              <tessellate>1</tessellate>
              <coordinates>
                -47.8195106,-21.2082199,0
                -47.8200658,-21.2088263,0
                -47.8204494,-21.2092876,0
                -47.8211897,-21.2103003,0
                -47.8202563,-21.2107354,0
                -47.8189205,-21.2113405,0
                -47.8175741,-21.2110355,0
                -47.8170108,-21.2110055,0
                -47.8164261,-21.2108861,0
                -47.8164851,-21.2108389,0
                -47.8163242,-21.2105678,0
                -47.8162062,-21.2106362,0
                -47.8163349,-21.210878,0
                -47.8157126,-21.2108248,0
                -47.8156429,-21.2107867,0
                -47.8152406,-21.2100428,0
                -47.8160613,-21.2096039,0
                -47.8162491,-21.2098752,0
                -47.8181212,-21.2091101,0
                -47.8179496,-21.20877,0
                -47.8186952,-21.2084349,0
                -47.8188186,-21.208685,0
                -47.8195106,-21.2082199,0
              </coordinates>
            </LinearRing>
          </outerBoundaryIs>
          <innerBoundaryIs>
            <LinearRing>
              <tessellate>1</tessellate>
              <coordinates>
                -47.820165,-21.2101114,0
                -47.8203205,-21.2103789,0
                -47.8200925,-21.210479,0
                -47.8199504,-21.2102114,0
                -47.820165,-21.2101114,0
              </coordinates>
            </LinearRing>
          </innerBoundaryIs>
        </Polygon>
      </Placemark>
      <Placemark>
        <name>Rib Preto 05 e 06 - Alcans (ativ)
Limite: 5
Horário: Segunda à Sábado
08:00 até às 17:00 horas

Rib Preto 05 - Terceiros Flex (ativ)
Horario: 08:00 até às 17:00 horas
Limite: Verificar bloqueio informativo.
-------------------------------------------

Ribeirão Preto - Suporte 05
Limite: 07
Horário: Segunda à Segunda
</name>
        <description>LIBERADO</description>
        <styleUrl>#poly-673AB7-1200-112</styleUrl>
        <Polygon>
          <outerBoundaryIs>
            <LinearRing>
              <tessellate>1</tessellate>
              <coordinates>
                -47.8103262,-21.1190151,0
                -47.8118778,-21.117805,0
                -47.812657,-21.1199577,0
                -47.8143709,-21.1217459,0
                -47.813135,-21.1229848,0
                -47.8123068,-21.1236233,0
                -47.8108377,-21.1247946,0
                -47.8093524,-21.1258558,0
                -47.8103689,-21.1271585,0
                -47.8093243,-21.1279186,0
                -47.8089878,-21.1274578,0
                -47.8077501,-21.1284155,0
                -47.8070669,-21.1276735,0
                -47.8069721,-21.1276828,0
                -47.8069997,-21.1288383,0
                -47.8071262,-21.1292859,0
                -47.8072056,-21.1294597,0
                -47.8042379,-21.1317451,0
                -47.8032561,-21.1232685,0
                -47.8054502,-21.1229583,0
                -47.8066795,-21.1219495,0
                -47.8080045,-21.1208787,0
                -47.8092571,-21.1198328,0
                -47.8103262,-21.1190151,0
              </coordinates>
            </LinearRing>
          </outerBoundaryIs>
        </Polygon>
      </Placemark>
      <Placemark>
        <name>Rib Preto 14 e 15 - Alcans (ativ)
Limite: 5
Horário: Segunda à Sábado
08:00 até às 17:00 horas

Rib Preto 15 - Terceiros Flex (ativ)
Horário: 08:00 até às 17:00 horas
Limite: Verificar bloqueio informativo.
-------------------------------------------

Ribeirão Preto - Suporte 15
Horário: Segunda à Segunda
Limite: 07
</name>
        <description><![CDATA[Ribeirão Verde<br>Condomínio Vitta Ribeirão Verde I, II e III<br>Condomínio Lar Itália<br>Condomínio Residencial Leblon<br>Condomínio Residencial Copacabana<br>Res. Léo Gomes de Moraes<br>Jardim Aeroporto<br>Jardim Salgado Filho<br>Jardim Florestan Fernandes<br>Jardim Diva Tarla de Carvalho<br>Jardim Prof. Antônio Palocci<br>Recanto Cruzeiro do Sul  ]]></description>
        <styleUrl>#poly-673AB7-1200-77</styleUrl>
        <Polygon>
          <outerBoundaryIs>
            <LinearRing>
              <tessellate>1</tessellate>
              <coordinates>
                -47.7740834,-21.1298507,0
                -47.7722595,-21.1354648,0
                -47.7721012,-21.135612,0
                -47.771829,-21.1356187,0
                -47.7715031,-21.1356249,0
                -47.7713476,-21.1352947,0
                -47.77131,-21.1352246,0
                -47.7707199,-21.1354097,0
                -47.7702049,-21.1356224,0
                -47.7700547,-21.135725,0
                -47.7698992,-21.1355799,0
                -47.7698321,-21.1354635,0
                -47.7688638,-21.1357675,0
                -47.7678902,-21.1361115,0
                -47.7679358,-21.1362454,0
                -47.7684508,-21.1377765,0
                -47.7686332,-21.1380867,0
                -47.7694164,-21.1403983,0
                -47.7676247,-21.1410187,0
                -47.7678191,-21.1421408,0
                -47.766991,-21.1424542,0
                -47.7664526,-21.1427476,0
                -47.7662389,-21.1419757,0
                -47.7651338,-21.1422059,0
                -47.7659707,-21.1448876,0
                -47.76557,-21.1450813,0
                -47.7650605,-21.1451815,0
                -47.7649693,-21.1449213,0
                -47.7648003,-21.1432852,0
                -47.7645723,-21.141479,0
                -47.7645026,-21.1413339,0
                -47.7635369,-21.1421094,0
                -47.7621958,-21.1432001,0
                -47.761316,-21.1422395,0
                -47.7624318,-21.1394076,0
                -47.7631292,-21.138487,0
                -47.7639446,-21.1368658,0
                -47.7659856,-21.133569,0
                -47.7664874,-21.1340238,0
                -47.7671955,-21.1341139,0
                -47.7687533,-21.134166,0
                -47.7688388,-21.1339624,0
                -47.7678178,-21.1324026,0
                -47.7701204,-21.1314256,0
                -47.7704081,-21.1316101,0
                -47.7705992,-21.1320548,0
                -47.77109,-21.1318721,0
                -47.7707494,-21.1312292,0
                -47.7740834,-21.1298507,0
              </coordinates>
            </LinearRing>
          </outerBoundaryIs>
        </Polygon>
      </Placemark>
      <Placemark>
        <name>Rib Preto 14 e 15 - Alcans (ativ)
Limite: 5
Horário: Segunda à Sábado
08:00 até às 17:00 horas

Rib Preto 15 - Terceiros Flex (ativ)
Horário: 08:00 até às 17:00 horas
Limite: Verificar bloqueio informativo.
-------------------------------------------

Ribeirão Preto - Suporte 15
Horário: Segunda à Segunda
Limite: 07
</name>
        <description><![CDATA[Ribeirão Verde<br>Condomínio Vitta Ribeirão Verde I, II e III<br>Condomínio Lar Itália<br>Condomínio Residencial Leblon<br>Condomínio Residencial Copacabana<br>Res. Léo Gomes de Moraes<br>Jardim Aeroporto<br>Jardim Salgado Filho<br>Jardim Florestan Fernandes<br>Jardim Diva Tarla de Carvalho<br>Jardim Prof. Antônio Palocci<br>Recanto Cruzeiro do Sul  ]]></description>
        <styleUrl>#poly-673AB7-1200-102</styleUrl>
        <MultiGeometry>
          <Polygon>
            <outerBoundaryIs>
              <LinearRing>
                <tessellate>1</tessellate>
                <coordinates>
                  -47.7406224,-21.1357787,0
                  -47.7406178,-21.1357749,0
                  -47.7406121,-21.1357605,0
                  -47.7406224,-21.1357787,0
                </coordinates>
              </LinearRing>
            </outerBoundaryIs>
          </Polygon>
          <Polygon>
            <outerBoundaryIs>
              <LinearRing>
                <tessellate>1</tessellate>
                <coordinates>
                  -47.7407199,-21.1359501,0
                  -47.7410763,-21.1360376,0
                  -47.7411328,-21.1377913,0
                  -47.7400533,-21.1378976,0
                  -47.7400359,-21.1383492,0
                  -47.7381745,-21.1385543,0
                  -47.738346,-21.1398101,0
                  -47.7356584,-21.1403105,0
                  -47.7339713,-21.1406733,0
                  -47.7337875,-21.1406945,0
                  -47.7336689,-21.14044,0
                  -47.731619,-21.1407858,0
                  -47.7312756,-21.1393248,0
                  -47.7337554,-21.1384717,0
                  -47.7338882,-21.1387395,0
                  -47.7356326,-21.1384178,0
                  -47.735639,-21.138086,0
                  -47.7360166,-21.1380028,0
                  -47.7361581,-21.1383149,0
                  -47.7366,-21.1382267,0
                  -47.7376488,-21.1380241,0
                  -47.7386466,-21.1367132,0
                  -47.7392353,-21.1363542,0
                  -47.7405597,-21.1362647,0
                  -47.7407199,-21.1359501,0
                </coordinates>
              </LinearRing>
            </outerBoundaryIs>
          </Polygon>
          <Polygon>
            <outerBoundaryIs>
              <LinearRing>
                <tessellate>1</tessellate>
                <coordinates>
                  -47.7404436,-21.1353371,0
                  -47.7396168,-21.1351276,0
                  -47.7396312,-21.134879,0
                  -47.7372638,-21.1334996,0
                  -47.7358948,-21.1326881,0
                  -47.7347189,-21.1319567,0
                  -47.7342329,-21.1284009,0
                  -47.733189,-21.1199414,0
                  -47.7350952,-21.1197481,0
                  -47.7352451,-21.1209737,0
                  -47.7355734,-21.120941,0
                  -47.7358454,-21.1208908,0
                  -47.736501,-21.1191379,0
                  -47.7382134,-21.1192954,0
                  -47.7380938,-21.119688,0
                  -47.7400798,-21.1203221,0
                  -47.7401587,-21.1200705,0
                  -47.740469,-21.1199472,0
                  -47.7447911,-21.1213969,0
                  -47.7452246,-21.1216945,0
                  -47.7456474,-21.1216518,0
                  -47.7459118,-21.1228909,0
                  -47.7458383,-21.1236546,0
                  -47.7458146,-21.1238359,0
                  -47.7458852,-21.1240085,0
                  -47.7451734,-21.1253893,0
                  -47.7449657,-21.1254489,0
                  -47.7446312,-21.1252736,0
                  -47.7442977,-21.1254962,0
                  -47.7439486,-21.1252322,0
                  -47.7431678,-21.1259058,0
                  -47.7431958,-21.1263277,0
                  -47.7415931,-21.1269297,0
                  -47.7410548,-21.1265492,0
                  -47.7401204,-21.126519,0
                  -47.7397011,-21.1274496,0
                  -47.7393854,-21.1284888,0
                  -47.7400417,-21.1287158,0
                  -47.7399767,-21.1293821,0
                  -47.7397723,-21.1300784,0
                  -47.7401789,-21.1302801,0
                  -47.740064,-21.1306985,0
                  -47.7400684,-21.1307722,0
                  -47.7405958,-21.1309585,0
                  -47.7412806,-21.1307457,0
                  -47.7420574,-21.1309607,0
                  -47.7422925,-21.1302775,0
                  -47.7439191,-21.1296538,0
                  -47.7439961,-21.129602,0
                  -47.7441105,-21.1295926,0
                  -47.7447901,-21.1293938,0
                  -47.7450496,-21.1293465,0
                  -47.7461318,-21.1294371,0
                  -47.7471138,-21.1295474,0
                  -47.7472429,-21.1294901,0
                  -47.7476941,-21.1295906,0
                  -47.749192,-21.1300368,0
                  -47.7494436,-21.1290048,0
                  -47.7498397,-21.1288747,0
                  -47.7500319,-21.1289254,0
                  -47.7498675,-21.1302595,0
                  -47.7506275,-21.1303158,0
                  -47.7508278,-21.1304434,0
                  -47.7513074,-21.131864,0
                  -47.7487476,-21.131663,0
                  -47.7486492,-21.1346235,0
                  -47.7472984,-21.1346951,0
                  -47.7455715,-21.1350211,0
                  -47.7449628,-21.1360058,0
                  -47.7444178,-21.1365677,0
                  -47.745112,-21.1371045,0
                  -47.7443063,-21.1378231,0
                  -47.7436831,-21.1388868,0
                  -47.7426473,-21.1386181,0
                  -47.742993,-21.1380184,0
                  -47.7432959,-21.1372786,0
                  -47.7446866,-21.1351591,0
                  -47.7404436,-21.1353371,0
                </coordinates>
              </LinearRing>
            </outerBoundaryIs>
          </Polygon>
        </MultiGeometry>
      </Placemark>
      <Placemark>
        <name>Rib Preto 05 e 06 - Alcans (ativ)
Limite: 5
Horário: Segunda à Sábado
08:00 até às 17:00 horas

Rib Preto 06 - Terceiros Flex (ativ)
Horário: 08:00 até às 17:00 horas
Limite: Verificar bloqueio informativo.

Rib Preto 06 - Terceiros Comum (ativ)
Horário: 08:00 até às 17:00 horas
Limite: Verificar bloqueio informativo.
-------------------------------------------

Ribeirão Preto - Suporte 06
Limite: 07
Horário: Segunda à Segunda
</name>
        <description><![CDATA[Adelino Simioni<br>Avelino Alves Palma<br>Balneário Recreativa<br>Condomínio Bosque do Cerrado<br>Parque Industrial Avelino Alves Palma<br>Parque Industrial Tanquinho<br>Parque Industrial Cel. Quito Junqueira<br>Parque dos Sabias<br>Quintino Facci I<br>Quintino Facci II<br>Vila Brasil<br>Vila Carvalho<br>Vila Elisa<br>Chácaras Pedro Corrêa de Carvalho]]></description>
        <styleUrl>#poly-673AB7-1200-77</styleUrl>
        <Polygon>
          <outerBoundaryIs>
            <LinearRing>
              <tessellate>1</tessellate>
              <coordinates>
                -47.8053393,-21.1115023,0
                -47.8019489,-21.1166667,0
                -47.8026409,-21.1174224,0
                -47.8020455,-21.1183581,0
                -47.8010477,-21.1177877,0
                -47.8005703,-21.1182781,0
                -47.7999936,-21.1178578,0
                -47.7998179,-21.118098,0
                -47.7996335,-21.1179829,0
                -47.7994233,-21.1183307,0
                -47.799138,-21.1187835,0
                -47.7984554,-21.1195291,0
                -47.7987062,-21.1196142,0
                -47.8002914,-21.1197443,0
                -47.8020777,-21.1198294,0
                -47.8020662,-21.1204269,0
                -47.8021785,-21.1212661,0
                -47.8009901,-21.1212053,0
                -47.8009389,-21.1215148,0
                -47.7998002,-21.1216188,0
                -47.7993573,-21.1216768,0
                -47.7991689,-21.1216828,0
                -47.7994035,-21.123436,0
                -47.8010209,-21.1233197,0
                -47.8011872,-21.124428,0
                -47.8025498,-21.124403,0
                -47.8028502,-21.1279058,0
                -47.8006936,-21.1279958,0
                -47.8006776,-21.1285863,0
                -47.7996825,-21.1286313,0
                -47.7990951,-21.1273753,0
                -47.7984299,-21.1259742,0
                -47.7974858,-21.1253137,0
                -47.7956404,-21.1245531,0
                -47.7959566,-21.1217674,0
                -47.796144,-21.1194621,0
                -47.7902331,-21.1249935,0
                -47.7883019,-21.1238326,0
                -47.7891602,-21.1220712,0
                -47.7880444,-21.1202697,0
                -47.7867569,-21.1181079,0
                -47.7842678,-21.1101812,0
                -47.7869715,-21.1062577,0
                -47.7902085,-21.1090264,0
                -47.7904969,-21.1096895,0
                -47.7919084,-21.1097008,0
                -47.7927191,-21.1096419,0
                -47.7928509,-21.1116274,0
                -47.7929336,-21.1135704,0
                -47.7954013,-21.1136104,0
                -47.7956802,-21.1133902,0
                -47.7955638,-21.1058303,0
                -47.7957906,-21.1050966,0
                -47.7981403,-21.1054369,0
                -47.7989878,-21.1054769,0
                -47.799181,-21.1051767,0
                -47.7994813,-21.1049165,0
                -47.8002967,-21.1048764,0
                -47.8011765,-21.1047763,0
                -47.8010477,-21.1053368,0
                -47.8001465,-21.1067181,0
                -47.8023996,-21.1078991,0
                -47.8041162,-21.1055971,0
                -47.8033652,-21.1052968,0
                -47.8043737,-21.1038154,0
                -47.8060474,-21.1047363,0
                -47.8028716,-21.110001,0
                -47.8053393,-21.1115023,0
              </coordinates>
            </LinearRing>
          </outerBoundaryIs>
          <innerBoundaryIs>
            <LinearRing>
              <tessellate>1</tessellate>
              <coordinates>
                -47.7962665,-21.1191689,0
                -47.7965607,-21.1189658,0
                -47.7970573,-21.1187979,0
                -47.7975568,-21.1190424,0
                -47.7976869,-21.1193514,0
                -47.7975059,-21.1195553,0
                -47.796144,-21.1194621,0
                -47.7962665,-21.1191689,0
              </coordinates>
            </LinearRing>
          </innerBoundaryIs>
        </Polygon>
      </Placemark>
      <Placemark>
        <name>Rib Preto 08 - Alcans (ativ)
Limite: 3
Horário: Segunda à Sábado
08:00 até às 17:00 horas
--------------------------------------------
Ribeirão Preto - Suporte 08
Limite: 07
Horário: Segunda à Segunda</name>
        <description><![CDATA[Alto da Boa Vista<br>Centro<br>Condomínio Acapulco<br>Condomínio Itamaraty<br>Condomínio Cheyenne<br>Condomínio Edifício Apiácas<br>Condomínio Edifício Alameda dos Ipês<br>Condomínio Edifício Ametista<br>Condomínio Edifício Arthemi<br>Condomínio Edifício Atlanta<br>Condomínio Edifício Baviera<br>Condomínio Edifício Celso Patelli<br>Condomínio Edifício Leite<br>Condomínio Edifício Toscana <br>Condomínio Edifício Estevan Antônio de Morais<br>Condomínio Edifício Spazio Uno<br>Condomínio Edifício Sauber<br>Condomínio Edifício Laranjeiras<br>Condomínio Edifício Manoela Maria<br>Condomínio Edifício Montpellier<br>Condomínio Edifício Osvaldo<br>Condomínio Edifício Silvia<br>Condomínio Edifício Valu<br>Condomínio Edifício Veneto<br>Condomínio Edifício Ventura<br>Condomínio Edifício Vrademir Nascimento<br>Condomínio Edifício Villa Di Napoli<br>Condomínio Residencial Florida<br>Condomínio Edifício Île Verte<br>Edifício Atrium<br>Edifício Danúbio<br>Edifico Perola Branca<br>Edifício Maria das Neves<br>Edifício Moyses Antonio Mellin<br>Edifício Stella<br>Edifício Santa Clara<br>Edifício Teresópolis<br>Jardim Sumaré<br>Jardim São Luiz<br>Jardim Irajá<br>Residencial Flórida<br>Residencial La Concorde<br>Condomínio Edifício Atlanta]]></description>
        <styleUrl>#poly-673AB7-1200-77</styleUrl>
        <Polygon>
          <outerBoundaryIs>
            <LinearRing>
              <tessellate>1</tessellate>
              <coordinates>
                -47.8063337,-21.2101861,0
                -47.8056041,-21.2114064,0
                -47.8051321,-21.2112263,0
                -47.8029917,-21.2101611,0
                -47.801724,-21.2095124,0
                -47.801613,-21.209666,0
                -47.8011303,-21.2105562,0
                -47.7996496,-21.2099461,0
                -47.7999071,-21.209356,0
                -47.7957122,-21.2074655,0
                -47.7952669,-21.2071555,0
                -47.7948538,-21.2067554,0
                -47.7938614,-21.2060703,0
                -47.7942209,-21.2057127,0
                -47.7940519,-21.2055589,0
                -47.7936938,-21.2058946,0
                -47.7924667,-21.2052251,0
                -47.7930729,-21.2045349,0
                -47.7935557,-21.2036947,0
                -47.7941243,-21.2028744,0
                -47.7947895,-21.2019242,0
                -47.7957765,-21.2008739,0
                -47.7967636,-21.1996336,0
                -47.7984158,-21.2009739,0
                -47.7986519,-21.2008939,0
                -47.8000466,-21.2021943,0
                -47.799663,-21.2025468,0
                -47.7986626,-21.2034746,0
                -47.7991132,-21.2038947,0
                -47.7993332,-21.2037272,0
                -47.8003149,-21.2029345,0
                -47.8015057,-21.2034146,0
                -47.802368,-21.2018404,0
                -47.8033873,-21.2022905,0
                -47.8038459,-21.2010752,0
                -47.8084259,-21.2031746,0
                -47.8069882,-21.2037847,0
                -47.8070525,-21.2041648,0
                -47.8077285,-21.2044548,0
                -47.8051481,-21.209511,0
                -47.806441,-21.2100961,0
                -47.8063337,-21.2101861,0
              </coordinates>
            </LinearRing>
          </outerBoundaryIs>
        </Polygon>
      </Placemark>
      <Placemark>
        <name>Rib Preto 12 e 13 - Alcans (ativ)
Limite: 5
Horário: Segunda à Sábado
08:00 até às 17:00 horas
-------------------------------------------
Ribeirão Preto - Suporte 12
Limite: 07
Segunda à Segunda
</name>
        <description>FTTH - Bonfim Paulista</description>
        <styleUrl>#poly-673AB7-1200-97</styleUrl>
        <Polygon>
          <outerBoundaryIs>
            <LinearRing>
              <tessellate>1</tessellate>
              <coordinates>
                -47.8181782,-21.2803066,0
                -47.8186825,-21.2810314,0
                -47.8184572,-21.2818962,0
                -47.8177544,-21.2821761,0
                -47.8168532,-21.2810064,0
                -47.8169551,-21.2804866,0
                -47.817454,-21.2801866,0
                -47.8181782,-21.2803066,0
              </coordinates>
            </LinearRing>
          </outerBoundaryIs>
        </Polygon>
      </Placemark>
      <Placemark>
        <name>Rib Preto 09 e 10 - Alcans (ativ)
Limite: 5
Horário: Segunda à Sábado
08:00 até às 17:00 horas

Rib Preto 10 - Terceiros Flex (ativ)
Horario: 08:00 até às 17:00 horas
Limite: Verificar bloqueio informativo.
-------------------------------------------

Ribeirão Preto - Suporte 10
Limite: 07
Horário: Segunda à Segunda
</name>
        <description><![CDATA[Villa Joana Darc<br>Jardim Botânico]]></description>
        <styleUrl>#poly-673AB7-1200-77</styleUrl>
        <Polygon>
          <outerBoundaryIs>
            <LinearRing>
              <tessellate>1</tessellate>
              <coordinates>
                -47.7978998,-21.217456,0
                -47.797755,-21.2183762,0
                -47.7973419,-21.2183462,0
                -47.7974599,-21.2176911,0
                -47.797181,-21.2176461,0
                -47.797004,-21.2187412,0
                -47.7966634,-21.2187987,0
                -47.7965051,-21.2186662,0
                -47.7962368,-21.2186212,0
                -47.7962181,-21.2186162,0
                -47.7962865,-21.2182037,0
                -47.7963441,-21.2178661,0
                -47.7963941,-21.2177141,0
                -47.796401,-21.2176746,0
                -47.7964557,-21.217489,0
                -47.7964085,-21.217386,0
                -47.7960974,-21.217461,0
                -47.7960201,-21.217422,0
                -47.7958265,-21.2172916,0
                -47.7957541,-21.2176673,0
                -47.7956864,-21.2181335,0
                -47.795903,-21.2181621,0
                -47.7958587,-21.2184143,0
                -47.7956418,-21.2183975,0
                -47.7955663,-21.2187478,0
                -47.7955234,-21.2189244,0
                -47.7957594,-21.2189725,0
                -47.7957434,-21.2191238,0
                -47.7954322,-21.2189988,0
                -47.7947312,-21.2186796,0
                -47.7949977,-21.217371,0
                -47.795062,-21.2166909,0
                -47.7957219,-21.2168309,0
                -47.7956059,-21.216955,0
                -47.7955998,-21.2170416,0
                -47.7958962,-21.2172348,0
                -47.7961081,-21.2170885,0
                -47.7964595,-21.2174035,0
                -47.7968556,-21.2175692,0
                -47.7968315,-21.2178442,0
                -47.7970353,-21.2178842,0
                -47.7971078,-21.2175142,0
                -47.7971595,-21.217466,0
                -47.7973205,-21.217321,0
                -47.7978998,-21.217456,0
              </coordinates>
            </LinearRing>
          </outerBoundaryIs>
        </Polygon>
      </Placemark>
      <Placemark>
        <name>Rib Preto 05 e 06 - Alcans (ativ)
Limite: 5
Horário: Segunda à Sábado
08:00 até às 17:00 horas

Rib Preto 05 - Terceiros Flex (ativ)
Horario: 08:00 até às 17:00 horas
Limite: Verificar bloqueio informativo.
-------------------------------------------

Ribeirão Preto - Suporte 05
Limite: 07
Horário: Segunda à Segunda
</name>
        <styleUrl>#poly-673AB7-1200-77-nodesc</styleUrl>
        <Polygon>
          <outerBoundaryIs>
            <LinearRing>
              <tessellate>1</tessellate>
              <coordinates>
                -47.8191933,-21.1283598,0
                -47.8191761,-21.1284662,0
                -47.8148297,-21.1319262,0
                -47.8139848,-21.1309616,0
                -47.8156799,-21.1295305,0
                -47.8150577,-21.12883,0
                -47.817718,-21.1268387,0
                -47.8191933,-21.1283598,0
              </coordinates>
            </LinearRing>
          </outerBoundaryIs>
        </Polygon>
      </Placemark>
      <Placemark>
        <name>Rib Preto 12 e 13 - Alcans (ativ)
Limite: 5
Horário: Segunda à Sábado
08:00 até às 17:00 horas

Rib Preto 13 - Terceiros Flex (ativ)
Horario: 08:00 até às 17:00 horas
Limite: Verificar bloqueio informativo.
-------------------------------------------

Ribeirão Preto - Suporte 13
Limite: 07
Segunda à Segunda
</name>
        <description><![CDATA[Recreio Anhanguera<br>Ribeirânia<br>Nova Ribeirânia<br>Condomínio Ribeirânia<br>Condomínio Clube Parque das Árvores<br>Condomínio Greenpark<br>Condomínio Jatobá<br>Condomínio Jardins de Florença<br>Condomínio Villagio Belluno<br>Condomínio Villagio Imola<br>Condomínio Reino da Escócia<br>Condomínio Reino da Inglaterra (Observação: blocos obstruídos 8,15,16,32,33,34,37 Não vender para esses blocos.<br>Parque Rosário do Sul<br>Parque Renascer<br>Parque Romanetto<br>Portofino Residencial<br>Recreio das Acácias<br>Residencial Jardins de Provence<br>Residencial Rejane<br>Res. Greenville<br>Jardim Manoel Penna<br>Condominio Hub<br>Condomínio Jardins de Veneza Residencial]]></description>
        <styleUrl>#poly-673AB7-1200-77</styleUrl>
        <MultiGeometry>
          <Polygon>
            <outerBoundaryIs>
              <LinearRing>
                <tessellate>1</tessellate>
                <coordinates>
                  -47.7947329,-21.1957958,0
                  -47.7951174,-21.1952538,0
                  -47.7955037,-21.1947336,0
                  -47.7947329,-21.1957958,0
                </coordinates>
              </LinearRing>
            </outerBoundaryIs>
          </Polygon>
          <Polygon>
            <outerBoundaryIs>
              <LinearRing>
                <tessellate>1</tessellate>
                <coordinates>
                  -47.7933043,-21.1965841,0
                  -47.7947329,-21.1957958,0
                  -47.7940056,-21.1962069,0
                  -47.7933043,-21.1965841,0
                </coordinates>
              </LinearRing>
            </outerBoundaryIs>
          </Polygon>
          <Polygon>
            <outerBoundaryIs>
              <LinearRing>
                <tessellate>1</tessellate>
                <coordinates>
                  -47.7745851,-21.2014954,0
                  -47.7746012,-21.2013641,0
                  -47.7718332,-21.1979632,0
                  -47.7711317,-21.1982875,0
                  -47.7705524,-21.1976874,0
                  -47.7755091,-21.1942063,0
                  -47.7779124,-21.1924657,0
                  -47.7808091,-21.1904651,0
                  -47.78222,-21.1914455,0
                  -47.7825687,-21.1909877,0
                  -47.7847788,-21.1926458,0
                  -47.7845777,-21.1927833,0
                  -47.7850266,-21.1934504,0
                  -47.7854943,-21.1943351,0
                  -47.7838698,-21.1955247,0
                  -47.7836427,-21.1953588,0
                  -47.7849132,-21.1935004,0
                  -47.7844771,-21.1928447,0
                  -47.782794,-21.1938712,0
                  -47.7826813,-21.1940012,0
                  -47.7824721,-21.1942113,0
                  -47.7819035,-21.1948665,0
                  -47.7813027,-21.1951666,0
                  -47.778878,-21.196507,0
                  -47.7799508,-21.1988877,0
                  -47.780042,-21.1987526,0
                  -47.7911182,-21.1985781,0
                  -47.7913388,-21.199123,0
                  -47.7931045,-21.1983259,0
                  -47.7945912,-21.1988091,0
                  -47.7947751,-21.1992154,0
                  -47.7931887,-21.200592,0
                  -47.7908363,-21.2003077,0
                  -47.790458,-21.2009837,0
                  -47.7893958,-21.2011837,0
                  -47.788956,-21.2022941,0
                  -47.7890418,-21.2031543,0
                  -47.7900289,-21.2035844,0
                  -47.7902505,-21.203949,0
                  -47.7893278,-21.2050693,0
                  -47.7903524,-21.2056494,0
                  -47.7894297,-21.2068947,0
                  -47.7890143,-21.207267,0
                  -47.7880994,-21.2076949,0
                  -47.7872786,-21.207895,0
                  -47.7855298,-21.20808,0
                  -47.7850017,-21.2081022,0
                  -47.7844998,-21.20824,0
                  -47.7844891,-21.20834,0
                  -47.7848646,-21.2090652,0
                  -47.7847681,-21.2093353,0
                  -47.7755306,-21.2109906,0
                  -47.7742216,-21.2118508,0
                  -47.7727377,-21.2126384,0
                  -47.7718299,-21.2117871,0
                  -47.7716669,-21.2109914,0
                  -47.7717755,-21.2102305,0
                  -47.7704451,-21.2088702,0
                  -47.7692864,-21.2056895,0
                  -47.7681426,-21.2030246,0
                  -47.7717367,-21.2032947,0
                  -47.7729792,-21.2028917,0
                  -47.7748051,-21.2025545,0
                  -47.7748159,-21.2019043,0
                  -47.7745851,-21.2014954,0
                </coordinates>
              </LinearRing>
            </outerBoundaryIs>
            <innerBoundaryIs>
              <LinearRing>
                <tessellate>1</tessellate>
                <coordinates>
                  -47.7746154,-21.2014904,0
                  -47.7748066,-21.2013527,0
                  -47.7750376,-21.2016329,0
                  -47.7748185,-21.2017718,0
                  -47.7746154,-21.2014904,0
                </coordinates>
              </LinearRing>
            </innerBoundaryIs>
            <innerBoundaryIs>
              <LinearRing>
                <tessellate>1</tessellate>
                <coordinates>
                  -47.7756742,-21.2016575,0
                  -47.7756331,-21.2016737,0
                  -47.7754221,-21.2013351,0
                  -47.7759237,-21.2010101,0
                  -47.776141,-21.2013752,0
                  -47.7758525,-21.2015387,0
                  -47.7760388,-21.2019248,0
                  -47.7758671,-21.2020148,0
                  -47.7756742,-21.2016575,0
                </coordinates>
              </LinearRing>
            </innerBoundaryIs>
            <innerBoundaryIs>
              <LinearRing>
                <tessellate>1</tessellate>
                <coordinates>
                  -47.7749899,-21.2012375,0
                  -47.7751697,-21.20109,0
                  -47.775252,-21.2010419,0
                  -47.775447,-21.2013064,0
                  -47.7751965,-21.2014534,0
                  -47.7751777,-21.2014384,0
                  -47.7750055,-21.2015791,0
                  -47.7748347,-21.2013802,0
                  -47.7749899,-21.2012375,0
                </coordinates>
              </LinearRing>
            </innerBoundaryIs>
          </Polygon>
        </MultiGeometry>
      </Placemark>
      <Placemark>
        <name>Rib Preto 09 e 10 - Alcans (ativ)
Limite: 5
Horário: Segunda à Sábado
08:00 até às 17:00 horas

Rib Preto 10 - Terceiros Flex (ativ)
Horario: 08:00 até às 17:00 horas
Limite: Verificar bloqueio informativo.
-------------------------------------------

Ribeirão Preto - Suporte 10
Limite: 07
Horário: Segunda à Segunda
</name>
        <description>Jardim Botânico.</description>
        <styleUrl>#poly-673AB7-1200-77</styleUrl>
        <Polygon>
          <outerBoundaryIs>
            <LinearRing>
              <tessellate>1</tessellate>
              <coordinates>
                -47.7991279,-21.2099068,0
                -47.7987954,-21.2119222,0
                -47.7980123,-21.2118972,0
                -47.7978379,-21.2130598,0
                -47.7985997,-21.2132023,0
                -47.7978888,-21.2173681,0
                -47.7974972,-21.2172931,0
                -47.7975972,-21.2168155,0
                -47.7979546,-21.216878,0
                -47.798035,-21.216438,0
                -47.7976896,-21.216373,0
                -47.7978378,-21.2155128,0
                -47.7959629,-21.2152328,0
                -47.7961306,-21.2141814,0
                -47.7961373,-21.213545,0
                -47.7961561,-21.2127023,0
                -47.7959308,-21.2121222,0
                -47.7969607,-21.2113321,0
                -47.798393,-21.2115821,0
                -47.7987578,-21.2099018,0
                -47.7991279,-21.2099068,0
              </coordinates>
            </LinearRing>
          </outerBoundaryIs>
          <innerBoundaryIs>
            <LinearRing>
              <tessellate>1</tessellate>
              <coordinates>
                -47.7969457,-21.2132853,0
                -47.7965393,-21.2132366,0
                -47.7965676,-21.2129951,0
                -47.7974553,-21.2130978,0
                -47.7974258,-21.2133453,0
                -47.7969457,-21.2132853,0
              </coordinates>
            </LinearRing>
          </innerBoundaryIs>
        </Polygon>
      </Placemark>
      <Placemark>
        <name>Rib Preto 07 - Alcans (ativ)
Limite: 5
Horário: Segunda à Sábado
08:00 até às 17:00 horas

Rib Preto 07 - Terceiros Flex (ativ)
Horário: 08:00 até às 17:00 horas
Limite: Verificar bloqueio informativo.

Rib Preto 07 - Terceiros Comum (ativ)
Horário: 08:00 até às 17:00 horas
Limite: Verificar bloqueio informativo.
--------------------------------------------

Ribeirão Preto - Suporte 07
Limite: 07
Horário: Segunda à Segunda
</name>
        <description><![CDATA[Campos Elísios<br>Condomínio Vitta Campos Elíseos<br>Condomínio Residencial Atibaia<br>Condomínio Residencial Morada Tropical<br>Condomínio Residencial Vila Inglesa<br>Condomínio Residencial Letícia<br>Condomínio Edifício Jardim Macedo<br>Condomínio Edifício Rubi<br>Condomínio Edifício Indaia<br>Condomínio Edifício Portal Do Mosteiro<br>Condomínio Edifício Riviera<br>Condomínio Edifício Independência<br>Condomínio Edifício Santo Antônio<br>Condomínio Edifício Santa Luzia<br>Condomínio Edifício Maria Alves Zaparolli<br>Condomínio Edifício Mariana Goulart<br>Condomínio Edifício Noroega<br>Condomínio Edifício Vander Fregnani<br>Condomínio Edifício Zita Maffud Secaf<br>Condomínio Gris Residence<br>Edifício Residencial Sevilha<br>Edifício Residencial Cadiz<br>Condomínio Caxangá<br>Independência<br>Jardim Mosteiro<br>Jardim Paulistano<br>Jardim Paulista<br>Jardim Castelo Branco<br>Residencial São Luiz<br>Residencial Vitale<br>Parque dos Bandeirantes<br>Vila Tamandare<br>Vila Mariana <br>Edificio mucuripe<br>Condomínio Edifício Monte Carlo<br>Condomínio Edifício Solar Gran Ville<br>(Cond. sem nome) Rua Capivari, 44<br>Condomínio Edifício Lourenço Pagano]]></description>
        <styleUrl>#poly-673AB7-1200-77</styleUrl>
        <Polygon>
          <outerBoundaryIs>
            <LinearRing>
              <tessellate>1</tessellate>
              <coordinates>
                -47.7889631,-21.1907787,0
                -47.7887163,-21.1902986,0
                -47.785884,-21.188648,0
                -47.7836738,-21.1877777,0
                -47.7820215,-21.1889181,0
                -47.7788888,-21.1911589,0
                -47.777301,-21.1893383,0
                -47.7744686,-21.1863372,0
                -47.7739912,-21.1857819,0
                -47.7734548,-21.1851667,0
                -47.7735245,-21.1847366,0
                -47.7754128,-21.183296,0
                -47.7766573,-21.1818555,0
                -47.7796613,-21.1778938,0
                -47.7803478,-21.1764932,0
                -47.7812491,-21.1752527,0
                -47.782,-21.1744123,0
                -47.7805195,-21.1725315,0
                -47.780777,-21.1712109,0
                -47.7803103,-21.1707807,0
                -47.7795138,-21.1695801,0
                -47.779609,-21.169405,0
                -47.7805195,-21.16933,0
                -47.7839957,-21.1688897,0
                -47.7856802,-21.1692599,0
                -47.7864694,-21.1694419,0
                -47.7885568,-21.1671926,0
                -47.7886976,-21.1662759,0
                -47.7890007,-21.1662835,0
                -47.7889201,-21.1669388,0
                -47.7895585,-21.1682057,0
                -47.79098,-21.1699228,0
                -47.7918276,-21.1698552,0
                -47.7921924,-21.1696201,0
                -47.7909479,-21.1681944,0
                -47.7900199,-21.1671889,0
                -47.7897463,-21.1659683,0
                -47.7899409,-21.1637141,0
                -47.7916359,-21.1624534,0
                -47.7909494,-21.158011,0
                -47.7908635,-21.1540687,0
                -47.7909895,-21.1534234,0
                -47.7925929,-21.1520377,0
                -47.7942682,-21.1541767,0
                -47.7946584,-21.1541178,0
                -47.7949044,-21.1539379,0
                -47.7958016,-21.1543405,0
                -47.7947199,-21.1559741,0
                -47.7933573,-21.1570047,0
                -47.7946932,-21.1560742,0
                -47.7952262,-21.1556627,0
                -47.7955085,-21.1555189,0
                -47.7964317,-21.1549104,0
                -47.7971533,-21.1544026,0
                -47.7964646,-21.1549085,0
                -47.7970313,-21.1554845,0
                -47.7976603,-21.1550354,0
                -47.7987921,-21.1564008,0
                -47.8012859,-21.1545329,0
                -47.802532,-21.1558977,0
                -47.804132,-21.1578891,0
                -47.8022989,-21.1594129,0
                -47.8002374,-21.1609917,0
                -47.8002296,-21.161146,0
                -47.8015571,-21.1628018,0
                -47.8057198,-21.1598702,0
                -47.8073583,-21.1586653,0
                -47.8080144,-21.1591532,0
                -47.8088124,-21.159971,0
                -47.8073521,-21.1614084,0
                -47.8076661,-21.1619394,0
                -47.8064551,-21.1630054,0
                -47.8066721,-21.1632974,0
                -47.8051654,-21.1643599,0
                -47.8053366,-21.1648944,0
                -47.8041908,-21.1659417,0
                -47.8058615,-21.1679752,0
                -47.8048421,-21.1693404,0
                -47.8037864,-21.1709484,0
                -47.8024278,-21.1722913,0
                -47.803773,-21.171101,0
                -47.8078089,-21.1712918,0
                -47.8028604,-21.1758231,0
                -47.8013334,-21.1776537,0
                -47.800603,-21.1800323,0
                -47.7999583,-21.1825259,0
                -47.7990953,-21.185527,0
                -47.7980397,-21.1878877,0
                -47.7976281,-21.1893834,0
                -47.7977863,-21.1924194,0
                -47.7964839,-21.1925793,0
                -47.7889631,-21.1907787,0
              </coordinates>
            </LinearRing>
          </outerBoundaryIs>
          <innerBoundaryIs>
            <LinearRing>
              <tessellate>1</tessellate>
              <coordinates>
                -47.7937649,-21.1862753,0
                -47.7937922,-21.1863138,0
                -47.7910719,-21.1888139,0
                -47.7889631,-21.1907787,0
                -47.7937649,-21.1862753,0
              </coordinates>
            </LinearRing>
          </innerBoundaryIs>
          <innerBoundaryIs>
            <LinearRing>
              <tessellate>1</tessellate>
              <coordinates>
                -47.8017841,-21.1725915,0
                -47.8010545,-21.1729716,0
                -47.800518,-21.1741922,0
                -47.7986298,-21.1743723,0
                -47.7972564,-21.1749526,0
                -47.7966343,-21.1745123,0
                -47.797986,-21.1731117,0
                -47.7996168,-21.171571,0
                -47.8024278,-21.1722913,0
                -47.8017841,-21.1725915,0
              </coordinates>
            </LinearRing>
          </innerBoundaryIs>
          <innerBoundaryIs>
            <LinearRing>
              <tessellate>1</tessellate>
              <coordinates>
                -47.7927998,-21.1852334,0
                -47.7934972,-21.1850633,0
                -47.7942053,-21.1850633,0
                -47.7941664,-21.1851096,0
                -47.7941275,-21.1852209,0
                -47.7935086,-21.185864,0
                -47.7930841,-21.1863138,0
                -47.7928963,-21.1861262,0
                -47.7925933,-21.1856211,0
                -47.7927998,-21.1852334,0
              </coordinates>
            </LinearRing>
          </innerBoundaryIs>
        </Polygon>
      </Placemark>
      <Placemark>
        <name>Rib Preto 07 - Alcans (ativ)
Limite: 5
Horário: Segunda à Sábado
08:00 até às 17:00 horas

Rib Preto 07 - Terceiros Flex (ativ)
Horário: 08:00 até às 17:00 horas
Limite: Verificar bloqueio informativo.

Rib Preto 07 - Terceiros Comum (ativ)
Horário: 08:00 até às 17:00 horas
Limite: Verificar bloqueio informativo.
--------------------------------------------

Ribeirão Preto - Suporte 07
Limite: 07
Horário: Segunda à Segunda
</name>
        <description><![CDATA[Campos Elísios<br>Condomínio Vitta Campos Elíseos<br>Condomínio Residencial Atibaia<br>Condomínio Residencial Morada Tropical<br>Condomínio Residencial Vila Inglesa<br>Condomínio Residencial Letícia<br>Condomínio Edifício Jardim Macedo<br>Condomínio Edifício Rubi<br>Condomínio Edifício Indaia<br>Condomínio Edifício Portal Do Mosteiro<br>Condomínio Edifício Riviera<br>Condomínio Edifício Independência<br>Condomínio Edifício Santo Antônio<br>Condomínio Edifício Santa Luzia<br>Condomínio Edifício Maria Alves Zaparolli<br>Condomínio Edifício Mariana Goulart<br>Condomínio Edifício Noroega<br>Condomínio Edifício Vander Fregnani<br>Condomínio Edifício Zita Maffud Secaf<br>Condomínio Gris Residence<br>Edifício Residencial Sevilha<br>Edifício Residencial Cadiz<br>Condomínio Caxangá<br>Independência<br>Jardim Mosteiro<br>Jardim Paulistano<br>Jardim Paulista<br>Jardim Castelo Branco<br>Residencial São Luiz<br>Residencial Vitale<br>Parque dos Bandeirantes<br>Vila Tamandare<br>Vila Mariana ]]></description>
        <styleUrl>#poly-673AB7-1200-77</styleUrl>
        <Polygon>
          <outerBoundaryIs>
            <LinearRing>
              <tessellate>1</tessellate>
              <coordinates>
                -47.8157215,-21.1660994,0
                -47.8111403,-21.1692909,0
                -47.8106819,-21.1694203,0
                -47.8079002,-21.171212,0
                -47.8037998,-21.1709412,0
                -47.8061621,-21.1678602,0
                -47.809904,-21.1653797,0
                -47.8089144,-21.1641997,0
                -47.8077851,-21.1631335,0
                -47.8053686,-21.164887,0
                -47.8051411,-21.16438,0
                -47.8067041,-21.16329,0
                -47.8064871,-21.162998,0
                -47.8076981,-21.161932,0
                -47.8073841,-21.161401,0
                -47.8090482,-21.1598161,0
                -47.8099387,-21.159516,0
                -47.8109901,-21.1604265,0
                -47.8126745,-21.159696,0
                -47.8138762,-21.1609767,0
                -47.8122454,-21.1626977,0
                -47.8157215,-21.1660994,0
              </coordinates>
            </LinearRing>
          </outerBoundaryIs>
        </Polygon>
      </Placemark>
      <Placemark>
        <name>Rib Preto 07 - Alcans (ativ)
Limite: 5
Horário: Segunda à Sábado
08:00 até às 17:00 horas

Rib Preto 07 - Terceiros Flex (ativ)
Horário: 08:00 até às 17:00 horas
Limite: Verificar bloqueio informativo.

Rib Preto 07 - Terceiros Comum (ativ)
Horário: 08:00 até às 17:00 horas
Limite: Verificar bloqueio informativo.
--------------------------------------------

Ribeirão Preto - Suporte 07
Limite: 07
Horário: Segunda à Segunda
</name>
        <description>Vila Mariana </description>
        <styleUrl>#poly-673AB7-1200-92</styleUrl>
        <Polygon>
          <outerBoundaryIs>
            <LinearRing>
              <tessellate>1</tessellate>
              <coordinates>
                -47.8013572,-21.1420379,0
                -47.8021082,-21.1429385,0
                -47.7987608,-21.1465608,0
                -47.7909502,-21.153345,0
                -47.7909716,-21.160549,0
                -47.7915081,-21.1624501,0
                -47.7898129,-21.1637307,0
                -47.7806934,-21.1523644,0
                -47.7867622,-21.1482353,0
                -47.7994474,-21.1425582,0
                -47.8013572,-21.1420379,0
              </coordinates>
            </LinearRing>
          </outerBoundaryIs>
        </Polygon>
      </Placemark>
      <Placemark>
        <name>Rib Preto 01 e 02 - Alcans (ativ)
Limite: 5
Horário: Segunda à Sábado
08:00 até às 17:00 horas

Rib Preto 02 - Terceiros Flex (ativ)
Horário: 08:00 até às 17:00 horas
Limite: Verificar bloqueio informativo.

Rib Preto 02 - Terceiros Comum (ativ)
Horário: 08:00 até às 17:00 horas
Limite: Verificar bloqueio informativo.
-------------------------------------------

Ribeirão Preto - Suporte 02
Limite: 07
Horário: Segunda à Segunda
</name>
        <description><![CDATA[Condomínio Lar Suíça<br>Condomínio Serra da Canastra<br>Conjunto Habitacional Ribeirão Preto 1 <br>Condomínio Conjunto Habitacional J2<br>Parque das Andorinhas<br>Dom Bernardo Jose Mielle<br>Planalto Verde<br>Eugênio Mendes Lopes <br>Eng. Carlos de Lacerda Chaves<br>Jardim Eugênio Mendes Lopes <br>Jardim Jovino Campos<br>Jardim Arlindo Laguna <br>Jardim Dr. Paulo Gomes Romeo<br>Jardim Paiva<br>Jardim Mario Paiva Arantes<br>Jamil Seme Cury<br>Reserva Macaúba <br>condominio Lar Alemanha]]></description>
        <styleUrl>#poly-673AB7-1200-77</styleUrl>
        <Polygon>
          <outerBoundaryIs>
            <LinearRing>
              <tessellate>1</tessellate>
              <coordinates>
                -47.8606688,-21.1376159,0
                -47.86157,-21.1426193,0
                -47.8598105,-21.1431797,0
                -47.8580078,-21.142099,0
                -47.8574499,-21.1431397,0
                -47.8575358,-21.1495438,0
                -47.8567204,-21.1523855,0
                -47.8563771,-21.1530259,0
                -47.8515276,-21.1557074,0
                -47.8487811,-21.1561477,0
                -47.8448759,-21.1564278,0
                -47.8439103,-21.1562677,0
                -47.8415286,-21.1553872,0
                -47.8402411,-21.1548269,0
                -47.8364646,-21.1532259,0
                -47.8355418,-21.1526656,0
                -47.8344904,-21.1518251,0
                -47.8327899,-21.1499791,0
                -47.8317411,-21.149001,0
                -47.8306535,-21.1483418,0
                -47.8302257,-21.1477427,0
                -47.8302847,-21.1474625,0
                -47.8315721,-21.1461416,0
                -47.8322589,-21.1444255,0
                -47.8302847,-21.1432598,0
                -47.830628,-21.1427794,0
                -47.8346917,-21.1391544,0
                -47.837511,-21.1353693,0
                -47.8445755,-21.1271283,0
                -47.8534159,-21.1326774,0
                -47.8525468,-21.1337607,0
                -47.8547893,-21.1350441,0
                -47.8550468,-21.1347739,0
                -47.8576539,-21.13634,0
                -47.8580401,-21.1365177,0
                -47.8579649,-21.137736,0
                -47.8601538,-21.1371356,0
                -47.8606688,-21.1376159,0
              </coordinates>
            </LinearRing>
          </outerBoundaryIs>
          <innerBoundaryIs>
            <LinearRing>
              <tessellate>1</tessellate>
              <coordinates>
                -47.8426552,-21.1458415,0
                -47.8434061,-21.1470973,0
                -47.8408144,-21.1483869,0
                -47.8395721,-21.1482713,0
                -47.839112,-21.1480584,0
                -47.8388235,-21.1476853,0
                -47.8404571,-21.1468646,0
                -47.8426552,-21.1458415,0
              </coordinates>
            </LinearRing>
          </innerBoundaryIs>
          <innerBoundaryIs>
            <LinearRing>
              <tessellate>1</tessellate>
              <coordinates>
                -47.8452404,-21.1426588,0
                -47.8461072,-21.1431841,0
                -47.8458252,-21.1436588,0
                -47.8456427,-21.1440297,0
                -47.8455797,-21.1442736,0
                -47.844529,-21.1448558,0
                -47.8437143,-21.1451379,0
                -47.8428212,-21.1454581,0
                -47.8416593,-21.1438717,0
                -47.8425712,-21.1434514,0
                -47.8425021,-21.1433568,0
                -47.8428883,-21.1427464,0
                -47.8447336,-21.1423361,0
                -47.8452404,-21.1426588,0
              </coordinates>
            </LinearRing>
          </innerBoundaryIs>
        </Polygon>
      </Placemark>
      <Placemark>
        <name>Rib Preto 14 e 15 - Alcans (ativ)
Limite: 5
Horário: Segunda à Sábado
08:00 até às 17:00 horas

Rib Preto 15 - Terceiros Flex (ativ)
Horário: 08:00 até às 17:00 horas
Limite: Verificar bloqueio informativo.
-------------------------------------------

Ribeirão Preto - Suporte 15
Horário: Segunda à Segunda
Limite: 07
</name>
        <description><![CDATA[Ribeirão Verde<br>Condomínio Vitta Ribeirão Verde I, II e III<br>Condomínio Lar Itália<br>Condomínio Residencial Leblon<br>Condomínio Residencial Copacabana<br>Res. Léo Gomes de Moraes<br>Jardim Aeroporto<br>Jardim Salgado Filho<br>Jardim Florestan Fernandes<br>Jardim Diva Tarla de Carvalho<br>Jardim Prof. Antônio Palocci<br>Recanto Cruzeiro do Sul  ]]></description>
        <styleUrl>#poly-673AB7-1200-77</styleUrl>
        <Polygon>
          <outerBoundaryIs>
            <LinearRing>
              <tessellate>1</tessellate>
              <coordinates>
                -47.776178,-21.1202637,0
                -47.77665,-21.1211244,0
                -47.7747618,-21.1273518,0
                -47.7744077,-21.1267025,0
                -47.7734368,-21.1271385,0
                -47.7742602,-21.1288676,0
                -47.773882,-21.1299563,0
                -47.7679678,-21.1324756,0
                -47.7678779,-21.1327947,0
                -47.768361,-21.1334486,0
                -47.7688012,-21.1341375,0
                -47.7687157,-21.1343411,0
                -47.767836,-21.1342694,0
                -47.7670744,-21.1341777,0
                -47.7664498,-21.1341989,0
                -47.765948,-21.1337441,0
                -47.7755128,-21.1201036,0
                -47.776178,-21.1202637,0
              </coordinates>
            </LinearRing>
          </outerBoundaryIs>
        </Polygon>
      </Placemark>
      <Placemark>
        <name>Rib Preto 09 e 10 - Alcans (ativ)
Limite: 5
Horário: Segunda à Sábado
08:00 até às 17:00 horas

Rib Preto 09 - Terceiros Flex (ativ)
Horário: 08:00 até às 17:00 horas
Limite: Verificar bloqueio informativo.

Rib Preto 09 - Terceiros Comum (ativ)
Horário: 08:00 até às 17:00 horas
Limite: Verificar bloqueio informativo.
-------------------------------------------

Ribeirão Preto - Suporte 09
Limite: 07
Segunda à Segunda

</name>
        <description><![CDATA[Adão do Carmo Leonel<br>Parque Ribeirão Preto<br>Jardim Maria Goretti<br>Jardim Dona Branca Salles<br>Jardim Piratininga<br>Jardim Itaú Mirim<br>Residencial Uirapurus<br>Conjunto Habitacional - Mario Chiariello<br>Condomínio Residencial Vista Alegre<br>Condomínio Parque Juruá<br>Condomínio Parc Villa<br>Condomínio Vila do Bosque<br>Condomínio Vitta Vila Vírginia 2<br>Condomínio Vitta Vila Vírginia 3<br>Vila Virginia]]></description>
        <styleUrl>#poly-673AB7-1200-77</styleUrl>
        <Polygon>
          <outerBoundaryIs>
            <LinearRing>
              <tessellate>1</tessellate>
              <coordinates>
                -47.8578156,-21.2008197,0
                -47.8594607,-21.2051986,0
                -47.8585309,-21.2058877,0
                -47.8554315,-21.2069991,0
                -47.8540725,-21.205821,0
                -47.8529757,-21.2051097,0
                -47.8520459,-21.2041095,0
                -47.8514022,-21.2033982,0
                -47.8505916,-21.202887,0
                -47.8495664,-21.2029759,0
                -47.8479213,-21.2042651,0
                -47.8473968,-21.204554,0
                -47.8466157,-21.2038342,0
                -47.8451577,-21.20511,0
                -47.844801,-21.2052551,0
                -47.844421,-21.2053973,0
                -47.8437105,-21.2055524,0
                -47.8407589,-21.2063003,0
                -47.8368906,-21.2079929,0
                -47.8346831,-21.2060555,0
                -47.834602,-21.2061403,0
                -47.8340331,-21.2066704,0
                -47.833806,-21.2069249,0
                -47.8336889,-21.2069211,0
                -47.8336161,-21.2069024,0
                -47.8330927,-21.2070138,0
                -47.8327076,-21.2065776,0
                -47.8326954,-21.2064734,0
                -47.8328549,-21.2061892,0
                -47.8330989,-21.2057052,0
                -47.8323881,-21.2052812,0
                -47.8315173,-21.2047025,0
                -47.8308623,-21.2039475,0
                -47.8302304,-21.2029695,0
                -47.8299563,-21.2026028,0
                -47.8284816,-21.2032807,0
                -47.8261451,-21.2011024,0
                -47.8268127,-21.20068,0
                -47.8272896,-21.2009134,0
                -47.8281359,-21.2001688,0
                -47.828875,-21.2006133,0
                -47.82934,-21.2003688,0
                -47.8314261,-21.1975569,0
                -47.8312831,-21.1968567,0
                -47.8307025,-21.195912,0
                -47.829781,-21.1962899,0
                -47.8289889,-21.1968174,0
                -47.8274898,-21.1935835,0
                -47.8265838,-21.1919141,0
                -47.8274302,-21.1914472,0
                -47.8257625,-21.1883662,0
                -47.8256266,-21.1883601,0
                -47.8229882,-21.1895143,0
                -47.8226037,-21.1888234,0
                -47.8222568,-21.1890228,0
                -47.8216032,-21.1883287,0
                -47.8210305,-21.185566,0
                -47.8213092,-21.1853352,0
                -47.8220091,-21.1850047,0
                -47.821895,-21.1847644,0
                -47.8211969,-21.1850595,0
                -47.8213012,-21.185312,0
                -47.8210261,-21.1855308,0
                -47.8203567,-21.184099,0
                -47.8200973,-21.1835199,0
                -47.8198924,-21.182225,0
                -47.8198861,-21.1816803,0
                -47.8198259,-21.1803009,0
                -47.8190868,-21.1795895,0
                -47.8177468,-21.1788859,0
                -47.8171866,-21.1780299,0
                -47.816727,-21.1773935,0
                -47.8179626,-21.1767571,0
                -47.8187816,-21.1775253,0
                -47.8191535,-21.1774408,0
                -47.8212754,-21.1773852,0
                -47.8223126,-21.1782189,0
                -47.8238504,-21.1788747,0
                -47.8269856,-21.1797084,0
                -47.8297393,-21.1794305,0
                -47.8318016,-21.1789192,0
                -47.8339535,-21.178736,0
                -47.8348193,-21.1788242,0
                -47.8377143,-21.179375,0
                -47.8393475,-21.1797529,0
                -47.8402058,-21.1799752,0
                -47.8409926,-21.1798196,0
                -47.8424493,-21.1830487,0
                -47.8434626,-21.184338,0
                -47.8445593,-21.1864199,0
                -47.8450242,-21.188165,0
                -47.8460494,-21.1891765,0
                -47.8492204,-21.1917874,0
                -47.8542737,-21.1955319,0
                -47.8561011,-21.19676,0
                -47.8561131,-21.1973291,0
                -47.8548494,-21.198585,0
                -47.8569857,-21.2000399,0
                -47.857689,-21.1994508,0
                -47.8586308,-21.2001621,0
                -47.8578156,-21.2008197,0
              </coordinates>
            </LinearRing>
          </outerBoundaryIs>
          <innerBoundaryIs>
            <LinearRing>
              <tessellate>1</tessellate>
              <coordinates>
                -47.8443906,-21.2046699,0
                -47.8444461,-21.2052828,0
                -47.844463,-21.2053551,0
                -47.844421,-21.2053973,0
                -47.8443906,-21.2046699,0
              </coordinates>
            </LinearRing>
          </innerBoundaryIs>
          <innerBoundaryIs>
            <LinearRing>
              <tessellate>1</tessellate>
              <coordinates>
                -47.8438397,-21.2048476,0
                -47.8434372,-21.2040106,0
                -47.8430133,-21.2041913,0
                -47.8429112,-21.204017,0
                -47.8435484,-21.2036664,0
                -47.8436736,-21.2036392,0
                -47.8444103,-21.2043921,0
                -47.8445024,-21.204601,0
                -47.8443906,-21.2046699,0
                -47.8438397,-21.2048476,0
              </coordinates>
            </LinearRing>
          </innerBoundaryIs>
          <innerBoundaryIs>
            <LinearRing>
              <tessellate>1</tessellate>
              <coordinates>
                -47.8350919,-21.1790797,0
                -47.8350318,-21.1795953,0
                -47.8354267,-21.1800964,0
                -47.8357196,-21.1802373,0
                -47.8357551,-21.1804582,0
                -47.8347439,-21.180499,0
                -47.8343187,-21.1806095,0
                -47.8342671,-21.1807398,0
                -47.8338497,-21.1809199,0
                -47.8335016,-21.1806249,0
                -47.8330539,-21.1804773,0
                -47.8328703,-21.1804486,0
                -47.8326632,-21.1802091,0
                -47.8324845,-21.1801544,0
                -47.8323523,-21.1798869,0
                -47.8343782,-21.1789629,0
                -47.8348193,-21.1788242,0
                -47.8350919,-21.1790797,0
              </coordinates>
            </LinearRing>
          </innerBoundaryIs>
        </Polygon>
      </Placemark>
      <Placemark>
        <name>Rib Preto 09 e 10 - Alcans (ativ)
Limite: 5
Horário: Segunda à Sábado
08:00 até às 17:00 horas

Rib Preto 09 - Terceiros Flex (ativ)
Horário: 08:00 até às 17:00 horas
Limite: Verificar bloqueio informativo.

Rib Preto 09 - Terceiros Comum (ativ)
Horário: 08:00 até às 17:00 horas
Limite: Verificar bloqueio informativo.
-------------------------------------------

Ribeirão Preto - Suporte 09
Limite: 07
Segunda à Segunda
</name>
        <description><![CDATA[Adão do Carmo Leonel<br>Parque Ribeirão Preto<br>Jardim Maria Goretti<br>Jardim Dona Branca Salles<br>Jardim Piratininga<br>Jardim Itaú Mirim<br>Residencial Uirapurus<br>Conjunto Habitacional - Mario Chiariello<br>Condomínio Residencial Vista Alegre<br>Condomínio Parque Juruá<br>Condomínio Parc Villa<br>Condomínio Vila do Bosque<br>Condomínio Vitta Vila Vírginia 2<br>Condomínio Vitta Vila Vírginia 3<br>Vila Virginia]]></description>
        <styleUrl>#poly-673AB7-1200-77</styleUrl>
        <Polygon>
          <outerBoundaryIs>
            <LinearRing>
              <tessellate>1</tessellate>
              <coordinates>
                -47.8721701,-21.1714681,0
                -47.8678786,-21.175332,0
                -47.8663173,-21.1762754,0
                -47.8665129,-21.1775874,0
                -47.8680604,-21.1776389,0
                -47.8684086,-21.1776399,0
                -47.8689382,-21.1776386,0
                -47.8690441,-21.1783926,0
                -47.8695347,-21.1783399,0
                -47.8697221,-21.179075,0
                -47.870054,-21.1791345,0
                -47.8703288,-21.1798988,0
                -47.8695453,-21.1801719,0
                -47.8694321,-21.1816285,0
                -47.8703742,-21.1822027,0
                -47.8659641,-21.185036,0
                -47.8647481,-21.1832353,0
                -47.8637229,-21.182435,0
                -47.8623401,-21.1813679,0
                -47.8617441,-21.1804342,0
                -47.8604804,-21.1791226,0
                -47.8594552,-21.1783667,0
                -47.8585969,-21.1776775,0
                -47.8581439,-21.1781221,0
                -47.8550683,-21.1757433,0
                -47.8606712,-21.1728531,0
                -47.8656041,-21.1698295,0
                -47.8682076,-21.1682865,0
                -47.8708779,-21.1675528,0
                -47.87207,-21.1709767,0
                -47.8721701,-21.1714681,0
              </coordinates>
            </LinearRing>
          </outerBoundaryIs>
        </Polygon>
      </Placemark>
      <Placemark>
        <name>Rib Preto 12 e 13 - Alcans (ativ)
Limite: 5
Horário: Segunda à Sábado
08:00 até às 17:00 horas

Rib Preto 13 - Terceiros Flex (ativ)
Horario: 08:00 até às 17:00 horas
Limite: Verificar bloqueio informativo.
-------------------------------------------

Ribeirão Preto - Suporte 13
Limite: 07
Segunda à Segunda
</name>
        <description><![CDATA[Recreio Anhanguera<br>Ribeirânia<br>Nova Ribeirânia<br>Condomínio Ribeirânia<br>Condomínio Clube Parque das Árvores<br>Condomínio Greenpark<br>Condomínio Jatobá<br>Condomínio Jardins de Florença<br>Condomínio Villagio Belluno<br>Condomínio Villagio Imola<br>Condomínio Reino da Escócia<br>Condomínio Reino da Inglaterra (Observação: blocos obstruídos 8,15,16,32,33,34,37 Não vender para esses blocos.<br>Parque Rosário do Sul<br>Parque Renascer<br>Parque Romanetto<br>Portofino Residencial<br>Recreio das Acácias<br>Residencial Jardins de Provence<br>Residencial Rejane<br>Res. Greenville<br>Jardim Manoel Penna]]></description>
        <styleUrl>#poly-673AB7-1200-105</styleUrl>
        <Polygon>
          <outerBoundaryIs>
            <LinearRing>
              <tessellate>1</tessellate>
              <coordinates>
                -47.7676609,-21.2253006,0
                -47.7668027,-21.2284609,0
                -47.7654723,-21.2282609,0
                -47.7656869,-21.2263007,0
                -47.7612236,-21.2257406,0
                -47.7608588,-21.2281408,0
                -47.7599576,-21.2280408,0
                -47.7594426,-21.2190598,0
                -47.7593353,-21.2129588,0
                -47.75911,-21.2106434,0
                -47.7598503,-21.2106484,0
                -47.7614381,-21.2123387,0
                -47.7619453,-21.2133863,0
                -47.762392,-21.2142402,0
                -47.7620984,-21.2162743,0
                -47.7621748,-21.2186709,0
                -47.762438,-21.222673,0
                -47.7628914,-21.2227838,0
                -47.7633234,-21.2228846,0
                -47.7630987,-21.217257,0
                -47.7633123,-21.2168259,0
                -47.7638262,-21.2155548,0
                -47.7634336,-21.2153388,0
                -47.763513,-21.2142027,0
                -47.7651826,-21.2128787,0
                -47.7655367,-21.2125787,0
                -47.7669314,-21.2117786,0
                -47.768605,-21.2103983,0
                -47.7696993,-21.2109984,0
                -47.7713301,-21.2126987,0
                -47.7718666,-21.2135989,0
                -47.7704076,-21.2165064,0
                -47.7701714,-21.2165894,0
                -47.7687337,-21.2161694,0
                -47.7682403,-21.2161179,0
                -47.7676287,-21.2154392,0
                -47.7654401,-21.2174096,0
                -47.7657298,-21.2176796,0
                -47.7655302,-21.2187105,0
                -47.7676072,-21.2210101,0
                -47.7672317,-21.2230303,0
                -47.7669099,-21.2236004,0
                -47.7677574,-21.2239304,0
                -47.7676609,-21.2253006,0
              </coordinates>
            </LinearRing>
          </outerBoundaryIs>
        </Polygon>
      </Placemark>
      <Placemark>
        <name>Rib Preto 14 e 15 - Alcans (ativ)
Limite: 5
Horário: Segunda à Sábado
08:00 até às 17:00 horas

Rib Preto 14 - Terceiros Flex (ativ)
Horario: 08:00 até às 17:00 horas
Limite: Verificar bloqueio informativo.
-------------------------------------------

Ribeirão Preto - Suporte 14
Limite: 07
Segunda à Segunda
</name>
        <description><![CDATA[Jardim do Trevo <br>Vila Abranches <br>Jardim Interlagos]]></description>
        <styleUrl>#poly-673AB7-1200-77</styleUrl>
        <MultiGeometry>
          <Polygon>
            <outerBoundaryIs>
              <LinearRing>
                <tessellate>1</tessellate>
                <coordinates>
                  -47.7373666,-21.1975471,0
                  -47.7373746,-21.1973771,0
                  -47.7382208,-21.1976709,0
                  -47.7387512,-21.196715,0
                  -47.7398717,-21.1971595,0
                  -47.7392038,-21.1981736,0
                  -47.7375328,-21.1975971,0
                  -47.7373666,-21.1975471,0
                </coordinates>
              </LinearRing>
            </outerBoundaryIs>
          </Polygon>
          <Polygon>
            <outerBoundaryIs>
              <LinearRing>
                <tessellate>1</tessellate>
                <coordinates>
                  -47.7358377,-21.2035613,0
                  -47.7344,-21.2036813,0
                  -47.7344,-21.2041214,0
                  -47.7338207,-21.2041614,0
                  -47.7335632,-21.1962893,0
                  -47.7340259,-21.1961949,0
                  -47.7353898,-21.1961705,0
                  -47.735371,-21.1951114,0
                  -47.7358914,-21.1948239,0
                  -47.737447,-21.1941887,0
                  -47.7374363,-21.1960992,0
                  -47.7356875,-21.1964993,0
                  -47.7356714,-21.1978197,0
                  -47.7358377,-21.2035613,0
                </coordinates>
              </LinearRing>
            </outerBoundaryIs>
          </Polygon>
          <Polygon>
            <outerBoundaryIs>
              <LinearRing>
                <tessellate>1</tessellate>
                <coordinates>
                  -47.7412021,-21.1964393,0
                  -47.7435517,-21.195504,0
                  -47.7457725,-21.1943487,0
                  -47.7465879,-21.1951589,0
                  -47.7480738,-21.1936185,0
                  -47.7482871,-21.1931158,0
                  -47.7495356,-21.1930783,0
                  -47.7495275,-21.1933334,0
                  -47.7488786,-21.1936485,0
                  -47.7484252,-21.1936735,0
                  -47.7471029,-21.1951389,0
                  -47.747811,-21.1959392,0
                  -47.7451288,-21.1991601,0
                  -47.7446192,-21.1998353,0
                  -47.7440908,-21.1995827,0
                  -47.7433598,-21.2000366,0
                  -47.7437501,-21.2008006,0
                  -47.7417385,-21.2020559,0
                  -47.74073,-21.2000529,0
                  -47.7419316,-21.1993764,0
                  -47.7406281,-21.1972627,0
                  -47.7405637,-21.1972345,0
                  -47.7398717,-21.1971595,0
                  -47.7412021,-21.1964393,0
                </coordinates>
              </LinearRing>
            </outerBoundaryIs>
          </Polygon>
          <Polygon>
            <outerBoundaryIs>
              <LinearRing>
                <tessellate>1</tessellate>
                <coordinates>
                  -47.7511719,-21.19083,0
                  -47.7510807,-21.1907375,0
                  -47.7512523,-21.1905799,0
                  -47.7516393,-21.1903996,0
                  -47.7531127,-21.1899367,0
                  -47.7540639,-21.1894011,0
                  -47.755214,-21.1882767,0
                  -47.7534544,-21.1866361,0
                  -47.7540982,-21.1859958,0
                  -47.7525103,-21.1850155,0
                  -47.7514857,-21.1848604,0
                  -47.7514347,-21.185143,0
                  -47.7508849,-21.1849904,0
                  -47.7507132,-21.1852356,0
                  -47.7500453,-21.185028,0
                  -47.7492111,-21.1847704,0
                  -47.7477144,-21.1843252,0
                  -47.748326,-21.1826345,0
                  -47.7492487,-21.1820343,0
                  -47.7498495,-21.1815341,0
                  -47.7493131,-21.1806337,0
                  -47.750622,-21.1778926,0
                  -47.7526176,-21.1776125,0
                  -47.7533257,-21.1781527,0
                  -47.7538407,-21.1797334,0
                  -47.7535188,-21.1814741,0
                  -47.7540123,-21.1815541,0
                  -47.7549618,-21.1792182,0
                  -47.7551952,-21.1793157,0
                  -47.7548988,-21.1805,0
                  -47.7560542,-21.1804718,0
                  -47.7560472,-21.1801426,0
                  -47.7565873,-21.1799935,0
                  -47.7574885,-21.1933984,0
                  -47.7560937,-21.1931983,0
                  -47.7548706,-21.192298,0
                  -47.7512993,-21.1909288,0
                  -47.7511719,-21.19083,0
                </coordinates>
              </LinearRing>
            </outerBoundaryIs>
          </Polygon>
        </MultiGeometry>
      </Placemark>
      <Placemark>
        <name>Rib Preto 03 e 04 - Alcans (ativ)
Limite: 5
Horário: Segunda à Sábado
08:00 até às 17:00 horas

Rib Preto 03 - Terceiros Flex (ativ)
Horário: 08:00 até às 17:00 horas
Limite: Verificar bloqueio informativo.
-------------------------------------------

Ribeirão Preto - Suporte 03
Limite: 07
Horário: Segunda à Segunda

</name>
        <description><![CDATA[Alto do Ipiranga<br>Condomínio Almeida<br>Condomínio Denise<br>Condomínio Residencial São Silvestre<br>Condomínio Edifício Residencial Sumarezinho<br>Edifício Belize<br>Edifício Montes Claros<br>Edifício Monte Alegre<br>Edifício Por do Sol<br>Edifício Ouro Fino<br>Parque Residencial Cidade Universitária<br>Sumarezinho<br>Residencial Mário Roberto<br>Jardim Antártica<br>Vila Amélia<br>Vila Maria Luiza<br>Vila Monte Alegre<br>Vila Tibério<br>Vila Versuti Condomínio Residencial]]></description>
        <styleUrl>#poly-673AB7-1200-77</styleUrl>
        <Polygon>
          <outerBoundaryIs>
            <LinearRing>
              <tessellate>1</tessellate>
              <coordinates>
                -47.8492479,-21.1565896,0
                -47.8422097,-21.1606718,0
                -47.8428963,-21.1621025,0
                -47.8438083,-21.1636683,0
                -47.8450476,-21.1654517,0
                -47.8458067,-21.1665836,0
                -47.8467696,-21.1682057,0
                -47.8435831,-21.1700466,0
                -47.8432076,-21.170847,0
                -47.8433041,-21.1723276,0
                -47.8434221,-21.173043,0
                -47.8435402,-21.1741585,0
                -47.8436903,-21.1756091,0
                -47.8441838,-21.1770597,0
                -47.8396347,-21.1784804,0
                -47.8371886,-21.1787605,0
                -47.8345279,-21.1783203,0
                -47.831438,-21.1779602,0
                -47.8296784,-21.1778401,0
                -47.8270173,-21.1779602,0
                -47.8254511,-21.1779802,0
                -47.8241421,-21.1774399,0
                -47.822919,-21.1767797,0
                -47.8222539,-21.1765195,0
                -47.821417,-21.1763995,0
                -47.8207518,-21.1765396,0
                -47.8184343,-21.1747988,0
                -47.8179409,-21.1744587,0
                -47.816943,-21.1744386,0
                -47.8160738,-21.1741785,0
                -47.8133917,-21.170937,0
                -47.8146147,-21.1699966,0
                -47.813778,-21.1690161,0
                -47.815945,-21.1676354,0
                -47.8156445,-21.166815,0
                -47.8165458,-21.1658545,0
                -47.8164814,-21.1642637,0
                -47.8163098,-21.1630931,0
                -47.8165888,-21.1626929,0
                -47.8169107,-21.1622327,0
                -47.8165458,-21.1607919,0
                -47.8156017,-21.1601516,0
                -47.8144431,-21.1595512,0
                -47.8132416,-21.1590109,0
                -47.8124906,-21.1582105,0
                -47.8124267,-21.1568712,0
                -47.8128929,-21.1568497,0
                -47.8131664,-21.1565546,0
                -47.8135419,-21.1561093,0
                -47.8138503,-21.1557291,0
                -47.81403,-21.1553389,0
                -47.8137484,-21.1551988,0
                -47.8134238,-21.1554089,0
                -47.8188314,-21.1512014,0
                -47.8241958,-21.1471339,0
                -47.8254296,-21.1471839,0
                -47.8293564,-21.1482846,0
                -47.8296945,-21.1483672,0
                -47.830239,-21.1489238,0
                -47.8305702,-21.1488669,0
                -47.8307834,-21.1490401,0
                -47.8314057,-21.1498218,0
                -47.8320924,-21.1505735,0
                -47.8319852,-21.1508462,0
                -47.8331652,-21.1521019,0
                -47.8335086,-21.1519319,0
                -47.8342006,-21.1524495,0
                -47.8370384,-21.1542682,0
                -47.8371028,-21.1545884,0
                -47.8361696,-21.1554604,0
                -47.8376821,-21.1570899,0
                -47.8381113,-21.1578503,0
                -47.8388623,-21.1576902,0
                -47.8391198,-21.1564495,0
                -47.8408149,-21.1553288,0
                -47.8426496,-21.1560292,0
                -47.8441195,-21.1565095,0
                -47.8473597,-21.1564895,0
                -47.848969,-21.1563494,0
                -47.8492479,-21.1565896,0
              </coordinates>
            </LinearRing>
          </outerBoundaryIs>
        </Polygon>
      </Placemark>
      <Placemark>
        <name>BAIRRO NOVO SÃO SIMÃO</name>
        <styleUrl>#poly-673AB7-1200-105-nodesc</styleUrl>
        <Polygon>
          <outerBoundaryIs>
            <LinearRing>
              <tessellate>1</tessellate>
              <coordinates>
                -47.5393502,-21.4845719,0
                -47.5412009,-21.4866285,0
                -47.5412277,-21.486913,0
                -47.5410882,-21.4872574,0
                -47.540584,-21.4876268,0
                -47.5404552,-21.4876617,0
                -47.5402836,-21.4875819,0
                -47.5400154,-21.4875769,0
                -47.5400314,-21.4877316,0
                -47.5401495,-21.4877766,0
                -47.5402085,-21.4878914,0
                -47.5402192,-21.4879862,0
                -47.5401816,-21.4880311,0
                -47.540069,-21.4880361,0
                -47.5382558,-21.4873273,0
                -47.5378803,-21.4870278,0
                -47.5374351,-21.4865586,0
                -47.5371239,-21.4861792,0
                -47.5365178,-21.4855553,0
                -47.5367913,-21.4853007,0
                -47.5371025,-21.4856152,0
                -47.5376175,-21.4853107,0
                -47.5377677,-21.4852658,0
                -47.5379876,-21.4854954,0
                -47.5393502,-21.4845719,0
              </coordinates>
            </LinearRing>
          </outerBoundaryIs>
        </Polygon>
      </Placemark>
      <Placemark>
        <name>Rib Preto 05 e 06 - Alcans (ativ)
Limite: 5
Horário: Segunda à Sábado
08:00 até às 17:00 horas

Rib Preto 06 - Terceiros Flex (ativ)
Horário: 08:00 até às 17:00 horas
Limite: Verificar bloqueio informativo.

Rib Preto 06 - Terceiros Comum (ativ)
Horário: 08:00 até às 17:00 horas
Limite: Verificar bloqueio informativo.
-------------------------------------------

Ribeirão Preto - Suporte 06
Limite: 07
Horário: Segunda à Segunda
</name>
        <description><![CDATA[Adelino Simioni<br>Avelino Alves Palma<br>Balneário Recreativa<br>Condomínio Bosque do Cerrado<br>Parque Industrial Avelino Alves Palma<br>Parque Industrial Tanquinho<br>Parque Industrial Cel. Quito Junqueira<br>Parque dos Sabias<br>Quintino Facci I<br>Quintino Facci II<br>Vila Brasil<br>Vila Carvalho<br>Vila Elisa <br>Chácaras Pedro Corrêa de Carvalho]]></description>
        <styleUrl>#poly-673AB7-1200-77</styleUrl>
        <Polygon>
          <outerBoundaryIs>
            <LinearRing>
              <tessellate>1</tessellate>
              <coordinates>
                -47.799508,-21.1291222,0
                -47.7997977,-21.1312963,0
                -47.8009779,-21.1341009,0
                -47.8011549,-21.135672,0
                -47.8013828,-21.1364826,0
                -47.8013025,-21.1369904,0
                -47.8018114,-21.1372675,0
                -47.802492,-21.1375445,0
                -47.8029574,-21.138594,0
                -47.8010717,-21.1394246,0
                -47.8015559,-21.1406305,0
                -47.8027695,-21.1410958,0
                -47.8027159,-21.1417137,0
                -47.7995724,-21.1423315,0
                -47.7984136,-21.142872,0
                -47.7970269,-21.1433898,0
                -47.7967131,-21.1436325,0
                -47.7963107,-21.1437526,0
                -47.7956885,-21.1440127,0
                -47.7944011,-21.1445731,0
                -47.7928664,-21.1453075,0
                -47.7921798,-21.1455977,0
                -47.7915687,-21.1459739,0
                -47.7908177,-21.1462141,0
                -47.7898303,-21.1465684,0
                -47.789283,-21.1468885,0
                -47.7878239,-21.147559,0
                -47.7874702,-21.147735,0
                -47.7872771,-21.1480353,0
                -47.7866549,-21.1481553,0
                -47.786376,-21.1483755,0
                -47.7810544,-21.152458,0
                -47.7805394,-21.1515374,0
                -47.7864403,-21.147655,0
                -47.7834606,-21.1414288,0
                -47.7799815,-21.134306,0
                -47.7873666,-21.1308272,0
                -47.786097,-21.1281615,0
                -47.7870411,-21.1289621,0
                -47.789895,-21.1296827,0
                -47.7926415,-21.1303231,0
                -47.7943796,-21.128842,0
                -47.7985638,-21.1271607,0
                -47.7993149,-21.1288316,0
                -47.799508,-21.1291222,0
              </coordinates>
            </LinearRing>
          </outerBoundaryIs>
        </Polygon>
      </Placemark>
      <Placemark>
        <name>INVIABILIZADO</name>
        <description>LOCAL COM POSTES DE MADEIRA DENTRO DE PROPRIEDADES</description>
        <styleUrl>#poly-A52714-1200-77</styleUrl>
        <Polygon>
          <outerBoundaryIs>
            <LinearRing>
              <tessellate>1</tessellate>
              <coordinates>
                -47.7911407,-21.1369,0
                -47.7911353,-21.1370201,0
                -47.7898854,-21.1375355,0
                -47.7898693,-21.1373904,0
                -47.7911407,-21.1369,0
              </coordinates>
            </LinearRing>
          </outerBoundaryIs>
        </Polygon>
      </Placemark>
      <Placemark>
        <name>ÁREA INVIABILIZADA!</name>
        <styleUrl>#poly-A52714-1200-171-nodesc</styleUrl>
        <Polygon>
          <outerBoundaryIs>
            <LinearRing>
              <tessellate>1</tessellate>
              <coordinates>
                -47.8443809,-21.2045888,0
                -47.8442951,-21.2046888,0
                -47.8437807,-21.2048476,0
                -47.8433782,-21.2040106,0
                -47.8429543,-21.2041913,0
                -47.8428522,-21.204017,0
                -47.8435709,-21.2037136,0
                -47.8443809,-21.2045888,0
              </coordinates>
            </LinearRing>
          </outerBoundaryIs>
        </Polygon>
      </Placemark>
      <Placemark>
        <name>ÁREA INVIABILIZADA</name>
        <styleUrl>#poly-A52714-1200-110-nodesc</styleUrl>
        <Polygon>
          <outerBoundaryIs>
            <LinearRing>
              <tessellate>1</tessellate>
              <coordinates>
                -47.8356961,-21.1804582,0
                -47.8346849,-21.180499,0
                -47.8342597,-21.1806095,0
                -47.8342081,-21.1807398,0
                -47.8337907,-21.1809199,0
                -47.8334425,-21.1806249,0
                -47.8328112,-21.1804486,0
                -47.8326041,-21.1802091,0
                -47.8324254,-21.1801544,0
                -47.8322932,-21.1798869,0
                -47.8342925,-21.1789673,0
                -47.8347603,-21.1788242,0
                -47.8350329,-21.1790797,0
                -47.8349728,-21.1795953,0
                -47.8353677,-21.1800964,0
                -47.8356606,-21.1802373,0
                -47.8356961,-21.1804582,0
              </coordinates>
            </LinearRing>
          </outerBoundaryIs>
        </Polygon>
      </Placemark>
      <Placemark>
        <name>FTTH SÃO SIMÃO</name>
        <styleUrl>#poly-673AB7-1200-77-nodesc</styleUrl>
        <Polygon>
          <outerBoundaryIs>
            <LinearRing>
              <tessellate>1</tessellate>
              <coordinates>
                -47.5847691,-21.4633582,0
                -47.5829023,-21.4638974,0
                -47.5813252,-21.4644066,0
                -47.5799733,-21.4644465,0
                -47.5799197,-21.4636677,0
                -47.581529,-21.4636677,0
                -47.5831169,-21.4629288,0
                -47.5845653,-21.4627192,0
                -47.5847691,-21.4633582,0
              </coordinates>
            </LinearRing>
          </outerBoundaryIs>
        </Polygon>
      </Placemark>
      <Placemark>
        <name>REGIÃO BARREIRO</name>
        <description><![CDATA[ACOMPANHAR PELO FTTH CONDOMÍNIOS <br><br>https://docs.google.com/spreadsheets/d/15aH9Mufet_ENqw5jmv4ccyAPmNKlkaPQHrJ18vcQlwg/edit?gid=497051006#gid=497051006]]></description>
        <styleUrl>#poly-0288D1-1200-77</styleUrl>
        <Polygon>
          <outerBoundaryIs>
            <LinearRing>
              <tessellate>1</tessellate>
              <coordinates>
                -47.277346,-21.302651,0
                -47.277969,-21.312327,0
                -47.263773,-21.319401,0
                -47.250454,-21.32465,0
                -47.247193,-21.334277,0
                -47.240657,-21.33686,0
                -47.231717,-21.337566,0
                -47.225799,-21.333177,0
                -47.222666,-21.325344,0
                -47.222538,-21.318592,0
                -47.212983,-21.317073,0
                -47.211432,-21.308117,0
                -47.219914,-21.306245,0
                -47.221371,-21.298079,0
                -47.227357,-21.295242,0
                -47.235305,-21.2936315,0
                -47.2370021,-21.2927511,0
                -47.240664,-21.291962,0
                -47.241114,-21.288245,0
                -47.253042,-21.279726,0
                -47.25742,-21.284535,0
                -47.2649693,-21.2826234,0
                -47.2686481,-21.2837814,0
                -47.2723674,-21.2846247,0
                -47.2737138,-21.2913959,0
                -47.2716698,-21.2928088,0
                -47.27263,-21.297312,0
                -47.277346,-21.302651,0
              </coordinates>
            </LinearRing>
          </outerBoundaryIs>
        </Polygon>
      </Placemark>
      <Placemark>
        <name>MIMOSO</name>
        <description><![CDATA[ACOMPANHAR PELO FTTH CONDOMÍNIOS <br><br>https://docs.google.com/spreadsheets/d/15aH9Mufet_ENqw5jmv4ccyAPmNKlkaPQHrJ18vcQlwg/edit?gid=1251840970#gid=1251840970]]></description>
        <styleUrl>#poly-0288D1-1200-77</styleUrl>
        <Polygon>
          <outerBoundaryIs>
            <LinearRing>
              <tessellate>1</tessellate>
              <coordinates>
                -47.2786496,-21.2234475,0
                -47.2776626,-21.228308,0
                -47.2722553,-21.2313682,0
                -47.2692726,-21.2303482,0
                -47.2680066,-21.2293681,0
                -47.2660111,-21.2256278,0
                -47.2637151,-21.2259878,0
                -47.2633718,-21.2251477,0
                -47.2641013,-21.2234675,0
                -47.266569,-21.2223074,0
                -47.2705386,-21.2210272,0
                -47.2741221,-21.2209472,0
                -47.2755168,-21.2218473,0
                -47.2786496,-21.2234475,0
              </coordinates>
            </LinearRing>
          </outerBoundaryIs>
        </Polygon>
      </Placemark>
      <Placemark>
        <name>CTO APOIO</name>
        <styleUrl>#poly-F9A825-1200-77-nodesc</styleUrl>
        <Polygon>
          <outerBoundaryIs>
            <LinearRing>
              <tessellate>1</tessellate>
              <coordinates>
                -47.745411,-21.2063869,0
                -47.7459259,-21.2075672,0
                -47.7312704,-21.2079272,0
                -47.7311416,-21.207007,0
                -47.745411,-21.2063869,0
              </coordinates>
            </LinearRing>
          </outerBoundaryIs>
        </Polygon>
      </Placemark>
      <Placemark>
        <name>ÁREA INVIABILIZADA</name>
        <styleUrl>#poly-A52714-1200-77-nodesc</styleUrl>
        <Polygon>
          <outerBoundaryIs>
            <LinearRing>
              <tessellate>1</tessellate>
              <coordinates>
                -47.7572441,-21.2082761,0
                -47.7574131,-21.2084612,0
                -47.7569168,-21.2086487,0
                -47.7568766,-21.2085462,0
                -47.7566647,-21.2079411,0
                -47.756654,-21.2078135,0
                -47.7567345,-21.2077935,0
                -47.7570858,-21.2081011,0
                -47.7572441,-21.2082761,0
              </coordinates>
            </LinearRing>
          </outerBoundaryIs>
        </Polygon>
      </Placemark>
      <Placemark>
        <name>ÁREA PARCIALMENTE INVIABILIZADA</name>
        <description>PEDIDOS AQUI DEVEM SER ANALISADOS POIS ALGUNS CASS TEM ATENDIMENTO DIRETO DO POSTE</description>
        <styleUrl>#poly-A52714-1200-153</styleUrl>
        <Polygon>
          <outerBoundaryIs>
            <LinearRing>
              <tessellate>1</tessellate>
              <coordinates>
                -47.8089996,-21.1275411,0
                -47.8092946,-21.1279614,0
                -47.8072561,-21.1294625,0
                -47.8070684,-21.1290972,0
                -47.8069721,-21.1276828,0
                -47.8070669,-21.1276735,0
                -47.8077501,-21.1284155,0
                -47.8089406,-21.127496,0
                -47.8089996,-21.1275411,0
              </coordinates>
            </LinearRing>
          </outerBoundaryIs>
        </Polygon>
      </Placemark>
      <Placemark>
        <name>Rib Preto 08 - Alcans (ativ)
Limite: 3
Horário: Segunda à Sábado
08:00 até às 17:00 horas
--------------------------------------------
Ribeirão Preto - Suporte 08
Limite: 07
Horário: Segunda à Segunda
</name>
        <description><![CDATA[Alto da Boa Vista<br>Centro<br>Condomínio Acapulco<br>Condomínio Itamaraty<br>Condomínio Cheyenne<br>Condomínio Edifício Apiácas<br>Condomínio Edifício Alameda dos Ipês<br>Condomínio Edifício Ametista<br>Condomínio Edifício Arthemi<br>Condomínio Edifício Baviera<br>Condomínio Edifício Celso Patelli<br>Condomínio Edifício Leite<br>Condomínio Edifício Toscana <br>Condomínio Edifício Estevan Antônio de Morais<br>Condomínio Edifício Spazio Uno<br>Condomínio Edifício Sauber<br>Condomínio Edifício Laranjeiras<br>Condomínio Edifício Manoela Maria<br>Condomínio Edifício Osvaldo<br>Condomínio Edifício Silvia<br>Condomínio Edifício Valu<br>Condomínio Edifício Veneto<br>Condomínio Edifício Ventura<br>Condomínio Edifício Vrademir Nascimento<br>Condomínio Edifício Villa Di Napoli<br>Condomínio Residencial Florida<br>Edifício Atrium<br>Edifício Danúbio<br>Edifico Perola Branca<br>Edifício Maria das Neves<br>Edifício Moyses Antonio Mellin<br>Edifício Stella<br>Edifício Santa Clara<br>Edifício Teresópolis<br>Jardim Sumaré<br>Jardim São Luiz<br>Jardim Irajá<br>Residencial Flórida<br>Residencial La Concorde<br>Condomínio Edifício Belvedere<br>Vila Virginia<br>Condomínio Edifício Crixas<br>Condomínio Residencial Ilha De Bali<br>Condomínio Edifício Província de Salermo]]></description>
        <styleUrl>#poly-673AB7-1200-77</styleUrl>
        <Polygon>
          <outerBoundaryIs>
            <LinearRing>
              <tessellate>1</tessellate>
              <coordinates>
                -47.8225732,-21.1968231,0
                -47.8230882,-21.1989837,0
                -47.8230882,-21.2015044,0
                -47.8233671,-21.2022246,0
                -47.820835,-21.2033849,0
                -47.8188178,-21.2043851,0
                -47.8168437,-21.2055854,0
                -47.8152558,-21.2073858,0
                -47.8143973,-21.208206,0
                -47.8145475,-21.2088661,0
                -47.8140969,-21.2101264,0
                -47.8127399,-21.2086711,0
                -47.8117797,-21.2074258,0
                -47.8104492,-21.2043851,0
                -47.8095265,-21.2022846,0
                -47.8088399,-21.2029648,0
                -47.8081607,-21.2033598,0
                -47.8039155,-21.2013852,0
                -47.8038055,-21.2016719,0
                -47.8034569,-21.2026005,0
                -47.8024377,-21.2021504,0
                -47.8018477,-21.2033907,0
                -47.8012603,-21.2031882,0
                -47.8005896,-21.2028956,0
                -47.7993879,-21.2038558,0
                -47.7989372,-21.2034357,0
                -47.8003214,-21.2021554,0
                -47.7989936,-21.20087,0
                -47.7987575,-21.20095,0
                -47.7970382,-21.1995947,0
                -47.7983471,-21.1972032,0
                -47.7986904,-21.1956627,0
                -47.7984114,-21.1937821,0
                -47.7978534,-21.1915014,0
                -47.7979607,-21.1895407,0
                -47.7985054,-21.187625,0
                -47.798905,-21.1863196,0
                -47.8002597,-21.1823343,0
                -47.8012469,-21.1835223,0
                -47.8066165,-21.1793907,0
                -47.8031671,-21.175639,0
                -47.8050347,-21.1740034,0
                -47.8060218,-21.1732831,0
                -47.8077883,-21.1717582,0
                -47.809607,-21.1704225,0
                -47.8099237,-21.1701274,0
                -47.8106505,-21.1698222,0
                -47.8108709,-21.1695263,0
                -47.8113504,-21.1695125,0
                -47.8135175,-21.1732742,0
                -47.8146548,-21.1753351,0
                -47.815685,-21.1766957,0
                -47.8170368,-21.1784165,0
                -47.8187962,-21.179637,0
                -47.819483,-21.1802973,0
                -47.8198693,-21.1810576,0
                -47.8199122,-21.1825982,0
                -47.8201053,-21.1836986,0
                -47.8207063,-21.1849591,0
                -47.8211998,-21.1862596,0
                -47.8215002,-21.1884804,0
                -47.822101,-21.1892006,0
                -47.8224444,-21.1906011,0
                -47.8226161,-21.1929819,0
                -47.8228092,-21.1946424,0
                -47.8225732,-21.1968231,0
              </coordinates>
            </LinearRing>
          </outerBoundaryIs>
        </Polygon>
      </Placemark>
      <Placemark>
        <name>Rib Preto 14 e 15 - Alcans (ativ)
Limite: 5
Horário: Segunda à Sábado
08:00 até às 17:00 horas

Rib Preto 14 - Terceiros Flex (ativ)
Horario: 08:00 até às 17:00 horas
Limite: Verificar bloqueio informativo.
-------------------------------------------

Ribeirão Preto - Suporte 14
Limite: 07
Segunda à Segunda</name>
        <description>PARQUE DAS GAIVOTAS</description>
        <styleUrl>#poly-673AB7-1200-77</styleUrl>
        <Polygon>
          <outerBoundaryIs>
            <LinearRing>
              <tessellate>1</tessellate>
              <coordinates>
                -47.7156327,-21.1668364,0
                -47.7152036,-21.1680571,0
                -47.7145169,-21.1684272,0
                -47.7120922,-21.1671066,0
                -47.7082191,-21.1661161,0
                -47.7062343,-21.1654958,0
                -47.7079294,-21.162114,0
                -47.7108477,-21.1632746,0
                -47.7111159,-21.1627944,0
                -47.7156327,-21.1668364,0
              </coordinates>
            </LinearRing>
          </outerBoundaryIs>
        </Polygon>
      </Placemark>
      <Placemark>
        <name>ÁREA INVIABILIZADA</name>
        <styleUrl>#poly-A52714-1200-117-nodesc</styleUrl>
        <Polygon>
          <outerBoundaryIs>
            <LinearRing>
              <tessellate>1</tessellate>
              <coordinates>
                -47.8225165,-21.1268165,0
                -47.8222965,-21.1269416,0
                -47.8216582,-21.1264011,0
                -47.8213148,-21.1259558,0
                -47.8210788,-21.1255905,0
                -47.8207087,-21.1253203,0
                -47.8197055,-21.1242845,0
                -47.8196948,-21.1240393,0
                -47.8199255,-21.1237691,0
                -47.8211915,-21.124935,0
                -47.8214704,-21.1252302,0
                -47.8223716,-21.1265663,0
                -47.8225165,-21.1268165,0
              </coordinates>
            </LinearRing>
          </outerBoundaryIs>
        </Polygon>
      </Placemark>
      <Placemark>
        <name>ÁREA INVIABILIZADA</name>
        <styleUrl>#poly-A52714-1200-105-nodesc</styleUrl>
        <Polygon>
          <outerBoundaryIs>
            <LinearRing>
              <tessellate>1</tessellate>
              <coordinates>
                -47.7742949,-21.1287921,0
                -47.7734795,-21.1271508,0
                -47.7744077,-21.1267025,0
                -47.7747618,-21.1273518,0
                -47.7742949,-21.1287921,0
              </coordinates>
            </LinearRing>
          </outerBoundaryIs>
        </Polygon>
      </Placemark>
      <Placemark>
        <name>Mococa - Hibrido

Capacidade: 04
Horário: Segunda à Sábado
08:00 até às 17:00 horas
</name>
        <description>Mococa</description>
        <styleUrl>#poly-673AB7-1200-77</styleUrl>
        <Polygon>
          <outerBoundaryIs>
            <LinearRing>
              <tessellate>1</tessellate>
              <coordinates>
                -47.0400081,-21.4758622,0
                -47.040802,-21.4769105,0
                -47.0417086,-21.4788274,0
                -47.0321197,-21.4811836,0
                -47.0311997,-21.4794663,0
                -47.0305345,-21.4783581,0
                -47.0296762,-21.4770502,0
                -47.0291183,-21.4772799,0
                -47.0286784,-21.4773298,0
                -47.0286141,-21.4770902,0
                -47.0244942,-21.4773697,0
                -47.024344,-21.4771201,0
                -47.0244083,-21.4768007,0
                -47.0230458,-21.4761118,0
                -47.0227776,-21.4760419,0
                -47.0225201,-21.4763713,0
                -47.0207498,-21.4789671,0
                -47.019972,-21.4789172,0
                -47.0222089,-21.4754928,0
                -47.0258889,-21.4700514,0
                -47.0267472,-21.4696021,0
                -47.0308993,-21.4683341,0
                -47.0310602,-21.4681643,0
                -47.0314465,-21.4668564,0
                -47.0311782,-21.4667166,0
                -47.0313928,-21.4656582,0
                -47.031822,-21.4657281,0
                -47.0323155,-21.4641905,0
                -47.0328949,-21.4639408,0
                -47.0334849,-21.4641505,0
                -47.0340858,-21.4643702,0
                -47.0338068,-21.4651989,0
                -47.0337532,-21.465818,0
                -47.0336137,-21.4663971,0
                -47.0339141,-21.4664769,0
                -47.0344076,-21.4665968,0
                -47.0343433,-21.4669063,0
                -47.0352016,-21.467066,0
                -47.0355556,-21.4670461,0
                -47.0357702,-21.467116,0
                -47.0357058,-21.4676851,0
                -47.0356629,-21.4680545,0
                -47.0356736,-21.4684738,0
                -47.0358024,-21.4690829,0
                -47.0361993,-21.4697319,0
                -47.0364783,-21.4704508,0
                -47.0370898,-21.4713094,0
                -47.0374117,-21.4716289,0
                -47.0381734,-21.4728769,0
                -47.0386241,-21.4737955,0
                -47.0389459,-21.4744145,0
                -47.039418,-21.475353,0
                -47.0400081,-21.4758622,0
              </coordinates>
            </LinearRing>
          </outerBoundaryIs>
        </Polygon>
      </Placemark>
      <Placemark>
        <name>Mococa - Ativação e Suporte
Ativação e Suporte: 04
Horário: Segunda à Sábado
08:00 até às 17:00 horas
--------------------------------------
</name>
        <description>Mococa</description>
        <styleUrl>#poly-673AB7-1200-77</styleUrl>
        <Polygon>
          <outerBoundaryIs>
            <LinearRing>
              <tessellate>1</tessellate>
              <coordinates>
                -47.0427696,-21.4889844,0
                -47.0415036,-21.4908014,0
                -47.0409457,-21.4905418,0
                -47.0383279,-21.4888447,0
                -47.0383923,-21.4886251,0
                -47.0399801,-21.4865086,0
                -47.0422976,-21.4866883,0
                -47.042834,-21.4873073,0
                -47.0421259,-21.4882457,0
                -47.0427267,-21.4887249,0
                -47.0427696,-21.4889844,0
              </coordinates>
            </LinearRing>
          </outerBoundaryIs>
        </Polygon>
      </Placemark>
      <Placemark>
        <name>Bairro Regatas</name>
        <styleUrl>#poly-673AB7-1200-77-nodesc</styleUrl>
        <Polygon>
          <outerBoundaryIs>
            <LinearRing>
              <tessellate>1</tessellate>
              <coordinates>
                -47.7746771,-21.1108525,0
                -47.7757821,-21.1115331,0
                -47.7765975,-21.1120836,0
                -47.7771876,-21.112564,0
                -47.7775631,-21.1130544,0
                -47.7777133,-21.1133447,0
                -47.7778742,-21.113755,0
                -47.7779386,-21.1141454,0
                -47.7779601,-21.1145957,0
                -47.7778528,-21.1151062,0
                -47.7774666,-21.1159269,0
                -47.7769945,-21.1167175,0
                -47.7762756,-21.1176783,0
                -47.7759431,-21.1181187,0
                -47.7757178,-21.1182288,0
                -47.7752993,-21.1182388,0
                -47.7749238,-21.1181287,0
                -47.7746556,-21.1178485,0
                -47.7745483,-21.1174582,0
                -47.7745161,-21.1170078,0
                -47.7746127,-21.1167175,0
                -47.7746985,-21.1163672,0
                -47.7746663,-21.1162071,0
                -47.7745483,-21.116047,0
                -47.7743981,-21.116097,0
                -47.7743015,-21.1162371,0
                -47.7743337,-21.1165174,0
                -47.7743552,-21.117238,0
                -47.7741943,-21.1176783,0
                -47.7738509,-21.1180386,0
                -47.7734862,-21.1182888,0
                -47.7729604,-21.1183189,0
                -47.7719734,-21.1184189,0
                -47.7721772,-21.1147859,0
                -47.7712116,-21.1141253,0
                -47.7746771,-21.1108525,0
              </coordinates>
            </LinearRing>
          </outerBoundaryIs>
        </Polygon>
      </Placemark>
      <Placemark>
        <name>Rural Mil Pássaros </name>
        <styleUrl>#poly-0288D1-1200-77-nodesc</styleUrl>
        <Polygon>
          <outerBoundaryIs>
            <LinearRing>
              <tessellate>1</tessellate>
              <coordinates>
                -47.7169963,-21.1581755,0
                -47.7169979,-21.1593558,0
                -47.7136227,-21.1597108,0
                -47.7134292,-21.1574202,0
                -47.7104286,-21.1557684,0
                -47.7090039,-21.1554323,0
                -47.7079615,-21.1567071,0
                -47.7067616,-21.1557204,0
                -47.7081394,-21.1543451,0
                -47.7097732,-21.1535447,0
                -47.7120264,-21.1554366,0
                -47.7146401,-21.15671,0
                -47.7165813,-21.1574304,0
                -47.7169963,-21.1581755,0
              </coordinates>
            </LinearRing>
          </outerBoundaryIs>
        </Polygon>
      </Placemark>
      <Placemark>
        <name>Rib Preto 12 e 13 - Alcans (ativ)
Limite: 5
Horário: Segunda à Sábado
08:00 até às 17:00 horas

Rib Preto 13 - Terceiros Flex (ativ)
Horario: 08:00 até às 17:00 horas
Limite: Verificar bloqueio informativo.
-------------------------------------------

Ribeirão Preto - Suporte 13
Limite: 07
Segunda à Segunda
</name>
        <styleUrl>#poly-673AB7-1200-77-nodesc</styleUrl>
        <MultiGeometry>
          <Polygon>
            <outerBoundaryIs>
              <LinearRing>
                <tessellate>1</tessellate>
                <coordinates>
                  -47.7678589,-21.2171273,0
                  -47.7678692,-21.2171176,0
                  -47.767868,-21.2171304,0
                  -47.767865,-21.2171333,0
                  -47.7678589,-21.2171273,0
                </coordinates>
              </LinearRing>
            </outerBoundaryIs>
          </Polygon>
          <Polygon>
            <outerBoundaryIs>
              <LinearRing>
                <tessellate>1</tessellate>
                <coordinates>
                  -47.7690701,-21.2174057,0
                  -47.7692562,-21.2174953,0
                  -47.7691311,-21.2176349,0
                  -47.7689826,-21.2174824,0
                  -47.7690701,-21.2174057,0
                </coordinates>
              </LinearRing>
            </outerBoundaryIs>
          </Polygon>
          <Polygon>
            <outerBoundaryIs>
              <LinearRing>
                <tessellate>1</tessellate>
                <coordinates>
                  -47.7700187,-21.2167728,0
                  -47.7701179,-21.2168078,0
                  -47.7700647,-21.2169373,0
                  -47.7701479,-21.2169798,0
                  -47.7702136,-21.2168048,0
                  -47.7703115,-21.2169048,0
                  -47.7702095,-21.2171624,0
                  -47.7703168,-21.2172124,0
                  -47.7703437,-21.2172349,0
                  -47.7699199,-21.2170649,0
                  -47.7700187,-21.2167728,0
                </coordinates>
              </LinearRing>
            </outerBoundaryIs>
          </Polygon>
          <Polygon>
            <outerBoundaryIs>
              <LinearRing>
                <tessellate>1</tessellate>
                <coordinates>
                  -47.7686854,-21.2170713,0
                  -47.7689295,-21.217329,0
                  -47.7689885,-21.2172751,0
                  -47.7687605,-21.2170163,0
                  -47.7688249,-21.2169588,0
                  -47.768959,-21.2170888,0
                  -47.7691439,-21.2169437,0
                  -47.7692968,-21.2170437,0
                  -47.768849,-21.2173965,0
                  -47.7687471,-21.2172713,0
                  -47.7685996,-21.2173839,0
                  -47.7684789,-21.2172588,0
                  -47.7686854,-21.2170713,0
                </coordinates>
              </LinearRing>
            </outerBoundaryIs>
          </Polygon>
          <Polygon>
            <outerBoundaryIs>
              <LinearRing>
                <tessellate>1</tessellate>
                <coordinates>
                  -47.7687203,-21.2175191,0
                  -47.768764,-21.2176544,0
                  -47.7689066,-21.2178001,0
                  -47.7689617,-21.2177506,0
                  -47.7686995,-21.2179899,0
                  -47.7688617,-21.218134,0
                  -47.7686463,-21.2183122,0
                  -47.7683419,-21.2180316,0
                  -47.7682321,-21.2179666,0
                  -47.7681435,-21.2180391,0
                  -47.7680148,-21.2178966,0
                  -47.7680953,-21.2178241,0
                  -47.7682536,-21.2179641,0
                  -47.7683823,-21.2178416,0
                  -47.7681114,-21.2175658,0
                  -47.7681838,-21.2175008,0
                  -47.7683103,-21.2176138,0
                  -47.7685996,-21.2173839,0
                  -47.7687203,-21.2175191,0
                </coordinates>
              </LinearRing>
            </outerBoundaryIs>
          </Polygon>
          <Polygon>
            <outerBoundaryIs>
              <LinearRing>
                <tessellate>1</tessellate>
                <coordinates>
                  -47.7671569,-21.2166615,0
                  -47.7675834,-21.2162914,0
                  -47.7677416,-21.2164289,0
                  -47.7678651,-21.2163139,0
                  -47.7677175,-21.2161789,0
                  -47.7679582,-21.2159586,0
                  -47.7681084,-21.2161086,0
                  -47.7681988,-21.2162255,0
                  -47.7683106,-21.2163374,0
                  -47.7684981,-21.2162058,0
                  -47.7686104,-21.2162993,0
                  -47.7679855,-21.216815,0
                  -47.7677446,-21.2165707,0
                  -47.7675086,-21.2167432,0
                  -47.7676669,-21.2168791,0
                  -47.7677388,-21.2168125,0
                  -47.7678434,-21.21691,0
                  -47.7677661,-21.216985,0
                  -47.7674233,-21.2173251,0
                  -47.7671668,-21.2170983,0
                  -47.7669209,-21.2168715,0
                  -47.7666822,-21.2170389,0
                  -47.7671569,-21.2166615,0
                </coordinates>
              </LinearRing>
            </outerBoundaryIs>
          </Polygon>
          <Polygon>
            <outerBoundaryIs>
              <LinearRing>
                <tessellate>1</tessellate>
                <coordinates>
                  -47.7678437,-21.2171121,0
                  -47.7678741,-21.2170674,0
                  -47.7678692,-21.2171176,0
                  -47.7681674,-21.2168376,0
                  -47.7682413,-21.2167956,0
                  -47.7683808,-21.2169307,0
                  -47.7684425,-21.2168706,0
                  -47.7683164,-21.2167281,0
                  -47.7683701,-21.2166806,0
                  -47.7685069,-21.2168106,0
                  -47.768582,-21.2167431,0
                  -47.7684452,-21.2165956,0
                  -47.7685122,-21.2165356,0
                  -47.7686544,-21.2166806,0
                  -47.7687766,-21.2168277,0
                  -47.7684454,-21.2171414,0
                  -47.7683001,-21.2172708,0
                  -47.768168,-21.2173976,0
                  -47.7680926,-21.2174628,0
                  -47.7679355,-21.2173032,0
                  -47.7679861,-21.2172508,0
                  -47.767865,-21.2171333,0
                  -47.7678382,-21.2171776,0
                  -47.7678589,-21.2171273,0
                  -47.7678437,-21.2171121,0
                </coordinates>
              </LinearRing>
            </outerBoundaryIs>
          </Polygon>
        </MultiGeometry>
      </Placemark>
      <Placemark>
        <name>ÁREA INVIABILIZADA</name>
        <styleUrl>#poly-A52714-1200-194-nodesc</styleUrl>
        <Polygon>
          <outerBoundaryIs>
            <LinearRing>
              <tessellate>1</tessellate>
              <coordinates>
                -47.8218359,-21.1847644,0
                -47.82195,-21.1850047,0
                -47.8212501,-21.1853352,0
                -47.8211378,-21.1850595,0
                -47.8218359,-21.1847644,0
              </coordinates>
            </LinearRing>
          </outerBoundaryIs>
        </Polygon>
      </Placemark>
      <Placemark>
        <name>Polígono 95</name>
        <styleUrl>#poly-0288D1-1200-77-nodesc</styleUrl>
        <Polygon>
          <outerBoundaryIs>
            <LinearRing>
              <tessellate>1</tessellate>
              <coordinates>
                -47.3505343,-21.21522,0
                -47.348174,-21.2142199,0
                -47.3459425,-21.2138798,0
                -47.3466953,-21.2124843,0
                -47.347187,-21.2101791,0
                -47.3488177,-21.2104192,0
                -47.3508776,-21.2100191,0
                -47.3543967,-21.2100991,0
                -47.3584306,-21.2103392,0
                -47.3608337,-21.2033777,0
                -47.3618637,-21.2010572,0
                -47.3625504,-21.1971361,0
                -47.3623787,-21.1963359,0
                -47.3610054,-21.193135,0
                -47.3591172,-21.1894538,0
                -47.3574865,-21.1872931,0
                -47.3578298,-21.1860127,0
                -47.3591172,-21.1843321,0
                -47.3604904,-21.1819312,0
                -47.3628937,-21.1778496,0
                -47.3653828,-21.1748884,0
                -47.3668418,-21.1723273,0
                -47.3689017,-21.1727274,0
                -47.3718199,-21.1730476,0
                -47.3714766,-21.1746483,0
                -47.3704467,-21.1775295,0
                -47.3689875,-21.1799304,0
                -47.3690948,-21.1816511,0
                -47.3695455,-21.1824114,0
                -47.3702321,-21.1831517,0
                -47.371305,-21.1844121,0
                -47.3715624,-21.1861727,0
                -47.3700338,-21.1875173,0
                -47.3683009,-21.1881734,0
                -47.3652969,-21.1892138,0
                -47.3658977,-21.1919346,0
                -47.3676142,-21.1970561,0
                -47.3670134,-21.2012172,0
                -47.3604904,-21.2146599,0
                -47.3560273,-21.21538,0
                -47.3505343,-21.21522,0
              </coordinates>
            </LinearRing>
          </outerBoundaryIs>
        </Polygon>
      </Placemark>
      <Placemark>
        <name>RURAL SANTA CRUZ DA ESPERANÇA</name>
        <styleUrl>#poly-0288D1-1200-77-nodesc</styleUrl>
        <Polygon>
          <outerBoundaryIs>
            <LinearRing>
              <tessellate>1</tessellate>
              <coordinates>
                -47.4148379,-21.2922692,0
                -47.414559,-21.2951082,0
                -47.4134861,-21.2975873,0
                -47.411866,-21.2986169,0
                -47.4098705,-21.2965277,0
                -47.4099778,-21.2941886,0
                -47.4106537,-21.2926791,0
                -47.4146877,-21.2916994,0
                -47.4148379,-21.2922692,0
              </coordinates>
            </LinearRing>
          </outerBoundaryIs>
        </Polygon>
      </Placemark>
      <Placemark>
        <name>RURAL JAB</name>
        <description>C07</description>
        <styleUrl>#poly-0288D1-1200-77</styleUrl>
        <Polygon>
          <outerBoundaryIs>
            <LinearRing>
              <tessellate>1</tessellate>
              <coordinates>
                -48.3682609,-21.2266081,0
                -48.3680892,-21.2313284,0
                -48.3668876,-21.2372487,0
                -48.3630252,-21.2390087,0
                -48.3602786,-21.2386087,0
                -48.3582187,-21.2392487,0
                -48.3568454,-21.2375687,0
                -48.359077,-21.2334086,0
                -48.3625102,-21.2310084,0
                -48.3638835,-21.2270081,0
                -48.3658576,-21.2250879,0
                -48.3682609,-21.2266081,0
              </coordinates>
            </LinearRing>
          </outerBoundaryIs>
        </Polygon>
      </Placemark>
      <Placemark>
        <name>BAIRRO BELA VISTA</name>
        <styleUrl>#poly-673AB7-1200-77-nodesc</styleUrl>
        <Polygon>
          <outerBoundaryIs>
            <LinearRing>
              <tessellate>1</tessellate>
              <coordinates>
                -47.7490079,-21.0153222,0
                -47.7488577,-21.0155024,0
                -47.7490401,-21.0155625,0
                -47.7462613,-21.0201194,0
                -47.7447808,-21.0194484,0
                -47.7432894,-21.018517,0
                -47.7432465,-21.0181765,0
                -47.7438366,-21.017215,0
                -47.744137,-21.0166542,0
                -47.7435577,-21.0161634,0
                -47.7430427,-21.0155525,0
                -47.7436006,-21.0145911,0
                -47.7448344,-21.0134593,0
                -47.7459073,-21.0129385,0
                -47.7462721,-21.0128584,0
                -47.7486109,-21.0147213,0
                -47.7492225,-21.0149015,0
                -47.7490079,-21.0153222,0
              </coordinates>
            </LinearRing>
          </outerBoundaryIs>
        </Polygon>
      </Placemark>
      <Placemark>
        <name>ÁREA INVIABILIZADA</name>
        <styleUrl>#poly-A52714-1200-161-nodesc</styleUrl>
        <Polygon>
          <outerBoundaryIs>
            <LinearRing>
              <tessellate>1</tessellate>
              <coordinates>
                -47.741153,-21.186276,0
                -47.739254,-21.1882667,0
                -47.7376447,-21.1870162,0
                -47.7370447,-21.1865061,0
                -47.7372297,-21.1850305,0
                -47.7379171,-21.1850174,0
                -47.738342,-21.1851055,0
                -47.7386424,-21.1852256,0
                -47.7384601,-21.1855157,0
                -47.7385888,-21.1861859,0
                -47.7388248,-21.1865761,0
                -47.7390609,-21.186476,0
                -47.7395651,-21.186386,0
                -47.7400479,-21.1861459,0
                -47.7403805,-21.1859859,0
                -47.7408204,-21.1860859,0
                -47.741153,-21.186276,0
              </coordinates>
            </LinearRing>
          </outerBoundaryIs>
        </Polygon>
      </Placemark>
      <Placemark>
        <name>REGIÃO ARARAQUARA</name>
        <styleUrl>#poly-0288D1-1200-77-nodesc</styleUrl>
        <Polygon>
          <outerBoundaryIs>
            <LinearRing>
              <tessellate>1</tessellate>
              <coordinates>
                -47.3801603,-21.1922795,0
                -47.3817696,-21.1943001,0
                -47.3830142,-21.1956605,0
                -47.3852109,-21.196187,0
                -47.3878797,-21.1967134,0
                -47.3882391,-21.1990466,0
                -47.3934211,-21.1981113,0
                -47.3942151,-21.1986014,0
                -47.3943117,-21.200562,0
                -47.3862972,-21.2047631,0
                -47.3806538,-21.2024625,0
                -47.3748173,-21.2058633,0
                -47.3709549,-21.2064034,0
                -47.3675861,-21.2073236,0
                -47.3638525,-21.2074237,0
                -47.3627796,-21.2060033,0
                -47.3639168,-21.2040629,0
                -47.3667278,-21.2029826,0
                -47.3673501,-21.2011021,0
                -47.3687877,-21.1997217,0
                -47.3706331,-21.1996417,0
                -47.3721351,-21.1997817,0
                -47.3734869,-21.197301,0
                -47.3762335,-21.1961207,0
                -47.3763194,-21.19382,0
                -47.377242,-21.1922195,0
                -47.3786797,-21.1918994,0
                -47.3801603,-21.1922795,0
              </coordinates>
            </LinearRing>
          </outerBoundaryIs>
        </Polygon>
      </Placemark>
      <Placemark>
        <name>COND ALPHAVILLE</name>
        <description>ANTIGA REDE FALEMAIS</description>
        <styleUrl>#poly-0F9D58-1200-77</styleUrl>
        <Polygon>
          <outerBoundaryIs>
            <LinearRing>
              <tessellate>1</tessellate>
              <coordinates>
                -46.9571887,-21.2168585,0
                -46.9582187,-21.220539,0
                -46.958326,-21.2231994,0
                -46.9578539,-21.2247595,0
                -46.9521247,-21.2236794,0
                -46.9528114,-21.2209391,0
                -46.9543349,-21.2163184,0
                -46.9559442,-21.2164184,0
                -46.9571887,-21.2168585,0
              </coordinates>
            </LinearRing>
          </outerBoundaryIs>
        </Polygon>
      </Placemark>
      <Placemark>
        <name>RURAL MONTE SANTO</name>
        <description>ANTIGA REDE FALEMAIS</description>
        <styleUrl>#poly-0288D1-1200-77</styleUrl>
        <Polygon>
          <outerBoundaryIs>
            <LinearRing>
              <tessellate>1</tessellate>
              <coordinates>
                -46.9859816,-21.1767611,0
                -46.98684,-21.1776815,0
                -46.9866254,-21.1780516,0
                -46.985016,-21.1781717,0
                -46.9844152,-21.1780116,0
                -46.9840397,-21.1771512,0
                -46.984898,-21.176681,0
                -46.9859816,-21.1767611,0
              </coordinates>
            </LinearRing>
          </outerBoundaryIs>
        </Polygon>
      </Placemark>
      <Placemark>
        <name>CONDOMÍNIO ÁGUA DA SERRA</name>
        <description>ANTIGA REDE FALEMAIS</description>
        <styleUrl>#poly-097138-1200-77</styleUrl>
        <Polygon>
          <outerBoundaryIs>
            <LinearRing>
              <tessellate>1</tessellate>
              <coordinates>
                -46.9951763,-21.1754705,0
                -46.9959058,-21.176471,0
                -46.9969036,-21.1798024,0
                -46.9973864,-21.1816231,0
                -46.9981696,-21.1829936,0
                -46.9960453,-21.1828036,0
                -46.994318,-21.1816631,0
                -46.991861,-21.1799124,0
                -46.989962,-21.1786919,0
                -46.9894256,-21.1779416,0
                -46.9949188,-21.1753505,0
                -46.9951763,-21.1754705,0
              </coordinates>
            </LinearRing>
          </outerBoundaryIs>
        </Polygon>
      </Placemark>
      <Placemark>
        <name>RURAL MONTE SANTO</name>
        <description>ANTIGA REDE FALEMAIS</description>
        <styleUrl>#poly-0288D1-1200-77</styleUrl>
        <Polygon>
          <outerBoundaryIs>
            <LinearRing>
              <tessellate>1</tessellate>
              <coordinates>
                -46.9880133,-21.1574115,0
                -46.9908887,-21.1597528,0
                -46.9904917,-21.1611435,0
                -46.9895583,-21.1622141,0
                -46.9862967,-21.1587922,0
                -46.9874554,-21.1570713,0
                -46.9880133,-21.1574115,0
              </coordinates>
            </LinearRing>
          </outerBoundaryIs>
        </Polygon>
      </Placemark>
      <Placemark>
        <name>CONDOMÍNIO PINHEIRINHO</name>
        <description>ANTIGA REDE FALEMAIS</description>
        <styleUrl>#poly-0F9D58-1200-77</styleUrl>
        <Polygon>
          <outerBoundaryIs>
            <LinearRing>
              <tessellate>1</tessellate>
              <coordinates>
                -46.9920688,-21.1491266,0
                -46.9894295,-21.1532691,0
                -46.9874125,-21.1530689,0
                -46.9848591,-21.1527888,0
                -46.9846659,-21.1516281,0
                -46.984387,-21.1502072,0
                -46.9854384,-21.1493867,0
                -46.9850307,-21.1487063,0
                -46.9850093,-21.1478458,0
                -46.9894295,-21.1471453,0
                -46.9902235,-21.1485062,0
                -46.9913607,-21.1488064,0
                -46.9923478,-21.1486262,0
                -46.9920688,-21.1491266,0
              </coordinates>
            </LinearRing>
          </outerBoundaryIs>
        </Polygon>
      </Placemark>
      <Placemark>
        <name>RURAL MONTE SANTO DE MINAS</name>
        <styleUrl>#poly-0288D1-1200-77-nodesc</styleUrl>
        <Polygon>
          <outerBoundaryIs>
            <LinearRing>
              <tessellate>1</tessellate>
              <coordinates>
                -46.9829598,-21.1772031,0
                -46.9832548,-21.1777433,0
                -46.9823161,-21.1784637,0
                -46.9811681,-21.1783486,0
                -46.9794836,-21.179254,0
                -46.9783303,-21.1791639,0
                -46.9781908,-21.1784286,0
                -46.9790062,-21.1780085,0
                -46.9807496,-21.1772631,0
                -46.9816509,-21.176998,0
                -46.9827238,-21.1771531,0
                -46.9829598,-21.1772031,0
              </coordinates>
            </LinearRing>
          </outerBoundaryIs>
        </Polygon>
      </Placemark>
      <Placemark>
        <name>DISTRITO INDUSTRIAL STZ</name>
        <styleUrl>#poly-F57C00-1200-125-nodesc</styleUrl>
        <Polygon>
          <outerBoundaryIs>
            <LinearRing>
              <tessellate>1</tessellate>
              <coordinates>
                -48.0289851,-21.1265592,0
                -48.0306158,-21.1283206,0
                -48.0284486,-21.130182,0
                -48.0292211,-21.1330641,0
                -48.0258737,-21.1352857,0
                -48.024436,-21.1356059,0
                -48.0234919,-21.1332242,0
                -48.0220757,-21.1339648,0
                -48.0201874,-21.1352057,0
                -48.0207024,-21.1359662,0
                -48.0194579,-21.1365866,0
                -48.0196295,-21.1367868,0
                -48.017634,-21.1376674,0
                -48.0166684,-21.1361063,0
                -48.0289851,-21.1265592,0
              </coordinates>
            </LinearRing>
          </outerBoundaryIs>
        </Polygon>
      </Placemark>
      <Placemark>
        <name>FTTH SANT ANT ALEGRIA</name>
        <styleUrl>#poly-0288D1-1200-77-nodesc</styleUrl>
        <Polygon>
          <outerBoundaryIs>
            <LinearRing>
              <tessellate>1</tessellate>
              <coordinates>
                -47.1437188,-21.0846658,0
                -47.1441587,-21.0854767,0
                -47.1428498,-21.0865178,0
                -47.1417125,-21.0873787,0
                -47.1405538,-21.0871284,0
                -47.1402105,-21.0855367,0
                -47.1411546,-21.0844856,0
                -47.1429785,-21.0840652,0
                -47.1437188,-21.0846658,0
              </coordinates>
            </LinearRing>
          </outerBoundaryIs>
        </Polygon>
      </Placemark>
      <Placemark>
        <name>GUAXUPÉ - REGIÃO 2</name>
        <description><![CDATA[téc. Carlos Cipriano<br>Guaxupé - Ativação e Suporte - região 2<br><br>Ativação: 2 OS<br>Suporte: 1 OS<br><br>téc. Matheus Luis<br>Guaxupé - Ativação e Suporte - região 2<br><br>Ativação: 2 OS<br>Suporte: 2 OS<br><br>Horário: Segunda à Sábado<br>08:00 até às 17:30 horas]]></description>
        <styleUrl>#poly-673AB7-1200-77</styleUrl>
        <Polygon>
          <outerBoundaryIs>
            <LinearRing>
              <tessellate>1</tessellate>
              <coordinates>
                -46.7177024,-21.3077302,0
                -46.730767,-21.3008458,0
                -46.7370062,-21.2964076,0
                -46.7400531,-21.2981669,0
                -46.740139,-21.3043643,0
                -46.7388086,-21.3062835,0
                -46.7385511,-21.3100417,0
                -46.735547,-21.3126405,0
                -46.7384224,-21.3166385,0
                -46.7390661,-21.3185975,0
                -46.7408685,-21.3187974,0
                -46.7413835,-21.3203965,0
                -46.742156,-21.3213959,0
                -46.7446451,-21.3214759,0
                -46.7448597,-21.3187974,0
                -46.7512111,-21.3189173,0
                -46.7514686,-21.3237746,0
                -46.7509107,-21.3240745,0
                -46.7516832,-21.326673,0
                -46.7503957,-21.3271327,0
                -46.7480354,-21.3270628,0
                -46.7454605,-21.3264331,0
                -46.7448597,-21.3256735,0
                -46.7434435,-21.328232,0
                -46.7344312,-21.3325094,0
                -46.7333154,-21.3294713,0
                -46.7314272,-21.3269528,0
                -46.7246036,-21.3279922,0
                -46.7180376,-21.3343882,0
                -46.7125444,-21.328312,0
                -46.7199259,-21.3250739,0
                -46.7220716,-21.3209562,0
                -46.7214708,-21.3198368,0
                -46.719368,-21.3181177,0
                -46.7181499,-21.3221955,0
                -46.7088801,-21.3256735,0
                -46.7070348,-21.3275124,0
                -46.7059297,-21.3321995,0
                -46.7041648,-21.3302258,0
                -46.7029927,-21.3320771,0
                -46.7022283,-21.3335487,0
                -46.7018849,-21.3337386,0
                -46.6995889,-21.3328442,0
                -46.697293,-21.33147,0
                -46.6976792,-21.3208762,0
                -46.6987092,-21.3186374,0
                -46.7015845,-21.3186774,0
                -46.7020566,-21.3173181,0
                -46.7005331,-21.315499,0
                -46.6992671,-21.3133201,0
                -46.7177024,-21.3077302,0
              </coordinates>
            </LinearRing>
          </outerBoundaryIs>
        </Polygon>
      </Placemark>
      <Placemark>
        <name>BAIRRO NOVO</name>
        <styleUrl>#poly-673AB7-1200-77-nodesc</styleUrl>
        <Polygon>
          <outerBoundaryIs>
            <LinearRing>
              <tessellate>1</tessellate>
              <coordinates>
                -47.7938583,-21.0168738,0
                -47.7940729,-21.0182158,0
                -47.7934292,-21.0185063,0
                -47.7938798,-21.0205693,0
                -47.7932146,-21.0208497,0
                -47.7912298,-21.0142899,0
                -47.7924099,-21.0139794,0
                -47.7927318,-21.0139594,0
                -47.7929678,-21.0142498,0
                -47.7936008,-21.0162729,0
                -47.7938583,-21.0168738,0
              </coordinates>
            </LinearRing>
          </outerBoundaryIs>
        </Polygon>
      </Placemark>
      <Placemark>
        <name>RURAL REGIÃO CREMATÓRIO</name>
        <styleUrl>#poly-0288D1-1200-77-nodesc</styleUrl>
        <Polygon>
          <outerBoundaryIs>
            <LinearRing>
              <tessellate>1</tessellate>
              <coordinates>
                -47.7567579,-21.0896677,0
                -47.7570798,-21.0910892,0
                -47.7554061,-21.0916297,0
                -47.7537753,-21.0906487,0
                -47.7529385,-21.0894275,0
                -47.7503635,-21.0887668,0
                -47.7479388,-21.09189,0
                -47.7457931,-21.0910091,0
                -47.7448704,-21.0896276,0
                -47.7448489,-21.088967,0
                -47.7448704,-21.0884264,0
                -47.7462437,-21.0874454,0
                -47.7475741,-21.0873653,0
                -47.7485611,-21.0873453,0
                -47.7510502,-21.0871651,0
                -47.753432,-21.0869249,0
                -47.7553203,-21.0877257,0
                -47.7563717,-21.088967,0
                -47.7567579,-21.0896677,0
              </coordinates>
            </LinearRing>
          </outerBoundaryIs>
        </Polygon>
      </Placemark>
      <Placemark>
        <name>RURAL ARCEBURGO</name>
        <styleUrl>#poly-0288D1-1200-77-nodesc</styleUrl>
        <Polygon>
          <outerBoundaryIs>
            <LinearRing>
              <tessellate>1</tessellate>
              <coordinates>
                -46.9490453,-21.3677909,0
                -46.9521352,-21.3702287,0
                -46.9536802,-21.3711479,0
                -46.9534656,-21.3738255,0
                -46.9550964,-21.3767828,0
                -46.9599887,-21.3808989,0
                -46.964409,-21.3858141,0
                -46.9690868,-21.3906093,0
                -46.9662114,-21.392887,0
                -46.9651386,-21.3912487,0
                -46.9641086,-21.391848,0
                -46.9620916,-21.3884115,0
                -46.9624349,-21.3876923,0
                -46.95986,-21.3843356,0
                -46.9571134,-21.3817781,0
                -46.9540235,-21.3795802,0
                -46.951234,-21.3773423,0
                -46.949217,-21.3750644,0
                -46.9485303,-21.3733459,0
                -46.9478437,-21.3683903,0
                -46.9490453,-21.3677909,0
              </coordinates>
            </LinearRing>
          </outerBoundaryIs>
        </Polygon>
      </Placemark>
      <Placemark>
        <name>RURAL CJU</name>
        <styleUrl>#poly-0288D1-1200-77-nodesc</styleUrl>
        <Polygon>
          <outerBoundaryIs>
            <LinearRing>
              <tessellate>1</tessellate>
              <coordinates>
                -47.3265479,-21.2619736,0
                -47.3287795,-21.2642532,0
                -47.3248956,-21.266033,0
                -47.3225138,-21.265913,0
                -47.3217199,-21.2643332,0
                -47.3218057,-21.2632734,0
                -47.3260758,-21.2617336,0
                -47.3265479,-21.2619736,0
              </coordinates>
            </LinearRing>
          </outerBoundaryIs>
        </Polygon>
      </Placemark>
      <Placemark>
        <name>ÁREA INVIABILIZADA</name>
        <description>SEM POSTEAMENTO REGULAR NO MOMENTO</description>
        <styleUrl>#poly-A52714-1-130</styleUrl>
        <Polygon>
          <outerBoundaryIs>
            <LinearRing>
              <tessellate>1</tessellate>
              <coordinates>
                -47.8712221,-21.180371,0
                -47.8718551,-21.1814115,0
                -47.8704604,-21.1822118,0
                -47.8694321,-21.1816285,0
                -47.8696665,-21.1809113,0
                -47.8695453,-21.1801719,0
                -47.870396,-21.1799309,0
                -47.870042,-21.1790705,0
                -47.8702244,-21.1789905,0
                -47.8711631,-21.180251,0
                -47.8712221,-21.180371,0
              </coordinates>
            </LinearRing>
          </outerBoundaryIs>
        </Polygon>
      </Placemark>
      <Placemark>
        <name>GUAXUPÉ - REGIÃO 1</name>
        <description><![CDATA[téc. Paulo Junior <br>Guaxupé - Ativação e Suporte - região 1<br><br>Ativação: 3 OS<br>Suporte: 2 OS<br>Horário: Segunda à Sábado<br>08:00 até às 17:30 horas]]></description>
        <styleUrl>#poly-673AB7-1200-77</styleUrl>
        <Polygon>
          <outerBoundaryIs>
            <LinearRing>
              <tessellate>1</tessellate>
              <coordinates>
                -46.730767,-21.3008458,0
                -46.7177024,-21.3077302,0
                -46.6911898,-21.3156228,0
                -46.6879804,-21.3143196,0
                -46.6869504,-21.3108014,0
                -46.6857488,-21.3096818,0
                -46.6824443,-21.3090422,0
                -46.6813285,-21.3081226,0
                -46.6784103,-21.304884,0
                -46.6847188,-21.302765,0
                -46.6909844,-21.3032448,0
                -46.687165,-21.3014055,0
                -46.6839463,-21.297847,0
                -46.6833455,-21.2946882,0
                -46.6840751,-21.2919291,0
                -46.6863925,-21.2882104,0
                -46.6909415,-21.2850514,0
                -46.6923148,-21.2857312,0
                -46.6960055,-21.2876906,0
                -46.6996533,-21.2882904,0
                -46.7049319,-21.2891701,0
                -46.7096955,-21.2892501,0
                -46.715017,-21.2875706,0
                -46.7184074,-21.2887302,0
                -46.7220981,-21.2877305,0
                -46.7250163,-21.2879305,0
                -46.7275054,-21.28941,0
                -46.7314965,-21.2874107,0
                -46.7342002,-21.2865709,0
                -46.7349727,-21.2846515,0
                -46.7357452,-21.286331,0
                -46.7374189,-21.2953279,0
                -46.7366035,-21.2966074,0
                -46.730767,-21.3008458,0
              </coordinates>
            </LinearRing>
          </outerBoundaryIs>
        </Polygon>
      </Placemark>
      <Placemark>
        <name>RURAL CJU</name>
        <styleUrl>#poly-0288D1-1200-77-nodesc</styleUrl>
        <Polygon>
          <outerBoundaryIs>
            <LinearRing>
              <tessellate>1</tessellate>
              <coordinates>
                -47.2198151,-21.2647946,0
                -47.2176157,-21.2664143,0
                -47.2166823,-21.2655544,0
                -47.2166179,-21.2639647,0
                -47.2176372,-21.2633548,0
                -47.2191499,-21.2635548,0
                -47.2195898,-21.2641747,0
                -47.2198151,-21.2647946,0
              </coordinates>
            </LinearRing>
          </outerBoundaryIs>
        </Polygon>
      </Placemark>
      <Placemark>
        <name>São Carlos
Região - 09
Alcans - Ativação 

Limite Ativação: 3

Horário: Segunda à Sábado
08:00 até às 17:00 horas
---------------------------------------

SÃO CARLOS - SUPORTE
Limite Suporte: 7

Horário: Segunda à Segunda
08:00 até às 20:00 horas</name>
        <styleUrl>#poly-673AB7-1200-77-nodesc</styleUrl>
        <Polygon>
          <outerBoundaryIs>
            <LinearRing>
              <tessellate>1</tessellate>
              <coordinates>
                -47.8875581,-22.064424,0
                -47.8874723,-22.06686,0
                -47.8854982,-22.06686,0
                -47.8846828,-22.0769219,0
                -47.8782776,-22.0764745,0
                -47.8781811,-22.0696241,0
                -47.8788141,-22.0690176,0
                -47.878739,-22.0680531,0
                -47.8781274,-22.0675162,0
                -47.8780738,-22.0670091,0
                -47.8786102,-22.0658756,0
                -47.8780309,-22.0637279,0
                -47.8782562,-22.0631115,0
                -47.8797904,-22.0622862,0
                -47.8875581,-22.0641853,0
                -47.8875581,-22.064424,0
              </coordinates>
            </LinearRing>
          </outerBoundaryIs>
        </Polygon>
      </Placemark>
      <Placemark>
        <name>DISTRITO INDUSTRIAL STZ</name>
        <styleUrl>#poly-F57C00-1200-77-nodesc</styleUrl>
        <Polygon>
          <outerBoundaryIs>
            <LinearRing>
              <tessellate>1</tessellate>
              <coordinates>
                -48.0128054,-21.1393063,0
                -48.0158953,-21.1434892,0
                -48.0129985,-21.1460908,0
                -48.0136208,-21.1470114,0
                -48.0114536,-21.1484523,0
                -48.009222,-21.1457306,0
                -48.0077843,-21.1469314,0
                -48.0081062,-21.1472916,0
                -48.006175,-21.1481121,0
                -48.0043585,-21.146235,0
                -48.0080529,-21.1432554,0
                -48.0128054,-21.1393063,0
              </coordinates>
            </LinearRing>
          </outerBoundaryIs>
        </Polygon>
      </Placemark>
      <Placemark>
        <name>REGIÃO PEDREIRA</name>
        <styleUrl>#poly-673AB7-1200-77-nodesc</styleUrl>
        <Polygon>
          <outerBoundaryIs>
            <LinearRing>
              <tessellate>1</tessellate>
              <coordinates>
                -47.0077902,-20.9303299,0
                -47.0084124,-20.9311917,0
                -47.0072108,-20.9318932,0
                -47.006095,-20.9333562,0
                -47.0060092,-20.9340777,0
                -47.0051938,-20.9338773,0
                -47.0045071,-20.9333362,0
                -47.0043355,-20.9328351,0
                -47.0054084,-20.9313721,0
                -47.0056229,-20.9307708,0
                -47.0054084,-20.9298489,0
                -47.0051294,-20.9288869,0
                -47.0061808,-20.9286865,0
                -47.0065242,-20.9298088,0
                -47.0064383,-20.93037,0
                -47.0077902,-20.9303299,0
              </coordinates>
            </LinearRing>
          </outerBoundaryIs>
        </Polygon>
      </Placemark>
      <Placemark>
        <name>BAIRRO NOVO</name>
        <styleUrl>#poly-673AB7-1200-77-nodesc</styleUrl>
        <Polygon>
          <outerBoundaryIs>
            <LinearRing>
              <tessellate>1</tessellate>
              <coordinates>
                -47.7729595,-21.0079487,0
                -47.7718867,-21.0120952,0
                -47.7711786,-21.0127562,0
                -47.7710498,-21.0134973,0
                -47.7703632,-21.0138378,0
                -47.7695907,-21.0129966,0
                -47.7686895,-21.0127161,0
                -47.7668227,-21.0124958,0
                -47.7682174,-21.0063061,0
                -47.7684964,-21.0060457,0
                -47.7706421,-21.0063863,0
                -47.770964,-21.0070673,0
                -47.7729595,-21.0079487,0
              </coordinates>
            </LinearRing>
          </outerBoundaryIs>
        </Polygon>
      </Placemark>
      <Placemark>
        <name>RURAL GUAXUPÉ </name>
        <styleUrl>#poly-0288D1-1200-77-nodesc</styleUrl>
        <Polygon>
          <outerBoundaryIs>
            <LinearRing>
              <tessellate>1</tessellate>
              <coordinates>
                -46.6797309,-21.2998511,0
                -46.6802641,-21.3008918,0
                -46.6791886,-21.3016267,0
                -46.678497,-21.301381,0
                -46.6784981,-21.3002488,0
                -46.6791718,-21.2995942,0
                -46.6797309,-21.2998511,0
              </coordinates>
            </LinearRing>
          </outerBoundaryIs>
        </Polygon>
      </Placemark>
      <Placemark>
        <name>Rib Preto 01 e 02 - Alcans (ativ)
Limite: 5
Horário: Segunda à Sábado
08:00 até às 17:00 horas

Rib Preto 01 - Terceiros Flex (ativ)
Horário: 08:00 até às 17:00 horas
Limite: Verificar bloqueio informativo.

Rib Preto 01 - Terceiros Comum (ativ)
Horário: 08:00 até às 17:00 horas
Limite: Verificar bloqueio informativo.
-------------------------------------------

Ribeirão Preto - Suporte 01
Limite: 07
Horário: Segunda à Segunda
</name>
        <description><![CDATA[Jardim Cristo Redentor<br>Parque das Oliveiras]]></description>
        <styleUrl>#poly-673AB7-1200-77</styleUrl>
        <Polygon>
          <outerBoundaryIs>
            <LinearRing>
              <tessellate>1</tessellate>
              <coordinates>
                -47.8310595,-21.1135704,0
                -47.8306303,-21.1140508,0
                -47.8304157,-21.1146113,0
                -47.8300725,-21.1150117,0
                -47.8292785,-21.1158323,0
                -47.8274332,-21.1158524,0
                -47.8307162,-21.1106879,0
                -47.820438,-21.1066443,0
                -47.8238497,-21.1003385,0
                -47.8320251,-21.0995978,0
                -47.8323041,-21.1006988,0
                -47.8369175,-21.1043622,0
                -47.8394709,-21.1026406,0
                -47.8405867,-21.1039418,0
                -47.8364669,-21.1071247,0
                -47.8354155,-21.1081056,0
                -47.8331839,-21.1098472,0
                -47.8328405,-21.1104627,0
                -47.8324328,-21.1111984,0
                -47.8316818,-21.1124894,0
                -47.8315745,-21.1127096,0
                -47.8314458,-21.1129299,0
                -47.8310595,-21.1135704,0
              </coordinates>
            </LinearRing>
          </outerBoundaryIs>
        </Polygon>
      </Placemark>
      <Placemark>
        <name>RURAL CJU</name>
        <styleUrl>#poly-0288D1-1200-77-nodesc</styleUrl>
        <Polygon>
          <outerBoundaryIs>
            <LinearRing>
              <tessellate>1</tessellate>
              <coordinates>
                -47.2947042,-21.3021576,0
                -47.2932665,-21.3060159,0
                -47.2900908,-21.3066557,0
                -47.2894685,-21.3044166,0
                -47.2914212,-21.3022176,0
                -47.2927945,-21.301178,0
                -47.2947042,-21.3021576,0
              </coordinates>
            </LinearRing>
          </outerBoundaryIs>
        </Polygon>
      </Placemark>
      <Placemark>
        <name>ÁREA INVIABILIZADA</name>
        <styleUrl>#poly-A52714-1200-138-nodesc</styleUrl>
        <Polygon>
          <outerBoundaryIs>
            <LinearRing>
              <tessellate>1</tessellate>
              <coordinates>
                -47.8691951,-21.993267,0
                -47.868369,-21.997276,0
                -47.8672156,-21.997082,0
                -47.8680364,-21.9929984,0
                -47.869179,-21.9931725,0
                -47.8691951,-21.993267,0
              </coordinates>
            </LinearRing>
          </outerBoundaryIs>
        </Polygon>
      </Placemark>
      <Placemark>
        <name>ÁREA INVIABILIZADA</name>
        <styleUrl>#poly-A52714-1200-120-nodesc</styleUrl>
        <Polygon>
          <outerBoundaryIs>
            <LinearRing>
              <tessellate>1</tessellate>
              <coordinates>
                -47.9007889,-22.0649013,0
                -47.900585,-22.066701,0
                -47.8986914,-22.0662635,0
                -47.8990025,-22.0659553,0
                -47.8996838,-22.0653786,0
                -47.9001291,-22.0652692,0
                -47.9006709,-22.0647621,0
                -47.9007889,-22.0649013,0
              </coordinates>
            </LinearRing>
          </outerBoundaryIs>
        </Polygon>
      </Placemark>
      <Placemark>
        <name>RURAL RANCHOS RIO PARDO</name>
        <styleUrl>#poly-0288D1-1200-77-nodesc</styleUrl>
        <Polygon>
          <outerBoundaryIs>
            <LinearRing>
              <tessellate>1</tessellate>
              <coordinates>
                -47.481401,-21.3324331,0
                -47.4807143,-21.3336323,0
                -47.4790836,-21.3337123,0
                -47.4745345,-21.3353912,0
                -47.4723888,-21.3398283,0
                -47.4728179,-21.3458641,0
                -47.4675393,-21.3491817,0
                -47.4643207,-21.3464237,0
                -47.4662089,-21.3447449,0
                -47.4670243,-21.3407477,0
                -47.4681831,-21.3368703,0
                -47.4701142,-21.3337922,0
                -47.4726033,-21.330914,0
                -47.4737191,-21.3257571,0
                -47.474277,-21.3203602,0
                -47.475822,-21.3204001,0
                -47.4768949,-21.3219193,0
                -47.4783969,-21.3274761,0
                -47.481401,-21.3324331,0
              </coordinates>
            </LinearRing>
          </outerBoundaryIs>
        </Polygon>
      </Placemark>
      <Placemark>
        <name>RANCHOS SÃO JOSÉ RIO PARDO</name>
        <styleUrl>#poly-0288D1-1200-77-nodesc</styleUrl>
        <Polygon>
          <outerBoundaryIs>
            <LinearRing>
              <tessellate>1</tessellate>
              <coordinates>
                -46.9847745,-21.6139444,0
                -46.9845384,-21.6145229,0
                -46.984002,-21.6158495,0
                -46.9832722,-21.615914,0
                -46.9830953,-21.6150689,0
                -46.9837553,-21.6142636,0
                -46.9826824,-21.612917,0
                -46.9803757,-21.6116602,0
                -46.9795496,-21.6122886,0
                -46.9798607,-21.613326,0
                -46.9787771,-21.6135753,0
                -46.9783801,-21.6123086,0
                -46.9761592,-21.6113909,0
                -46.9753546,-21.6108024,0
                -46.9761271,-21.6096353,0
                -46.9774789,-21.6106129,0
                -46.9789917,-21.6112712,0
                -46.9804722,-21.6106428,0
                -46.9819743,-21.6110717,0
                -46.9836051,-21.6122288,0
                -46.9840664,-21.6126976,0
                -46.9848281,-21.6137349,0
                -46.9847745,-21.6139444,0
              </coordinates>
            </LinearRing>
          </outerBoundaryIs>
        </Polygon>
      </Placemark>
      <Placemark>
        <name>RURAL SÃO BENEDITO DAS AREAIS</name>
        <styleUrl>#poly-0288D1-1200-77-nodesc</styleUrl>
        <Polygon>
          <outerBoundaryIs>
            <LinearRing>
              <tessellate>1</tessellate>
              <coordinates>
                -47.0301965,-21.3296791,0
                -47.0301697,-21.3297191,0
                -47.0291987,-21.3306285,0
                -47.0289144,-21.3307335,0
                -47.0276806,-21.329899,0
                -47.0281473,-21.3288446,0
                -47.0291397,-21.3289845,0
                -47.0300785,-21.3294093,0
                -47.0301965,-21.3296791,0
              </coordinates>
            </LinearRing>
          </outerBoundaryIs>
        </Polygon>
      </Placemark>
      <Placemark>
        <name><![CDATA[CTO'S RPO68]]></name>
        <styleUrl>#poly-F9A825-1200-77-nodesc</styleUrl>
        <Polygon>
          <outerBoundaryIs>
            <LinearRing>
              <tessellate>1</tessellate>
              <coordinates>
                -47.8242285,-21.2144931,0
                -47.8240032,-21.2147831,0
                -47.8232683,-21.2142955,0
                -47.8224475,-21.213828,0
                -47.8207631,-21.2128928,0
                -47.8209991,-21.2125127,0
                -47.8241426,-21.2143631,0
                -47.8242285,-21.2144931,0
              </coordinates>
            </LinearRing>
          </outerBoundaryIs>
        </Polygon>
      </Placemark>
      <Placemark>
        <name><![CDATA[CTO'S MOURA LACERDA]]></name>
        <styleUrl>#poly-F57C00-1200-77-nodesc</styleUrl>
        <Polygon>
          <outerBoundaryIs>
            <LinearRing>
              <tessellate>1</tessellate>
              <coordinates>
                -47.7707757,-21.1677906,0
                -47.7701534,-21.1693714,0
                -47.7697028,-21.1695315,0
                -47.7631797,-21.1684109,0
                -47.7622999,-21.1680908,0
                -47.7618922,-21.1677506,0
                -47.7624287,-21.1656696,0
                -47.7626432,-21.1649492,0
                -47.7641024,-21.164589,0
                -47.7657975,-21.1649492,0
                -47.76554,-21.1661898,0
                -47.767557,-21.16651,0
                -47.7676643,-21.1668101,0
                -47.7706684,-21.1675705,0
                -47.7707757,-21.1677906,0
              </coordinates>
            </LinearRing>
          </outerBoundaryIs>
        </Polygon>
      </Placemark>
      <Placemark>
        <name>AGUARDANDO REGULARIZAÇÃO DE POSTES</name>
        <styleUrl>#poly-FFD600-1200-77-nodesc</styleUrl>
        <Polygon>
          <outerBoundaryIs>
            <LinearRing>
              <tessellate>1</tessellate>
              <coordinates>
                -46.7050195,-21.3317084,0
                -46.7061997,-21.3328676,0
                -46.7044294,-21.3335172,0
                -46.7041934,-21.3352761,0
                -46.702627,-21.3352062,0
                -46.7024124,-21.3340069,0
                -46.7026913,-21.3328876,0
                -46.7041612,-21.3303692,0
                -46.7042041,-21.3302892,0
                -46.7048478,-21.3315185,0
                -46.7050195,-21.3317084,0
              </coordinates>
            </LinearRing>
          </outerBoundaryIs>
        </Polygon>
      </Placemark>
      <Placemark>
        <name>ÁREA MISTA</name>
        <description>TEM EMPRESAS E RESIDENCIAS</description>
        <styleUrl>#poly-0288D1-1200-77</styleUrl>
        <Polygon>
          <outerBoundaryIs>
            <LinearRing>
              <tessellate>1</tessellate>
              <coordinates>
                -47.6853434,-21.202209,0
                -47.6850859,-21.2061499,0
                -47.6841632,-21.2076303,0
                -47.6815883,-21.2076103,0
                -47.681481,-21.2013888,0
                -47.6822535,-21.2012087,0
                -47.6840988,-21.2021089,0
                -47.6853434,-21.202209,0
              </coordinates>
            </LinearRing>
          </outerBoundaryIs>
        </Polygon>
      </Placemark>
      <Placemark>
        <name>REGIÃO EMPRESAS</name>
        <styleUrl>#poly-F9A825-1-135-nodesc</styleUrl>
        <Polygon>
          <outerBoundaryIs>
            <LinearRing>
              <tessellate>1</tessellate>
              <coordinates>
                -47.9200627,-22.0192961,0
                -47.9203095,-22.0199028,0
                -47.9172786,-22.0206935,0
                -47.9159134,-22.0210093,0
                -47.9146447,-22.0211858,0
                -47.9132392,-22.0189778,0
                -47.9137649,-22.0187192,0
                -47.9141994,-22.0186694,0
                -47.9149209,-22.0195024,0
                -47.9156478,-22.0202757,0
                -47.9176943,-22.0198406,0
                -47.9198964,-22.019321,0
                -47.9200627,-22.0192961,0
              </coordinates>
            </LinearRing>
          </outerBoundaryIs>
        </Polygon>
      </Placemark>
      <Placemark>
        <name>RURAL PARAÍSO</name>
        <styleUrl>#poly-0288D1-1200-77-nodesc</styleUrl>
        <Polygon>
          <outerBoundaryIs>
            <LinearRing>
              <tessellate>1</tessellate>
              <coordinates>
                -46.954235,-20.8971783,0
                -46.9541008,-20.8981104,0
                -46.9539614,-20.8984562,0
                -46.9522018,-20.8986868,0
                -46.9513704,-20.8984061,0
                -46.9513596,-20.897484,0
                -46.9516976,-20.896201,0
                -46.954235,-20.8971783,0
              </coordinates>
            </LinearRing>
          </outerBoundaryIs>
        </Polygon>
      </Placemark>
      <Placemark>
        <name>CTO BONFIM PAULISTA</name>
        <styleUrl>#poly-F9A825-1200-77-nodesc</styleUrl>
        <Polygon>
          <outerBoundaryIs>
            <LinearRing>
              <tessellate>1</tessellate>
              <coordinates>
                -47.8094407,-21.250921,0
                -47.809784,-21.251271,0
                -47.8100093,-21.2516909,0
                -47.8093548,-21.2520259,0
                -47.8091134,-21.2521209,0
                -47.8092422,-21.2521559,0
                -47.8102024,-21.2540307,0
                -47.8104063,-21.2546907,0
                -47.8103151,-21.2552956,0
                -47.8101434,-21.2557456,0
                -47.8094031,-21.2556956,0
                -47.8091725,-21.2554406,0
                -47.8096445,-21.2547907,0
                -47.8089525,-21.2529258,0
                -47.8088184,-21.2522509,0
                -47.8082873,-21.2520209,0
                -47.8080191,-21.2520859,0
                -47.808003,-21.2521759,0
                -47.806973,-21.2524609,0
                -47.8069248,-21.2520909,0
                -47.8082551,-21.2516659,0
                -47.8082766,-21.251421,0
                -47.8084,-21.251176,0
                -47.8086038,-21.250956,0
                -47.8093441,-21.250861,0
                -47.8094407,-21.250921,0
              </coordinates>
            </LinearRing>
          </outerBoundaryIs>
        </Polygon>
      </Placemark>
      <Placemark>
        <name>CTO USINA</name>
        <description><![CDATA[A70-C01 USINA PDI<br><br>AGUARDANDO LIBERAÇÃO PARA EXECUTAR]]></description>
        <styleUrl>#poly-FFD600-1200-77</styleUrl>
        <Polygon>
          <outerBoundaryIs>
            <LinearRing>
              <tessellate>1</tessellate>
              <coordinates>
                -48.1178014,-21.3188268,0
                -48.1184237,-21.3200861,0
                -48.1160097,-21.3207257,0
                -48.1154732,-21.3199362,0
                -48.1142502,-21.3199661,0
                -48.1142716,-21.3191566,0
                -48.1150119,-21.3187368,0
                -48.1164603,-21.318427,0
                -48.1174259,-21.318427,0
                -48.1178014,-21.3188268,0
              </coordinates>
            </LinearRing>
          </outerBoundaryIs>
        </Polygon>
      </Placemark>
      <Placemark>
        <name>RURAL RIO PARDO</name>
        <styleUrl>#poly-0288D1-1200-77-nodesc</styleUrl>
        <Polygon>
          <outerBoundaryIs>
            <LinearRing>
              <tessellate>1</tessellate>
              <coordinates>
                -47.0070573,-21.6211874,0
                -47.0068213,-21.6227832,0
                -47.00533,-21.6236509,0
                -47.0034846,-21.6238703,0
                -47.0008239,-21.6230325,0
                -47.0001809,-21.6225967,0
                -47.0012645,-21.6216991,0
                -46.9941405,-21.6187767,0
                -46.9921235,-21.6181982,0
                -46.9912116,-21.6210109,0
                -46.9909112,-21.624761,0
                -46.9893555,-21.6282318,0
                -46.9848413,-21.6302165,0
                -46.9828954,-21.6271596,0
                -46.9882665,-21.6223872,0
                -46.9902245,-21.6182979,0
                -46.9902245,-21.6177394,0
                -46.9887117,-21.6172107,0
                -46.9868127,-21.6169115,0
                -46.9852892,-21.6164327,0
                -46.9834331,-21.6162133,0
                -46.9827036,-21.6165923,0
                -46.9823817,-21.6171708,0
                -46.9824783,-21.6190161,0
                -46.9813947,-21.6190559,0
                -46.9805042,-21.6180984,0
                -46.9803325,-21.6167619,0
                -46.9813303,-21.6160338,0
                -46.9822959,-21.6156448,0
                -46.9832722,-21.615914,0
                -46.9841949,-21.6158941,0
                -46.9850425,-21.6139691,0
                -46.9887976,-21.6152857,0
                -46.9909219,-21.6160537,0
                -46.9920806,-21.6164128,0
                -46.9931964,-21.6174102,0
                -46.9941083,-21.6183278,0
                -47.001876,-21.6215096,0
                -47.003657,-21.6202329,0
                -47.0067684,-21.6209909,0
                -47.0070573,-21.6211874,0
              </coordinates>
            </LinearRing>
          </outerBoundaryIs>
        </Polygon>
      </Placemark>
      <Placemark>
        <name>FTTH RURAL</name>
        <styleUrl>#poly-0288D1-1200-77-nodesc</styleUrl>
        <Polygon>
          <outerBoundaryIs>
            <LinearRing>
              <tessellate>1</tessellate>
              <coordinates>
                -47.1152799,-21.0969058,0
                -47.1157949,-21.0997285,0
                -47.1118038,-21.1008696,0
                -47.109143,-21.099208,0
                -47.1099584,-21.0970459,0
                -47.1124046,-21.096085,0
                -47.1152799,-21.0969058,0
              </coordinates>
            </LinearRing>
          </outerBoundaryIs>
        </Polygon>
      </Placemark>
      <Placemark>
        <name>FTTH RURAL  JURUCÊ</name>
        <styleUrl>#poly-0288D1-1200-77-nodesc</styleUrl>
        <Polygon>
          <outerBoundaryIs>
            <LinearRing>
              <tessellate>1</tessellate>
              <coordinates>
                -47.7354555,-21.0769252,0
                -47.7360993,-21.0772956,0
                -47.7360349,-21.0786671,0
                -47.7351659,-21.0792677,0
                -47.7339213,-21.0791476,0
                -47.7335458,-21.0780564,0
                -47.7338247,-21.0771854,0
                -47.7354555,-21.0769252,0
              </coordinates>
            </LinearRing>
          </outerBoundaryIs>
        </Polygon>
      </Placemark>
      <Placemark>
        <name>FTTH FRENTE AO CONDOMÍNIO</name>
        <styleUrl>#poly-673AB7-1200-77-nodesc</styleUrl>
        <Polygon>
          <outerBoundaryIs>
            <LinearRing>
              <tessellate>1</tessellate>
              <coordinates>
                -47.7651701,-21.2325502,0
                -47.7639685,-21.2360504,0
                -47.7635769,-21.2359304,0
                -47.7640061,-21.2346753,0
                -47.7648,-21.2324502,0
                -47.7649824,-21.2324202,0
                -47.7651701,-21.2324702,0
                -47.7651701,-21.2325502,0
              </coordinates>
            </LinearRing>
          </outerBoundaryIs>
        </Polygon>
      </Placemark>
      <Placemark>
        <name>CTO CLIENTE RURAL</name>
        <styleUrl>#poly-0288D1-1200-77-nodesc</styleUrl>
        <Polygon>
          <outerBoundaryIs>
            <LinearRing>
              <tessellate>1</tessellate>
              <coordinates>
                -47.8062305,-21.0477865,0
                -47.8057477,-21.0498892,0
                -47.8046748,-21.0508204,0
                -47.802765,-21.0497891,0
                -47.8032478,-21.0485876,0
                -47.8036234,-21.0472358,0
                -47.8041169,-21.0464648,0
                -47.806209,-21.0475662,0
                -47.8062305,-21.0477865,0
              </coordinates>
            </LinearRing>
          </outerBoundaryIs>
        </Polygon>
      </Placemark>
      <Placemark>
        <name>FTTH RURAL JURUCÊ</name>
        <styleUrl>#poly-0288D1-1200-77-nodesc</styleUrl>
        <Polygon>
          <outerBoundaryIs>
            <LinearRing>
              <tessellate>1</tessellate>
              <coordinates>
                -47.7266577,-21.0714711,0
                -47.7269795,-21.0722821,0
                -47.724823,-21.0735635,0
                -47.7240076,-21.0733533,0
                -47.7230421,-21.0714611,0
                -47.7241686,-21.0706602,0
                -47.7251664,-21.0699594,0
                -47.725853,-21.0699794,0
                -47.7265504,-21.0713009,0
                -47.7266577,-21.0714711,0
              </coordinates>
            </LinearRing>
          </outerBoundaryIs>
        </Polygon>
      </Placemark>
      <Placemark>
        <name>REGIÃO LADEIRA DO CURUPIRA</name>
        <styleUrl>#poly-673AB7-1200-77-nodesc</styleUrl>
        <Polygon>
          <outerBoundaryIs>
            <LinearRing>
              <tessellate>1</tessellate>
              <coordinates>
                -47.7919021,-21.1918576,0
                -47.7917519,-21.1948986,0
                -47.7900996,-21.1947386,0
                -47.7877822,-21.1937182,0
                -47.7887049,-21.1923778,0
                -47.7910867,-21.1913575,0
                -47.7916661,-21.1915775,0
                -47.7919021,-21.1918576,0
              </coordinates>
            </LinearRing>
          </outerBoundaryIs>
        </Polygon>
      </Placemark>
      <Placemark>
        <name>VALE DOS MIRANTES</name>
        <description>EM BREVE</description>
        <styleUrl>#poly-FFEA00-1200-77</styleUrl>
        <Polygon>
          <outerBoundaryIs>
            <LinearRing>
              <tessellate>1</tessellate>
              <coordinates>
                -47.7488871,-21.2271121,0
                -47.7495093,-21.2293323,0
                -47.7492733,-21.2310124,0
                -47.7497454,-21.2333926,0
                -47.7474923,-21.2344526,0
                -47.7465053,-21.2341126,0
                -47.7453465,-21.2298924,0
                -47.7470632,-21.2291923,0
                -47.7465267,-21.2268321,0
                -47.7483935,-21.2268921,0
                -47.7488871,-21.2271121,0
              </coordinates>
            </LinearRing>
          </outerBoundaryIs>
        </Polygon>
      </Placemark>
      <Placemark>
        <name>PARTE INDUSTRIAL SCL</name>
        <styleUrl>#poly-673AB7-1200-77-nodesc</styleUrl>
        <Polygon>
          <outerBoundaryIs>
            <LinearRing>
              <tessellate>1</tessellate>
              <coordinates>
                -47.8830723,-22.0450924,0
                -47.8837804,-22.0455697,0
                -47.8813771,-22.0530676,0
                -47.8805832,-22.055295,0
                -47.8794889,-22.0558917,0
                -47.8771071,-22.0584372,0
                -47.8750471,-22.0564286,0
                -47.8763346,-22.0547382,0
                -47.8779439,-22.0515959,0
                -47.8795747,-22.0493486,0
                -47.8826217,-22.0451123,0
                -47.8830723,-22.0450924,0
              </coordinates>
            </LinearRing>
          </outerBoundaryIs>
        </Polygon>
      </Placemark>
      <Placemark>
        <name>RIBEIRÃO VERDE</name>
        <styleUrl>#poly-673AB7-1200-77-nodesc</styleUrl>
        <Polygon>
          <outerBoundaryIs>
            <LinearRing>
              <tessellate>1</tessellate>
              <coordinates>
                -47.7419029,-21.1401987,0
                -47.7418707,-21.1416196,0
                -47.7425467,-21.1435609,0
                -47.7351009,-21.1450919,0
                -47.7335774,-21.1433608,0
                -47.7330516,-21.1435409,0
                -47.7326439,-21.1424101,0
                -47.7341245,-21.1419398,0
                -47.7364634,-21.1414295,0
                -47.7406906,-21.1405889,0
                -47.7417956,-21.1400986,0
                -47.7419029,-21.1401987,0
              </coordinates>
            </LinearRing>
          </outerBoundaryIs>
        </Polygon>
      </Placemark>
      <Placemark>
        <name>CTO</name>
        <styleUrl>#poly-F57C00-1200-77-nodesc</styleUrl>
        <Polygon>
          <outerBoundaryIs>
            <LinearRing>
              <tessellate>1</tessellate>
              <coordinates>
                -47.8062576,-21.2227144,0
                -47.8063488,-21.2237095,0
                -47.8058446,-21.2240395,0
                -47.8054315,-21.2240595,0
                -47.8051472,-21.2240846,0
                -47.8045893,-21.2239745,0
                -47.8061879,-21.2224444,0
                -47.8062576,-21.2227144,0
              </coordinates>
            </LinearRing>
          </outerBoundaryIs>
        </Polygon>
      </Placemark>
      <Placemark>
        <name>CTO RURAL</name>
        <description>S02-C21 RURAL SCE</description>
        <styleUrl>#poly-0288D1-1200-77</styleUrl>
        <Polygon>
          <outerBoundaryIs>
            <LinearRing>
              <tessellate>1</tessellate>
              <coordinates>
                -47.449064,-21.2844012,0
                -47.4504588,-21.28824,0
                -47.4497936,-21.2890597,0
                -47.436125,-21.2876402,0
                -47.435374,-21.2855009,0
                -47.4370263,-21.2835614,0
                -47.4393866,-21.2828217,0
                -47.4415109,-21.2836014,0
                -47.4440858,-21.2832815,0
                -47.4465964,-21.2838614,0
                -47.4482272,-21.2838614,0
                -47.449064,-21.2844012,0
              </coordinates>
            </LinearRing>
          </outerBoundaryIs>
        </Polygon>
      </Placemark>
      <Placemark>
        <name>RURAL SÃO CARLOS - VARJÃO</name>
        <styleUrl>#poly-0288D1-1200-77-nodesc</styleUrl>
        <Polygon>
          <outerBoundaryIs>
            <LinearRing>
              <tessellate>1</tessellate>
              <coordinates>
                -47.8821828,-21.9267104,0
                -47.8819253,-21.9282431,0
                -47.8813674,-21.9298355,0
                -47.8814103,-21.9313682,0
                -47.8812172,-21.9323236,0
                -47.8809597,-21.9337966,0
                -47.8806164,-21.9353093,0
                -47.8801228,-21.9365234,0
                -47.8795864,-21.9378769,0
                -47.8793933,-21.9390114,0
                -47.8784921,-21.9390114,0
                -47.877269,-21.9388124,0
                -47.8768827,-21.9388124,0
                -47.8753807,-21.9395687,0
                -47.8740289,-21.940544,0
                -47.8730633,-21.9404644,0
                -47.8728058,-21.9401061,0
                -47.8739216,-21.9293578,0
                -47.869673,-21.9289,0
                -47.8698017,-21.9264516,0
                -47.8740289,-21.9269692,0
                -47.8744795,-21.9225401,0
                -47.8706815,-21.9221121,0
                -47.8714754,-21.917255,0
                -47.8700377,-21.9171455,0
                -47.8700377,-21.9167772,0
                -47.8709711,-21.9140002,0
                -47.8713252,-21.9137613,0
                -47.8718187,-21.9137712,0
                -47.8755845,-21.9165582,0
                -47.8764858,-21.9177029,0
                -47.8772517,-21.9194352,0
                -47.8801914,-21.9227595,0
                -47.8822943,-21.9246904,0
                -47.8821828,-21.9267104,0
              </coordinates>
            </LinearRing>
          </outerBoundaryIs>
        </Polygon>
      </Placemark>
      <Placemark>
        <name>BAIRRO NOVO</name>
        <description>EM BREVE!!</description>
        <styleUrl>#poly-FFD600-1200-77</styleUrl>
        <Polygon>
          <outerBoundaryIs>
            <LinearRing>
              <tessellate>1</tessellate>
              <coordinates>
                -47.0002408,-20.8832371,0
                -46.9999619,-20.8837182,0
                -46.996772,-20.88912,0
                -46.993484,-20.886832,0
                -46.9959278,-20.8816533,0
                -46.9976015,-20.8804504,0
                -46.998138,-20.8806308,0
                -47.0002408,-20.8832371,0
              </coordinates>
            </LinearRing>
          </outerBoundaryIs>
        </Polygon>
      </Placemark>
    </Folder>
    <Folder>
      <name>ÁREAS LIBERADAS </name>
      <Placemark>
        <name>São Sebastião do Paraíso - Hibrido
Capacidade: 04
Horário: Segunda à Sábado
08:00 até às 17:00 horas
-----------------------------
São Sebastião do Paraíso - Suporte
Suporte: 07
Horário: Segunda à Sábado
08:00 até às 17:00 horas

----------------------------------------
São Sebastião do Paraíso - Terceiros Flex (ativ)
Horário: 08:00 até às 17:00 horas
Limite: Verificar bloqueio informativo.</name>
        <description>SÃO SEBASTIÃO DO PARAISO </description>
        <styleUrl>#poly-673AB7-1000-128</styleUrl>
        <Polygon>
          <outerBoundaryIs>
            <LinearRing>
              <tessellate>1</tessellate>
              <coordinates>
                -46.980044,-20.926748,0
                -46.980246,-20.927315,0
                -46.979964,-20.92927,0
                -46.979203,-20.93191,0
                -46.977594,-20.931321,0
                -46.97588,-20.930595,0
                -46.973578,-20.930809,0
                -46.972284,-20.930472,0
                -46.968484,-20.930502,0
                -46.967393,-20.930129,0
                -46.96615,-20.929203,0
                -46.964488,-20.929008,0
                -46.963221,-20.929073,0
                -46.961607,-20.928544,0
                -46.960545,-20.928106,0
                -46.959392,-20.92671,0
                -46.959121,-20.925273,0
                -46.961842,-20.923875,0
                -46.962649,-20.923715,0
                -46.962597,-20.922997,0
                -46.961785,-20.922654,0
                -46.961356,-20.921979,0
                -46.961048,-20.918906,0
                -46.959269,-20.91795,0
                -46.957434,-20.917287,0
                -46.955318,-20.916719,0
                -46.954181,-20.915055,0
                -46.959883,-20.908686,0
                -46.960954,-20.907693,0
                -46.9615031,-20.9097508,0
                -46.962186,-20.91126,0
                -46.962665,-20.912054,0
                -46.963253,-20.9131,0
                -46.964402,-20.912753,0
                -46.968206,-20.913282,0
                -46.972594,-20.914688,0
                -46.973657,-20.91491,0
                -46.973873,-20.914302,0
                -46.974033,-20.913849,0
                -46.97348,-20.91351,0
                -46.972905,-20.913862,0
                -46.972265,-20.913668,0
                -46.974122,-20.911873,0
                -46.97515,-20.912842,0
                -46.975815,-20.91172,0
                -46.976634,-20.910902,0
                -46.976958,-20.910718,0
                -46.977713,-20.911674,0
                -46.978029,-20.911262,0
                -46.976869,-20.909809,0
                -46.976859,-20.909459,0
                -46.977596,-20.908985,0
                -46.980594,-20.912177,0
                -46.981387,-20.913298,0
                -46.982431,-20.914586,0
                -46.983554,-20.913828,0
                -46.984772,-20.915676,0
                -46.984895,-20.916022,0
                -46.983964,-20.916852,0
                -46.983668,-20.916346,0
                -46.982603,-20.916812,0
                -46.983267,-20.917371,0
                -46.98165,-20.91908,0
                -46.98006,-20.917077,0
                -46.977051,-20.915523,0
                -46.975364,-20.915568,0
                -46.973678,-20.915394,0
                -46.973441,-20.916411,0
                -46.973765,-20.916573,0
                -46.973256,-20.919062,0
                -46.974137,-20.919279,0
                -46.974253,-20.919627,0
                -46.973031,-20.919528,0
                -46.972625,-20.919963,0
                -46.972566,-20.920791,0
                -46.972572,-20.921393,0
                -46.973043,-20.921465,0
                -46.975794,-20.921663,0
                -46.976217,-20.92171,0
                -46.980044,-20.926748,0
              </coordinates>
            </LinearRing>
          </outerBoundaryIs>
        </Polygon>
      </Placemark>
      <Placemark>
        <name>São Sebastião do Paraíso - Hibrido
Capacidade: 04
Horário: Segunda à Sábado
08:00 até às 17:00 horas
-----------------------------
São Sebastião do Paraíso - Suporte
Suporte: 07
Horário: Segunda à Sábado
08:00 até às 17:00 horas

----------------------------------------
São Sebastião do Paraíso - Terceiros Flex (ativ)
Horário: 08:00 até às 17:00 horas
Limite: Verificar bloqueio informativo.</name>
        <description>FTTH SÃO SEBASTIÃO DO PARAÍSO P4</description>
        <styleUrl>#poly-673AB7-1000-128</styleUrl>
        <Polygon>
          <outerBoundaryIs>
            <LinearRing>
              <tessellate>1</tessellate>
              <coordinates>
                -46.987765,-20.913131,0
                -46.987317,-20.91317,0
                -46.986336,-20.911019,0
                -46.985139,-20.911231,0
                -46.985391,-20.912121,0
                -46.984816,-20.912322,0
                -46.984511,-20.911775,0
                -46.984075,-20.911534,0
                -46.983005,-20.912361,0
                -46.983095,-20.913108,0
                -46.983625,-20.913789,0
                -46.982432,-20.914561,0
                -46.980609,-20.912175,0
                -46.980475,-20.912027,0
                -46.977612,-20.90899,0
                -46.976876,-20.909394,0
                -46.976835,-20.909784,0
                -46.978027,-20.911268,0
                -46.977679,-20.911645,0
                -46.976941,-20.910722,0
                -46.976567,-20.910933,0
                -46.975757,-20.911703,0
                -46.975118,-20.912817,0
                -46.974064,-20.911891,0
                -46.972272,-20.913667,0
                -46.972898,-20.91385,0
                -46.973488,-20.913513,0
                -46.974027,-20.913857,0
                -46.973646,-20.914913,0
                -46.972671,-20.914715,0
                -46.971365,-20.91428,0
                -46.968157,-20.913272,0
                -46.964383,-20.912772,0
                -46.963259,-20.913075,0
                -46.961925,-20.910754,0
                -46.961715,-20.910239,0
                -46.961465,-20.909493,0
                -46.960992,-20.907721,0
                -46.96101,-20.907515,0
                -46.961021,-20.905107,0
                -46.961571,-20.904084,0
                -46.963895,-20.904804,0
                -46.965679,-20.903794,0
                -46.965133,-20.903003,0
                -46.960381,-20.901509,0
                -46.961658,-20.899423,0
                -46.96467,-20.899695,0
                -46.966938,-20.900363,0
                -46.967567,-20.900943,0
                -46.968701,-20.901203,0
                -46.9704,-20.901047,0
                -46.971534,-20.900926,0
                -46.972421,-20.9002,0
                -46.973188,-20.898557,0
                -46.973933,-20.897102,0
                -46.975219,-20.896512,0
                -46.974905,-20.893685,0
                -46.973623,-20.890007,0
                -46.975032,-20.889407,0
                -46.976303,-20.892646,0
                -46.977352,-20.895518,0
                -46.977324,-20.898101,0
                -46.977976,-20.898339,0
                -46.979249,-20.898258,0
                -46.979283,-20.897823,0
                -46.980522,-20.89679,0
                -46.981355,-20.896912,0
                -46.981709,-20.897898,0
                -46.9822,-20.897657,0
                -46.983339,-20.897517,0
                -46.983124,-20.896371,0
                -46.9840338,-20.8961426,0
                -46.9848096,-20.8978248,0
                -46.988738,-20.8968417,0
                -46.9873664,-20.8919395,0
                -46.9874267,-20.8918059,0
                -46.9913518,-20.8906293,0
                -46.992424,-20.893846,0
                -46.992314,-20.894643,0
                -46.992254,-20.895754,0
                -46.992577,-20.897066,0
                -46.992854,-20.898242,0
                -46.993254,-20.898884,0
                -46.994299,-20.900083,0
                -46.994324,-20.901021,0
                -46.993632,-20.902172,0
                -46.992147,-20.903577,0
                -46.991704,-20.904298,0
                -46.99158,-20.90493,0
                -46.991423,-20.90558,0
                -46.990719,-20.906015,0
                -46.990488,-20.906452,0
                -46.990631,-20.906876,0
                -46.991634,-20.90717,0
                -46.991422,-20.908148,0
                -46.990061,-20.910727,0
                -46.989618,-20.912625,0
                -46.988947,-20.913792,0
                -46.988109,-20.914159,0
                -46.987765,-20.913131,0
              </coordinates>
            </LinearRing>
          </outerBoundaryIs>
        </Polygon>
      </Placemark>
      <Placemark>
        <name>COND JARDIM DAS ATHENAS</name>
        <description>ENCAMINHAR PARA SETOR GCOND CASO ALGUÉM LIGAR PEDINDO</description>
        <styleUrl>#poly-A52714-1200-77</styleUrl>
        <Polygon>
          <outerBoundaryIs>
            <LinearRing>
              <tessellate>1</tessellate>
              <coordinates>
                -46.9873142,-20.8920008,0
                -46.988738,-20.8968417,0
                -46.984793,-20.8977341,0
                -46.9834304,-20.892953,0
                -46.9873142,-20.8920008,0
              </coordinates>
            </LinearRing>
          </outerBoundaryIs>
        </Polygon>
      </Placemark>
      <Placemark>
        <name>São Sebastião do Paraíso - Hibrido
Capacidade: 04
Horário: Segunda à Sábado
08:00 até às 17:00 horas
-----------------------------
São Sebastião do Paraíso - Suporte
Suporte: 07
Horário: Segunda à Sábado
08:00 até às 17:00 horas

----------------------------------------
São Sebastião do Paraíso - Terceiros Flex (ativ)
Horário: 08:00 até às 17:00 horas
Limite: Verificar bloqueio informativo.</name>
        <description>SÃO SEBASTIÃO DO PARAISO </description>
        <styleUrl>#poly-673AB7-1000-115</styleUrl>
        <Polygon>
          <outerBoundaryIs>
            <LinearRing>
              <tessellate>1</tessellate>
              <coordinates>
                -47.000137,-20.90951,0
                -47.000874,-20.909787,0
                -47.002363,-20.908412,0
                -47.001962,-20.907784,0
                -47.003722,-20.906441,0
                -47.004365,-20.907201,0
                -47.0064,-20.906669,0
                -47.007468,-20.907066,0
                -47.008172,-20.907889,0
                -47.006422,-20.908493,0
                -47.007468,-20.909845,0
                -47.006287,-20.910663,0
                -47.007096,-20.911841,0
                -47.003285,-20.91357,0
                -47.00334,-20.914144,0
                -47.002613,-20.914551,0
                -47.003308,-20.9171,0
                -47.004086,-20.917726,0
                -47.004117,-20.919493,0
                -47.002446,-20.919209,0
                -47.000621,-20.919651,0
                -46.99966,-20.919141,0
                -46.998986,-20.91856,0
                -46.998307,-20.9188,0
                -46.99913,-20.922281,0
                -47.000457,-20.925351,0
                -47.000119,-20.926453,0
                -46.999576,-20.926597,0
                -47.000189,-20.92746,0
                -47.000018,-20.928053,0
                -47.000433,-20.928499,0
                -47.000315,-20.931052,0
                -46.999071,-20.931406,0
                -46.996694,-20.932275,0
                -46.995431,-20.932935,0
                -46.992466,-20.933321,0
                -46.990672,-20.932396,0
                -46.989549,-20.931983,0
                -46.988626,-20.930387,0
                -46.988149,-20.929959,0
                -46.987348,-20.930275,0
                -46.987046,-20.930507,0
                -46.986772,-20.933068,0
                -46.987023,-20.934284,0
                -46.985678,-20.9345,0
                -46.985345,-20.934339,0
                -46.983931,-20.932065,0
                -46.982609,-20.930091,0
                -46.981401,-20.9286,0
                -46.98062,-20.927013,0
                -46.98012,-20.926205,0
                -46.979973,-20.925797,0
                -46.978493,-20.923806,0
                -46.977176,-20.922308,0
                -46.97616,-20.921351,0
                -46.975302,-20.920787,0
                -46.974678,-20.920762,0
                -46.973944,-20.920993,0
                -46.973019,-20.921214,0
                -46.972578,-20.921386,0
                -46.97254,-20.92049,0
                -46.972635,-20.920017,0
                -46.973051,-20.919555,0
                -46.974244,-20.919619,0
                -46.974203,-20.91934,0
                -46.973281,-20.919061,0
                -46.973721,-20.916923,0
                -46.973805,-20.916577,0
                -46.973433,-20.91641,0
                -46.973681,-20.915389,0
                -46.976059,-20.915645,0
                -46.976988,-20.915534,0
                -46.978381,-20.916255,0
                -46.980001,-20.917079,0
                -46.980817,-20.918049,0
                -46.981679,-20.919101,0
                -46.982358,-20.918188,0
                -46.983294,-20.91737,0
                -46.982613,-20.916775,0
                -46.983615,-20.916379,0
                -46.983965,-20.916913,0
                -46.984629,-20.916232,0
                -46.984936,-20.916033,0
                -46.984748,-20.915567,0
                -46.984224,-20.914844,0
                -46.983728,-20.914027,0
                -46.983607,-20.913746,0
                -46.98313,-20.913083,0
                -46.982997,-20.912372,0
                -46.984082,-20.911562,0
                -46.98454,-20.911792,0
                -46.984797,-20.91234,0
                -46.985403,-20.912107,0
                -46.985125,-20.911184,0
                -46.986337,-20.911032,0
                -46.986867,-20.912047,0
                -46.987331,-20.913188,0
                -46.987771,-20.913143,0
                -46.988302,-20.914813,0
                -46.988562,-20.915918,0
                -46.98985,-20.915651,0
                -46.989772,-20.915284,0
                -46.990585,-20.914968,0
                -46.990734,-20.915662,0
                -46.991533,-20.915271,0
                -46.991652,-20.914922,0
                -46.993175,-20.915003,0
                -46.995987,-20.913903,0
                -46.99721,-20.911746,0
                -46.999572,-20.910631,0
                -47.000137,-20.90951,0
              </coordinates>
            </LinearRing>
          </outerBoundaryIs>
        </Polygon>
      </Placemark>
      <Placemark>
        <name>São Sebastião do Paraíso - Hibrido
Capacidade: 04
Horário: Segunda à Sábado
08:00 até às 17:00 horas
-----------------------------
São Sebastião do Paraíso - Suporte
Suporte: 07
Horário: Segunda à Sábado
08:00 até às 17:00 horas

----------------------------------------
São Sebastião do Paraíso - Terceiros Flex (ativ)
Horário: 08:00 até às 17:00 horas
Limite: Verificar bloqueio informativo.</name>
        <description>SÃO SEBASTIÃO DO PARAISO</description>
        <styleUrl>#poly-673AB7-1000-115</styleUrl>
        <Polygon>
          <outerBoundaryIs>
            <LinearRing>
              <tessellate>1</tessellate>
              <coordinates>
                -46.990821,-20.90919,0
                -46.991459,-20.908137,0
                -46.992212,-20.907876,0
                -46.992178,-20.905645,0
                -46.993666,-20.90287,0
                -46.995179,-20.900712,0
                -46.996722,-20.90003,0
                -46.997792,-20.900507,0
                -46.997928,-20.902036,0
                -46.998724,-20.901258,0
                -46.998997,-20.900553,0
                -46.996386,-20.898968,0
                -46.993233,-20.897761,0
                -46.992535,-20.894824,0
                -46.993481,-20.890441,0
                -46.992401,-20.888417,0
                -46.987388,-20.885307,0
                -46.987152,-20.883647,0
                -46.988871,-20.882548,0
                -46.988495,-20.881729,0
                -46.990486,-20.879579,0
                -46.991008,-20.881172,0
                -46.991878,-20.883403,0
                -46.991921,-20.883509,0
                -46.992485,-20.885386,0
                -46.993484,-20.886832,0
                -46.995599,-20.888419,0
                -46.995711,-20.888485,0
                -46.996772,-20.88912,0
                -46.999576,-20.884659,0
                -47.001545,-20.885047,0
                -47.000714,-20.886228,0
                -47.003386,-20.886381,0
                -47.004294,-20.884395,0
                -47.006321,-20.884428,0
                -47.006937,-20.88571,0
                -47.006508,-20.887476,0
                -47.004219,-20.88734,0
                -47.00394,-20.888598,0
                -47.003398,-20.890325,0
                -47.004288,-20.891515,0
                -47.0061,-20.892895,0
                -47.006213,-20.892997,0
                -47.007113,-20.893785,0
                -47.013577,-20.891038,0
                -47.014488,-20.892174,0
                -47.014437,-20.892804,0
                -47.014231,-20.893268,0
                -47.015666,-20.894064,0
                -47.015644,-20.895056,0
                -47.015334,-20.896077,0
                -47.014238,-20.896769,0
                -47.012153,-20.897614,0
                -47.009336,-20.896839,0
                -47.008093,-20.898293,0
                -47.0086,-20.900236,0
                -47.003506,-20.903336,0
                -47.001672,-20.904047,0
                -47.001341,-20.904993,0
                -47.000664,-20.905622,0
                -47.000458,-20.906491,0
                -47.000287,-20.907305,0
                -47.000531,-20.90816,0
                -47.000321,-20.90909,0
                -47.000235,-20.909516,0
                -47.001181,-20.910533,0
                -47.001008,-20.910739,0
                -47.0003,-20.910047,0
                -46.99929,-20.911098,0
                -46.99723,-20.911731,0
                -46.996002,-20.913898,0
                -46.993198,-20.915014,0
                -46.991656,-20.914916,0
                -46.991526,-20.915276,0
                -46.99073,-20.915647,0
                -46.990594,-20.914963,0
                -46.989773,-20.91528,0
                -46.989851,-20.915654,0
                -46.988567,-20.915914,0
                -46.988102,-20.914161,0
                -46.988965,-20.91377,0
                -46.989608,-20.912645,0
                -46.989912,-20.911381,0
                -46.99009,-20.910696,0
                -46.990821,-20.90919,0
              </coordinates>
            </LinearRing>
          </outerBoundaryIs>
        </Polygon>
      </Placemark>
    </Folder>
    <Folder>
      <name>FTTH GERAL</name>
      <Placemark>
        <name>FAZENDA MIMOSO</name>
        <description><![CDATA[ACOMPANHAR PELO FTTH CONDOMÍNIOS <br><br>https://docs.google.com/spreadsheets/d/15aH9Mufet_ENqw5jmv4ccyAPmNKlkaPQHrJ18vcQlwg/edit?gid=1251840970#gid=1251840970]]></description>
        <styleUrl>#poly-0288D1-1200-77</styleUrl>
        <Polygon>
          <outerBoundaryIs>
            <LinearRing>
              <tessellate>1</tessellate>
              <coordinates>
                -47.2827268,-21.2460335,0
                -47.282995,-21.2479334,0
                -47.282008,-21.2475534,0
                -47.2803772,-21.2464935,0
                -47.2777272,-21.2458535,0
                -47.2757423,-21.2460535,0
                -47.2741652,-21.2456435,0
                -47.2729099,-21.2460585,0
                -47.2714884,-21.2479559,0
                -47.2698415,-21.2482234,0
                -47.2665048,-21.2467335,0
                -47.2666443,-21.2459485,0
                -47.2685004,-21.2447236,0
                -47.2691227,-21.2438336,0
                -47.2693587,-21.2423136,0
                -47.269702,-21.2420136,0
                -47.2716439,-21.2416136,0
                -47.2733284,-21.2423236,0
                -47.2749806,-21.2447135,0
                -47.2759676,-21.2445185,0
                -47.2771263,-21.2455635,0
                -47.2812462,-21.2461735,0
                -47.2819007,-21.2459235,0
                -47.2827268,-21.2460335,0
              </coordinates>
            </LinearRing>
          </outerBoundaryIs>
        </Polygon>
      </Placemark>
      <Placemark>
        <name>RURAL</name>
        <styleUrl>#poly-0288D1-1200-77-nodesc</styleUrl>
        <Polygon>
          <outerBoundaryIs>
            <LinearRing>
              <tessellate>1</tessellate>
              <coordinates>
                -47.2782529,-21.2419836,0
                -47.2785318,-21.2427436,0
                -47.2807205,-21.2455635,0
                -47.2783816,-21.2454235,0
                -47.2769225,-21.2437236,0
                -47.2765792,-21.2424236,0
                -47.2782529,-21.2419836,0
              </coordinates>
            </LinearRing>
          </outerBoundaryIs>
        </Polygon>
      </Placemark>
      <Placemark>
        <name>RURAL BATATAIS</name>
        <styleUrl>#poly-0288D1-1200-77-nodesc</styleUrl>
        <Polygon>
          <outerBoundaryIs>
            <LinearRing>
              <tessellate>1</tessellate>
              <coordinates>
                -47.6489612,-20.8128647,0
                -47.6514932,-20.8149907,0
                -47.651064,-20.8193832,0
                -47.6471158,-20.8211281,0
                -47.6446911,-20.818942,0
                -47.6447555,-20.8154119,0
                -47.647266,-20.8127443,0
                -47.6489612,-20.8128647,0
              </coordinates>
            </LinearRing>
          </outerBoundaryIs>
        </Polygon>
      </Placemark>
      <Placemark>
        <name>CONDOMINIO COMERCIAL VIA ALLEGRA</name>
        <description><![CDATA[Av. Sen. César Vergueiro, 1091, Jrd. São Luiz, Ribeirão Preto - SP, 1402050 <br>CTO DA RUA]]></description>
        <styleUrl>#poly-E65100-1200-138</styleUrl>
        <Polygon>
          <outerBoundaryIs>
            <LinearRing>
              <tessellate>1</tessellate>
              <coordinates>
                -47.8068819,-21.2024337,0
                -47.8067183,-21.2027613,0
                -47.8066056,-21.2027163,0
                -47.8066217,-21.2026988,0
                -47.8067854,-21.2023862,0
                -47.8068819,-21.2024337,0
              </coordinates>
            </LinearRing>
          </outerBoundaryIs>
        </Polygon>
      </Placemark>
      <Placemark>
        <name>USINA DA PEDRA SERRANA-SP</name>
        <description><![CDATA[CONSULTAR COMERCIAL!<br><br><br>https://docs.google.com/spreadsheets/d/15aH9Mufet_ENqw5jmv4ccyAPmNKlkaPQHrJ18vcQlwg/edit?gid=1091763152#gid=1091763152]]></description>
        <styleUrl>#poly-0288D1-1200-77</styleUrl>
        <Polygon>
          <outerBoundaryIs>
            <LinearRing>
              <tessellate>1</tessellate>
              <coordinates>
                -47.6281659,-21.191183,0
                -47.6279942,-21.1927035,0
                -47.628359,-21.1933437,0
                -47.6274578,-21.194324,0
                -47.6282732,-21.1953043,0
                -47.6265565,-21.1957445,0
                -47.6250974,-21.1936638,0
                -47.6203553,-21.1959245,0
                -47.6190464,-21.1948842,0
                -47.6180379,-21.1915231,0
                -47.6213638,-21.1907429,0
                -47.6238314,-21.1910029,0
                -47.624282,-21.1901427,0
                -47.6257626,-21.1908829,0
                -47.6265351,-21.1901226,0
                -47.6281659,-21.191183,0
              </coordinates>
            </LinearRing>
          </outerBoundaryIs>
        </Polygon>
      </Placemark>
      <Placemark>
        <name>FTTH BONFIM PAULISTA  </name>
        <styleUrl>#poly-F57C00-1200-77-nodesc</styleUrl>
        <Polygon>
          <outerBoundaryIs>
            <LinearRing>
              <tessellate>1</tessellate>
              <coordinates>
                -47.8186631,-21.2519645,0
                -47.8183949,-21.2512195,0
                -47.8184432,-21.2498296,0
                -47.8168446,-21.2500946,0
                -47.8166193,-21.2490347,0
                -47.8192264,-21.2488047,0
                -47.8192747,-21.2495247,0
                -47.8191298,-21.2519295,0
                -47.8186631,-21.2519645,0
              </coordinates>
            </LinearRing>
          </outerBoundaryIs>
        </Polygon>
      </Placemark>
      <Placemark>
        <name>CTO EMPRESAS</name>
        <styleUrl>#poly-F57C00-1200-105-nodesc</styleUrl>
        <Polygon>
          <outerBoundaryIs>
            <LinearRing>
              <tessellate>1</tessellate>
              <coordinates>
                -47.7903609,-21.1013644,0
                -47.790511,-21.1029058,0
                -47.7903716,-21.1034463,0
                -47.7888481,-21.1035264,0
                -47.7888481,-21.1040369,0
                -47.7878932,-21.1051279,0
                -47.7869768,-21.1062828,0
                -47.7858547,-21.1078303,0
                -47.7846531,-21.1070396,0
                -47.7889017,-21.1010241,0
                -47.7895132,-21.1003034,0
                -47.7902965,-21.1003434,0
                -47.7903609,-21.1013644,0
              </coordinates>
            </LinearRing>
          </outerBoundaryIs>
        </Polygon>
      </Placemark>
      <Placemark>
        <name>ÁREA INVIABILIZADA</name>
        <description><![CDATA[CONJUNTO HABITACIONAL JOÃO ROSSI<br>SEM VIABILIDADE!!!!]]></description>
        <styleUrl>#poly-A52714-1200-204</styleUrl>
        <Polygon>
          <outerBoundaryIs>
            <LinearRing>
              <tessellate>1</tessellate>
              <coordinates>
                -47.8262587,-21.2112348,0
                -47.8264003,-21.211375,0
                -47.8264727,-21.2115676,0
                -47.8267208,-21.2118326,0
                -47.8271184,-21.2123552,0
                -47.8273604,-21.2126628,0
                -47.8275295,-21.2128678,0
                -47.827846,-21.2132054,0
                -47.827954,-21.2133252,0
                -47.828029,-21.2133902,0
                -47.829456,-21.2151005,0
                -47.828367,-21.2160307,0
                -47.8284528,-21.2162757,0
                -47.82819,-21.2165158,0
                -47.8257921,-21.2151856,0
                -47.8259852,-21.2148405,0
                -47.8256955,-21.2145604,0
                -47.8252342,-21.2139653,0
                -47.8242632,-21.2144004,0
                -47.8225842,-21.2133602,0
                -47.8227934,-21.2131102,0
                -47.8212431,-21.21211,0
                -47.8254756,-21.2103346,0
                -47.8262587,-21.2112348,0
              </coordinates>
            </LinearRing>
          </outerBoundaryIs>
        </Polygon>
      </Placemark>
      <Placemark>
        <name>CTO ATENDIMENTO</name>
        <styleUrl>#poly-F9A825-1200-79-nodesc</styleUrl>
        <Polygon>
          <outerBoundaryIs>
            <LinearRing>
              <tessellate>1</tessellate>
              <coordinates>
                -47.823569,-21.2157842,0
                -47.8241967,-21.2161243,0
                -47.8235744,-21.2169294,0
                -47.8224425,-21.2161993,0
                -47.8228824,-21.2155091,0
                -47.823569,-21.2157842,0
              </coordinates>
            </LinearRing>
          </outerBoundaryIs>
        </Polygon>
      </Placemark>
      <Placemark>
        <name>CTO PARA EMPRESAS</name>
        <styleUrl>#poly-F9A825-1200-115-nodesc</styleUrl>
        <Polygon>
          <outerBoundaryIs>
            <LinearRing>
              <tessellate>1</tessellate>
              <coordinates>
                -47.7451238,-21.1934693,0
                -47.7450969,-21.1937494,0
                -47.7437612,-21.1939145,0
                -47.742978,-21.1939995,0
                -47.7419212,-21.1940245,0
                -47.7414491,-21.1939845,0
                -47.7412667,-21.1936894,0
                -47.7427795,-21.1929192,0
                -47.7428332,-21.1934143,0
                -47.7451345,-21.1933743,0
                -47.7451238,-21.1934693,0
              </coordinates>
            </LinearRing>
          </outerBoundaryIs>
        </Polygon>
      </Placemark>
      <Placemark>
        <name>RURAL</name>
        <description><![CDATA[ACOMPANHAR PELO FTTH CONDOMÍNIOS<br> <br>https://docs.google.com/spreadsheets/d/15aH9Mufet_ENqw5jmv4ccyAPmNKlkaPQHrJ18vcQlwg/edit?gid=523921249#gid=523921249]]></description>
        <styleUrl>#poly-0288D1-1200-77</styleUrl>
        <Polygon>
          <outerBoundaryIs>
            <LinearRing>
              <tessellate>1</tessellate>
              <coordinates>
                -47.3847489,-21.0329679,0
                -47.3868624,-21.0355114,0
                -47.3870448,-21.0374441,0
                -47.3859505,-21.0379347,0
                -47.3774103,-21.0372939,0
                -47.3782472,-21.0327876,0
                -47.3834399,-21.0316861,0
                -47.3847489,-21.0329679,0
              </coordinates>
            </LinearRing>
          </outerBoundaryIs>
        </Polygon>
      </Placemark>
      <Placemark>
        <name>REGIÃO PRÓXIMO AO MIRANTE DAS AGUAS</name>
        <description><![CDATA[ACOMPANHAR PELO FTTH CONDOMÍNIOS <br><br>https://docs.google.com/spreadsheets/d/15aH9Mufet_ENqw5jmv4ccyAPmNKlkaPQHrJ18vcQlwg/edit?gid=557772611#gid=557772611]]></description>
        <styleUrl>#poly-0288D1-1200-77</styleUrl>
        <Polygon>
          <outerBoundaryIs>
            <LinearRing>
              <tessellate>1</tessellate>
              <coordinates>
                -47.2755412,-21.2640761,0
                -47.2747258,-21.264716,0
                -47.2775107,-21.269233,0
                -47.2775908,-21.2712658,0
                -47.2754392,-21.2724188,0
                -47.2758746,-21.2781278,0
                -47.2706238,-21.2790778,0
                -47.2659944,-21.2737884,0
                -47.265206,-21.2717782,0
                -47.2682641,-21.2676777,0
                -47.2699193,-21.2636361,0
                -47.2708205,-21.2624763,0
                -47.2685674,-21.2611165,0
                -47.268503,-21.2605366,0
                -47.2674945,-21.2584568,0
                -47.2667006,-21.2555572,0
                -47.2658369,-21.2539473,0
                -47.2647587,-21.2530574,0
                -47.2659067,-21.2529574,0
                -47.2679022,-21.2539173,0
                -47.2686533,-21.2536773,0
                -47.2704128,-21.2535974,0
                -47.2749833,-21.257097,0
                -47.2732666,-21.2609165,0
                -47.2757987,-21.2638161,0
                -47.2755412,-21.2640761,0
              </coordinates>
            </LinearRing>
          </outerBoundaryIs>
        </Polygon>
      </Placemark>
      <Placemark>
        <name>Rural Altinópolis
FAZENDA LIMEIRA
</name>
        <description><![CDATA[ACOMPANHAR PELO FTTH CONDOMÍNIOS <br><br>https://docs.google.com/spreadsheets/d/15aH9Mufet_ENqw5jmv4ccyAPmNKlkaPQHrJ18vcQlwg/edit?gid=1889364714#gid=1889364714]]></description>
        <styleUrl>#poly-0288D1-1200-77</styleUrl>
        <Polygon>
          <outerBoundaryIs>
            <LinearRing>
              <tessellate>1</tessellate>
              <coordinates>
                -47.3769527,-20.9915551,0
                -47.3764817,-20.9956521,0
                -47.3762298,-21.0013295,0
                -47.3692982,-20.9984696,0
                -47.3704914,-20.9906437,0
                -47.3769527,-20.9915551,0
              </coordinates>
            </LinearRing>
          </outerBoundaryIs>
        </Polygon>
      </Placemark>
      <Placemark>
        <name>NOVO MERCADÃO</name>
        <styleUrl>#poly-F57C00-1200-77-nodesc</styleUrl>
        <Polygon>
          <outerBoundaryIs>
            <LinearRing>
              <tessellate>1</tessellate>
              <coordinates>
                -47.8237394,-21.2146798,0
                -47.8228381,-21.2151874,0
                -47.8223553,-21.2148749,0
                -47.822755,-21.2143348,0
                -47.8231841,-21.2142373,0
                -47.8237313,-21.2145798,0
                -47.8237394,-21.2146798,0
              </coordinates>
            </LinearRing>
          </outerBoundaryIs>
        </Polygon>
      </Placemark>
      <Placemark>
        <name>Batatais - Alcans Ativação
Ativação: 04
Horário: Segunda à Sábado
08:00 até às 17:00 horas

Batatais - Terceiros Comum (ativ)
Horário: 08:00 até às 17:00 horas
Limite: Verificar bloqueio informativo.

Batatais - Suporte
Suporte: 07
Horário: Segunda à Sábado
08:00 até às 18:00 horas
--------------------------------
</name>
        <description>Batatais</description>
        <styleUrl>#poly-673AB7-1200-77</styleUrl>
        <Polygon>
          <outerBoundaryIs>
            <LinearRing>
              <tessellate>1</tessellate>
              <coordinates>
                -47.5711602,-20.9212143,0
                -47.5704137,-20.9223196,0
                -47.5687448,-20.9220969,0
                -47.5668851,-20.9247024,0
                -47.5668613,-20.9251478,0
                -47.5683872,-20.9261054,0
                -47.5588266,-20.9326302,0
                -47.5593988,-20.9308041,0
                -47.5559894,-20.9264394,0
                -47.5558464,-20.9224309,0
                -47.5617353,-20.9231435,0
                -47.5624505,-20.9232549,0
                -47.5633565,-20.9207161,0
                -47.5647394,-20.9197808,0
                -47.5664083,-20.9197362,0
                -47.5661937,-20.921117,0
                -47.5677673,-20.9207607,0
                -47.5711602,-20.9212143,0
              </coordinates>
            </LinearRing>
          </outerBoundaryIs>
        </Polygon>
      </Placemark>
      <Placemark>
        <name>Batatais - Alcans Ativação
Ativação: 04
Horário: Segunda à Sábado
08:00 até às 17:00 horas

Batatais - Terceiros Comum (ativ)
Horário: 08:00 até às 17:00 horas
Limite: Verificar bloqueio informativo.

Batatais - Suporte
Suporte: 07
Horário: Segunda à Sábado
08:00 até às 18:00 horas
--------------------------------
</name>
        <description>Batatais</description>
        <styleUrl>#poly-673AB7-1200-77</styleUrl>
        <Polygon>
          <outerBoundaryIs>
            <LinearRing>
              <tessellate>1</tessellate>
              <coordinates>
                -47.5999988,-20.8752222,0
                -47.5997602,-20.8791969,0
                -47.599865,-20.8844044,0
                -47.5994503,-20.8843896,0
                -47.5917186,-20.8812872,0
                -47.5898987,-20.8814525,0
                -47.5869289,-20.8831992,0
                -47.5855298,-20.8840524,0
                -47.58147,-20.8861686,0
                -47.5792061,-20.8884839,0
                -47.577189,-20.8870454,0
                -47.5764514,-20.8878647,0
                -47.5786234,-20.8894002,0
                -47.5776655,-20.8904511,0
                -47.5763951,-20.8910925,0
                -47.5744003,-20.8917558,0
                -47.5730063,-20.8919781,0
                -47.5710373,-20.8911421,0
                -47.5692643,-20.8907291,0
                -47.5690577,-20.8909375,0
                -47.5681133,-20.8915951,0
                -47.5651876,-20.8912946,0
                -47.565463,-20.8886184,0
                -47.5652304,-20.8884731,0
                -47.5646546,-20.8884481,0
                -47.5649315,-20.890007,0
                -47.5646408,-20.8904055,0
                -47.5645441,-20.89046,0
                -47.5641228,-20.8904096,0
                -47.5618979,-20.8909657,0
                -47.5616012,-20.8909951,0
                -47.5603471,-20.8907292,0
                -47.561823,-20.8878096,0
                -47.562518,-20.8851971,0
                -47.5623934,-20.8849233,0
                -47.5613461,-20.8849302,0
                -47.5623037,-20.8809413,0
                -47.5674374,-20.8806622,0
                -47.5676627,-20.8811866,0
                -47.5698726,-20.8803909,0
                -47.5703444,-20.8821275,0
                -47.5701462,-20.8822678,0
                -47.5736639,-20.8801522,0
                -47.5790467,-20.8764221,0
                -47.5747709,-20.8696637,0
                -47.5768307,-20.8687013,0
                -47.5783113,-20.8678191,0
                -47.576938,-20.8666161,0
                -47.5793842,-20.8640296,0
                -47.591701,-20.8735934,0
                -47.5919692,-20.8720897,0
                -47.5953039,-20.8727128,0
                -47.5959155,-20.8704973,0
                -47.5988121,-20.8710788,0
                -47.5988335,-20.8695349,0
                -47.5999922,-20.8695149,0
                -47.5999988,-20.8752222,0
              </coordinates>
            </LinearRing>
          </outerBoundaryIs>
        </Polygon>
      </Placemark>
      <Placemark>
        <name>Batatais - Alcans Ativação
Ativação: 04
Horário: Segunda à Sábado
08:00 até às 17:00 horas

Batatais - Terceiros Comum (ativ)
Horário: 08:00 até às 17:00 horas
Limite: Verificar bloqueio informativo.

Batatais - Suporte
Suporte: 07
Horário: Segunda à Sábado
08:00 até às 18:00 horas
--------------------------------
</name>
        <description>Batatais</description>
        <styleUrl>#poly-673AB7-1200-77</styleUrl>
        <Polygon>
          <outerBoundaryIs>
            <LinearRing>
              <tessellate>1</tessellate>
              <coordinates>
                -47.5839548,-20.885203,0
                -47.5848224,-20.8847377,0
                -47.5857148,-20.8842803,0
                -47.5864147,-20.8838993,0
                -47.5867428,-20.883725,0
                -47.5874547,-20.8832082,0
                -47.5878697,-20.8829364,0
                -47.5889146,-20.8823127,0
                -47.5900837,-20.8816804,0
                -47.5919036,-20.8815151,0
                -47.5942873,-20.8825286,0
                -47.5996354,-20.8846175,0
                -47.6000501,-20.8846323,0
                -47.6000286,-20.8773748,0
                -47.6002531,-20.8749746,0
                -47.6029452,-20.8718526,0
                -47.6042309,-20.8725456,0
                -47.6066522,-20.8747738,0
                -47.6020105,-20.8806334,0
                -47.60219,-20.8810651,0
                -47.6028924,-20.8813471,0
                -47.6030644,-20.8816825,0
                -47.6032741,-20.8815718,0
                -47.6038914,-20.8820224,0
                -47.6040049,-20.8821869,0
                -47.6039115,-20.8827002,0
                -47.6036609,-20.883017,0
                -47.6033317,-20.8827945,0
                -47.6030599,-20.8832947,0
                -47.6032279,-20.8847672,0
                -47.6038724,-20.8848965,0
                -47.6050855,-20.8857975,0
                -47.6062457,-20.8839309,0
                -47.6065099,-20.8838359,0
                -47.6081045,-20.8849238,0
                -47.6080106,-20.8859567,0
                -47.6073205,-20.8871305,0
                -47.6074191,-20.8880158,0
                -47.6068179,-20.888803,0
                -47.607304,-20.890376,0
                -47.6062122,-20.8917831,0
                -47.6046042,-20.892657,0
                -47.6044653,-20.8947479,0
                -47.6043694,-20.8966783,0
                -47.6039096,-20.8975477,0
                -47.6054991,-20.8986934,0
                -47.606765,-20.8995955,0
                -47.6098169,-20.9011883,0
                -47.6092829,-20.9019847,0
                -47.6082219,-20.9013004,0
                -47.6080026,-20.9007578,0
                -47.6081075,-20.9004264,0
                -47.6072158,-20.9003008,0
                -47.6060941,-20.8999974,0
                -47.6049324,-20.8997154,0
                -47.6040388,-20.9002553,0
                -47.6041149,-20.9007582,0
                -47.6001666,-20.9020411,0
                -47.5925276,-20.9037851,0
                -47.5922701,-20.9029181,0
                -47.5922487,-20.9022992,0
                -47.5916103,-20.9017692,0
                -47.5910069,-20.9017699,0
                -47.590233,-20.9028426,0
                -47.5891594,-20.9019458,0
                -47.5874851,-20.9016903,0
                -47.5861976,-20.901129,0
                -47.5866589,-20.900307,0
                -47.5849422,-20.9000064,0
                -47.584159,-20.8998561,0
                -47.5833061,-20.9000715,0
                -47.5826141,-20.9016301,0
                -47.5813429,-20.9009536,0
                -47.5817855,-20.8997734,0
                -47.5812022,-20.8961864,0
                -47.5784418,-20.8923712,0
                -47.5781276,-20.8913225,0
                -47.5792587,-20.8899067,0
                -47.5804051,-20.8885987,0
                -47.5827837,-20.8885087,0
                -47.5825626,-20.8865244,0
                -47.5825561,-20.8859332,0
                -47.5839548,-20.885203,0
              </coordinates>
            </LinearRing>
          </outerBoundaryIs>
          <innerBoundaryIs>
            <LinearRing>
              <tessellate>1</tessellate>
              <coordinates>
                -47.5876245,-20.8882792,0
                -47.5876245,-20.8883396,0
                -47.5875494,-20.8881387,0
                -47.5876245,-20.8882792,0
              </coordinates>
            </LinearRing>
          </innerBoundaryIs>
          <innerBoundaryIs>
            <LinearRing>
              <tessellate>1</tessellate>
              <coordinates>
                -47.5876508,-20.8884099,0
                -47.5877602,-20.8887025,0
                -47.5876245,-20.8883793,0
                -47.5876245,-20.8883396,0
                -47.5876508,-20.8884099,0
              </coordinates>
            </LinearRing>
          </innerBoundaryIs>
        </Polygon>
      </Placemark>
      <Placemark>
        <name>ÁREA INDUSTRIAL JARDIM OURO BRANCO</name>
        <styleUrl>#poly-F57C00-1200-77-nodesc</styleUrl>
        <Polygon>
          <outerBoundaryIs>
            <LinearRing>
              <tessellate>1</tessellate>
              <coordinates>
                -47.7565514,-21.1553069,0
                -47.755736,-21.1603097,0
                -47.7559505,-21.1683138,0
                -47.7559505,-21.1696745,0
                -47.7547489,-21.1689141,0
                -47.7523886,-21.1663528,0
                -47.7525602,-21.1642718,0
                -47.7494703,-21.1629111,0
                -47.749642,-21.1611101,0
                -47.750157,-21.1596693,0
                -47.7526461,-21.1595893,0
                -47.7524315,-21.1584286,0
                -47.754191,-21.1586688,0
                -47.7544485,-21.1567877,0
                -47.7494275,-21.1558272,0
                -47.7502106,-21.153776,0
                -47.753676,-21.1544264,0
                -47.7538048,-21.155467,0
                -47.7565514,-21.1553069,0
              </coordinates>
            </LinearRing>
          </outerBoundaryIs>
        </Polygon>
      </Placemark>
      <Placemark>
        <name>CTO RATEB CURY</name>
        <styleUrl>#poly-F57C00-1200-77-nodesc</styleUrl>
        <Polygon>
          <outerBoundaryIs>
            <LinearRing>
              <tessellate>1</tessellate>
              <coordinates>
                -47.8127051,-21.2285323,0
                -47.81366,-21.2290523,0
                -47.8140355,-21.2296824,0
                -47.8137244,-21.2300124,0
                -47.8117825,-21.2288323,0
                -47.8103984,-21.2284523,0
                -47.8104521,-21.2278022,0
                -47.8127051,-21.2285323,0
              </coordinates>
            </LinearRing>
          </outerBoundaryIs>
        </Polygon>
      </Placemark>
      <Placemark>
        <name>Batatais - Alcans Ativação
Ativação: 04
Horário: Segunda à Sábado
08:00 até às 17:00 horas

Batatais - Terceiros Comum (ativ)
Horário: 08:00 até às 17:00 horas
Limite: Verificar bloqueio informativo.

Batatais - Suporte
Suporte: 07
Horário: Segunda à Sábado
08:00 até às 18:00 horas
--------------------------------
</name>
        <description>Batatais</description>
        <styleUrl>#poly-673AB7-1200-77</styleUrl>
        <MultiGeometry>
          <Polygon>
            <outerBoundaryIs>
              <LinearRing>
                <tessellate>1</tessellate>
                <coordinates>
                  -47.5906475,-20.9108616,0
                  -47.5914162,-20.9103105,0
                  -47.5906867,-20.9108718,0
                  -47.5906475,-20.9108616,0
                </coordinates>
              </LinearRing>
            </outerBoundaryIs>
          </Polygon>
          <Polygon>
            <outerBoundaryIs>
              <LinearRing>
                <tessellate>1</tessellate>
                <coordinates>
                  -47.5906475,-20.9108616,0
                  -47.574808,-20.9222165,0
                  -47.5711602,-20.9212143,0
                  -47.5667828,-20.9198514,0
                  -47.5667399,-20.9194505,0
                  -47.5696152,-20.9180074,0
                  -47.5669116,-20.9153616,0
                  -47.5665683,-20.9145198,0
                  -47.5668687,-20.913678,0
                  -47.5663966,-20.9127158,0
                  -47.5654954,-20.9119542,0
                  -47.5655383,-20.9113127,0
                  -47.5642079,-20.9101903,0
                  -47.563135,-20.9096691,0
                  -47.5608605,-20.9118339,0
                  -47.5579423,-20.9111524,0
                  -47.5588435,-20.9102303,0
                  -47.5571269,-20.9091078,0
                  -47.5524062,-20.9133172,0
                  -47.5511616,-20.9121145,0
                  -47.5529532,-20.9101158,0
                  -47.5521269,-20.9098009,0
                  -47.5516974,-20.9096121,0
                  -47.5525121,-20.9087533,0
                  -47.5519743,-20.9083186,0
                  -47.5518373,-20.9082216,0
                  -47.5517374,-20.9081099,0
                  -47.5519087,-20.9079139,0
                  -47.5519914,-20.9077376,0
                  -47.5521094,-20.9076875,0
                  -47.5537902,-20.9070532,0
                  -47.554273,-20.9085065,0
                  -47.555539,-20.9070232,0
                  -47.5588435,-20.9060209,0
                  -47.5603562,-20.9073539,0
                  -47.5641435,-20.9053594,0
                  -47.5642937,-20.9047982,0
                  -47.5632316,-20.9043371,0
                  -47.5628051,-20.9037257,0
                  -47.5614331,-20.9044424,0
                  -47.5613057,-20.9042369,0
                  -47.56054,-20.9032415,0
                  -47.5579719,-20.9040903,0
                  -47.5588009,-20.8987318,0
                  -47.5596864,-20.8985589,0
                  -47.5621868,-20.899456,0
                  -47.5623384,-20.9000474,0
                  -47.5628561,-20.9012301,0
                  -47.5637573,-20.9021723,0
                  -47.5652379,-20.9034151,0
                  -47.570216,-20.9048784,0
                  -47.5739497,-20.9052191,0
                  -47.5760954,-20.9055273,0
                  -47.5787562,-20.9065421,0
                  -47.5827044,-20.9082259,0
                  -47.5868243,-20.9098695,0
                  -47.5906475,-20.9108616,0
                </coordinates>
              </LinearRing>
            </outerBoundaryIs>
            <innerBoundaryIs>
              <LinearRing>
                <tessellate>1</tessellate>
                <coordinates>
                  -47.5744218,-20.9089976,0
                  -47.5716537,-20.9101101,0
                  -47.5706344,-20.9088673,0
                  -47.5706425,-20.9088172,0
                  -47.5710153,-20.9086067,0
                  -47.5712379,-20.9079252,0
                  -47.5715963,-20.9080668,0
                  -47.5716865,-20.9083387,0
                  -47.5729129,-20.9085216,0
                  -47.573663,-20.9081219,0
                  -47.5737371,-20.9079528,0
                  -47.5740257,-20.9078739,0
                  -47.5743038,-20.907845,0
                  -47.5744218,-20.9089976,0
                </coordinates>
              </LinearRing>
            </innerBoundaryIs>
          </Polygon>
        </MultiGeometry>
      </Placemark>
      <Placemark>
        <name>Batatais - Alcans Ativação
Ativação: 04
Horário: Segunda à Sábado
08:00 até às 17:00 horas

Batatais - Terceiros Comum (ativ)
Horário: 08:00 até às 17:00 horas
Limite: Verificar bloqueio informativo.

Batatais - Suporte
Suporte: 07
Horário: Segunda à Sábado
08:00 até às 18:00 horas
--------------------------------
</name>
        <description>Batatais</description>
        <styleUrl>#poly-673AB7-1200-77</styleUrl>
        <Polygon>
          <outerBoundaryIs>
            <LinearRing>
              <tessellate>1</tessellate>
              <coordinates>
                -47.6037973,-20.9005485,0
                -47.6047629,-20.9012101,0
                -47.6038617,-20.902493,0
                -47.5914162,-20.9103105,0
                -47.5912875,-20.9100099,0
                -47.5910729,-20.9099497,0
                -47.5908369,-20.909609,0
                -47.5862235,-20.9085867,0
                -47.5855154,-20.9083662,0
                -47.5848931,-20.9086468,0
                -47.5830156,-20.9081357,0
                -47.5826132,-20.9075193,0
                -47.5824684,-20.9069029,0
                -47.5816959,-20.906502,0
                -47.5812024,-20.9073038,0
                -47.5775331,-20.9053595,0
                -47.575323,-20.9045977,0
                -47.5749367,-20.9047982,0
                -47.5741643,-20.9045977,0
                -47.5718254,-20.9042369,0
                -47.5717825,-20.9044975,0
                -47.5713962,-20.9034351,0
                -47.5697011,-20.9030542,0
                -47.5694865,-20.9034552,0
                -47.5690573,-20.9032547,0
                -47.5687569,-20.9009294,0
                -47.567448,-20.9012101,0
                -47.5655597,-20.9019317,0
                -47.5651735,-20.9020319,0
                -47.565195,-20.9010898,0
                -47.568714,-20.9000073,0
                -47.5691003,-20.9000073,0
                -47.5737351,-20.8979225,0
                -47.5735205,-20.89682,0
                -47.5739497,-20.8966195,0
                -47.5732845,-20.8954568,0
                -47.5734776,-20.8952363,0
                -47.5733274,-20.8947953,0
                -47.5737137,-20.894655,0
                -47.5733274,-20.8942139,0
                -47.5738424,-20.893813,0
                -47.5734132,-20.8930512,0
                -47.5747865,-20.8922895,0
                -47.5760311,-20.8920489,0
                -47.5762242,-20.8922694,0
                -47.5770181,-20.8917883,0
                -47.5771683,-20.892089,0
                -47.578091,-20.8927305,0
                -47.5785416,-20.8931114,0
                -47.5791639,-20.8940335,0
                -47.5797058,-20.8941688,0
                -47.5800436,-20.8946049,0
                -47.5800973,-20.8946951,0
                -47.5802046,-20.8948053,0
                -47.5803763,-20.8950759,0
                -47.5810359,-20.8959184,0
                -47.5816192,-20.8995054,0
                -47.5812238,-20.8995463,0
                -47.5807947,-20.9005686,0
                -47.5811809,-20.9009495,0
                -47.5819319,-20.9012702,0
                -47.5816959,-20.9015508,0
                -47.579636,-20.9006889,0
                -47.5784343,-20.9001677,0
                -47.5787348,-20.8995062,0
                -47.5778121,-20.8995463,0
                -47.5770611,-20.9012101,0
                -47.5822753,-20.9033148,0
                -47.5857943,-20.904718,0
                -47.5899571,-20.9037959,0
                -47.5898498,-20.9024529,0
                -47.5900667,-20.9025746,0
                -47.5908406,-20.9015019,0
                -47.591444,-20.9015012,0
                -47.5920824,-20.9020312,0
                -47.5921038,-20.9026501,0
                -47.5923613,-20.9035171,0
                -47.6037973,-20.9005485,0
              </coordinates>
            </LinearRing>
          </outerBoundaryIs>
        </Polygon>
      </Placemark>
      <Placemark>
        <name>EXTRA</name>
        <styleUrl>#poly-E65100-1200-107-nodesc</styleUrl>
        <Polygon>
          <outerBoundaryIs>
            <LinearRing>
              <tessellate>1</tessellate>
              <coordinates>
                -47.8092862,-21.2026536,0
                -47.8097583,-21.2036539,0
                -47.8095008,-21.2037289,0
                -47.8095973,-21.203949,0
                -47.8084762,-21.2043741,0
                -47.808047,-21.2033788,0
                -47.8088678,-21.2030887,0
                -47.8092862,-21.2026536,0
              </coordinates>
            </LinearRing>
          </outerBoundaryIs>
        </Polygon>
      </Placemark>
      <Placemark>
        <name>DISTRITO INDUSTRIAL JARDINÓPOLIS</name>
        <styleUrl>#poly-F57C00-1200-77-nodesc</styleUrl>
        <Polygon>
          <outerBoundaryIs>
            <LinearRing>
              <tessellate>1</tessellate>
              <coordinates>
                -47.817437,-21.036749,0
                -47.8141755,-21.0444994,0
                -47.8135317,-21.0442391,0
                -47.8062252,-21.041085,0
                -47.7977012,-21.0370445,0
                -47.7978891,-21.0368491,0
                -47.8010648,-21.0361882,0
                -47.8031891,-21.038171,0
                -47.8062576,-21.036749,0
                -47.8070086,-21.0371095,0
                -47.8072661,-21.0366489,0
                -47.8087681,-21.0372697,0
                -47.8094762,-21.0361282,0
                -47.8129738,-21.0377304,0
                -47.8140038,-21.0351268,0
                -47.8173941,-21.0365287,0
                -47.817437,-21.036749,0
              </coordinates>
            </LinearRing>
          </outerBoundaryIs>
        </Polygon>
      </Placemark>
      <Placemark>
        <name>Jardinópolis - Alcans (ativ)
Limite: 04
Horário: Segunda à Sábado
08:00 até às 17:00 horas

Jardinópolis - Terceiros Comum (ativ)
Horário: 08:00 até às 17:00 horas
Limite: Verificar bloqueio informativo.
-------------------------------------------

Jardinópolis - Suporte
Suporte: 7
Horário: Segunda à Segunda
</name>
        <description>Jurucê - SP</description>
        <styleUrl>#poly-673AB7-1200-74</styleUrl>
        <Polygon>
          <outerBoundaryIs>
            <LinearRing>
              <tessellate>1</tessellate>
              <coordinates>
                -47.7525784,-21.064291,0
                -47.7522029,-21.0662634,0
                -47.7514197,-21.0664436,0
                -47.7512266,-21.0675949,0
                -47.7510442,-21.0677852,0
                -47.7501215,-21.0679253,0
                -47.748362,-21.0673647,0
                -47.7479221,-21.0671044,0
                -47.7473642,-21.0682357,0
                -47.7469779,-21.0689665,0
                -47.744859,-21.0672996,0
                -47.7425013,-21.06978,0
                -47.7434696,-21.0668141,0
                -47.7336634,-21.0599558,0
                -47.7345003,-21.058434,0
                -47.7351333,-21.0588244,0
                -47.7365066,-21.0605365,0
                -47.7374936,-21.0615478,0
                -47.7394892,-21.0629494,0
                -47.7397252,-21.0627592,0
                -47.7409698,-21.0626291,0
                -47.7410234,-21.0621985,0
                -47.7412058,-21.0617981,0
                -47.7419783,-21.061778,0
                -47.7421714,-21.0590247,0
                -47.7428473,-21.0591148,0
                -47.7441133,-21.0589346,0
                -47.7450253,-21.0589246,0
                -47.7463771,-21.0593251,0
                -47.746463,-21.0616979,0
                -47.7464737,-21.0620383,0
                -47.7459909,-21.0628794,0
                -47.7467741,-21.0632899,0
                -47.7469028,-21.06342,0
                -47.746463,-21.0643311,0
                -47.7472354,-21.0648817,0
                -47.7482439,-21.0651921,0
                -47.7502931,-21.0660531,0
                -47.7498425,-21.0673246,0
                -47.7506365,-21.0673046,0
                -47.7519239,-21.0641208,0
                -47.7525784,-21.064291,0
              </coordinates>
            </LinearRing>
          </outerBoundaryIs>
        </Polygon>
      </Placemark>
      <Placemark>
        <name>CTO ATENDIMENTO</name>
        <description>CTO  COM PORTAS PARA ATENDER CLIENTES NA RUA, CASO PRÉDIOS PEDIREM, IDEAL VISITAR PARA ATENDIMENTO GERAL</description>
        <styleUrl>#poly-673AB7-1200-77</styleUrl>
        <Polygon>
          <outerBoundaryIs>
            <LinearRing>
              <tessellate>1</tessellate>
              <coordinates>
                -47.8228603,-21.2209785,0
                -47.8228496,-21.2210136,0
                -47.8227315,-21.2210386,0
                -47.8226753,-21.220856,0
                -47.8239385,-21.2205085,0
                -47.8239707,-21.220631,0
                -47.8228603,-21.2209785,0
              </coordinates>
            </LinearRing>
          </outerBoundaryIs>
        </Polygon>
      </Placemark>
      <Placemark>
        <name>ÁREA INVIABILIZADA</name>
        <description><![CDATA[Conjunto Habitacional Hugo Lacorte Vitalle<br>Rua Leonor Sanches Louzada<br>Jaboticabal<br>INVIABILIZADO!!!]]></description>
        <styleUrl>#poly-A52714-1200-140</styleUrl>
        <Polygon>
          <outerBoundaryIs>
            <LinearRing>
              <tessellate>1</tessellate>
              <coordinates>
                -48.3440441,-21.2510868,0
                -48.3438242,-21.2510418,0
                -48.3430571,-21.2519167,0
                -48.3414531,-21.2501968,0
                -48.34229,-21.2496669,0
                -48.342511,-21.2495134,0
                -48.3440441,-21.2510868,0
              </coordinates>
            </LinearRing>
          </outerBoundaryIs>
        </Polygon>
      </Placemark>
      <Placemark>
        <name>Orlândia e Sales Oliveira - Ativação e Suporte

Ativação e Suporte: 03
Horário: Segunda à Segunda
08:00 até às 18:00 horas
</name>
        <description>Orlândia</description>
        <styleUrl>#poly-673AB7-1200-77</styleUrl>
        <Polygon>
          <outerBoundaryIs>
            <LinearRing>
              <tessellate>1</tessellate>
              <coordinates>
                -47.9069547,-20.7081392,0
                -47.9037147,-20.7102864,0
                -47.9023306,-20.711029,0
                -47.899788,-20.7130561,0
                -47.8978889,-20.7156552,0
                -47.8965102,-20.7192829,0
                -47.9042297,-20.7221078,0
                -47.9048734,-20.7242352,0
                -47.9041438,-20.7265233,0
                -47.8971916,-20.7261221,0
                -47.8959471,-20.7250383,0
                -47.8953248,-20.7264231,0
                -47.8947561,-20.7289617,0
                -47.8923849,-20.7298949,0
                -47.8876213,-20.7293532,0
                -47.8862477,-20.7298951,0
                -47.8849335,-20.7300655,0
                -47.8839357,-20.7310601,0
                -47.8804541,-20.7333636,0
                -47.8771896,-20.7356993,0
                -47.8755253,-20.7373789,0
                -47.8776005,-20.7389511,0
                -47.877573,-20.7392792,0
                -47.8726911,-20.7455514,0
                -47.8737022,-20.7475408,0
                -47.8645089,-20.751144,0
                -47.8638606,-20.7490729,0
                -47.870851,-20.7426273,0
                -47.874976,-20.737857,0
                -47.8769392,-20.7356408,0
                -47.884122,-20.7305592,0
                -47.8842666,-20.7291701,0
                -47.8833433,-20.7275873,0
                -47.8812894,-20.7263794,0
                -47.8813354,-20.7237686,0
                -47.8806947,-20.7218802,0
                -47.8774901,-20.7214975,0
                -47.873438,-20.7240348,0
                -47.8702917,-20.7274819,0
                -47.8690092,-20.7275076,0
                -47.868156,-20.7263692,0
                -47.8626843,-20.7316028,0
                -47.8595838,-20.7294333,0
                -47.8583341,-20.7275861,0
                -47.8586962,-20.723893,0
                -47.8629198,-20.7208414,0
                -47.8594539,-20.7190006,0
                -47.8562457,-20.7173506,0
                -47.8537778,-20.7127901,0
                -47.8542847,-20.7107342,0
                -47.8625526,-20.7097464,0
                -47.8633053,-20.7090753,0
                -47.8635657,-20.705785,0
                -47.8703278,-20.7063083,0
                -47.8699043,-20.7095827,0
                -47.8755487,-20.7099996,0
                -47.8761365,-20.7046784,0
                -47.8797028,-20.7049181,0
                -47.8797157,-20.7053892,0
                -47.8791213,-20.7072205,0
                -47.8778369,-20.7096113,0
                -47.8771535,-20.7093929,0
                -47.8769903,-20.7095763,0
                -47.877149,-20.7095991,0
                -47.8781807,-20.7099513,0
                -47.8810202,-20.709112,0
                -47.8826114,-20.7086281,0
                -47.8826408,-20.7078769,0
                -47.8837967,-20.7048575,0
                -47.8849391,-20.7007929,0
                -47.8850572,-20.7003712,0
                -47.8858833,-20.6996261,0
                -47.8877233,-20.6988019,0
                -47.8885038,-20.6978378,0
                -47.8894841,-20.6976468,0
                -47.8900353,-20.6980982,0
                -47.8909901,-20.6978524,0
                -47.8934952,-20.6972678,0
                -47.893125,-20.7007379,0
                -47.8923473,-20.7009562,0
                -47.8923848,-20.7024993,0
                -47.8926958,-20.7030391,0
                -47.8951528,-20.7032979,0
                -47.8989509,-20.7035343,0
                -47.8995947,-20.7041678,0
                -47.9003456,-20.7042908,0
                -47.9041436,-20.704657,0
                -47.904015,-20.7076575,0
                -47.9069547,-20.7081392,0
              </coordinates>
            </LinearRing>
          </outerBoundaryIs>
        </Polygon>
      </Placemark>
      <Placemark>
        <name>Orlândia e Sales Oliveira - Ativação e Suporte

Ativação e Suporte: 03
Horário: Segunda à Segunda
08:00 até às 18:00 horas
</name>
        <description>Sales Oliveira</description>
        <styleUrl>#poly-673AB7-1200-77</styleUrl>
        <Polygon>
          <outerBoundaryIs>
            <LinearRing>
              <tessellate>1</tessellate>
              <coordinates>
                -47.8557491,-20.7510303,0
                -47.8581523,-20.7531572,0
                -47.8558349,-20.7550835,0
                -47.8513075,-20.7598388,0
                -47.8467693,-20.7641225,0
                -47.8498216,-20.7675685,0
                -47.8480432,-20.7693517,0
                -47.8468966,-20.7676751,0
                -47.8472459,-20.7670174,0
                -47.846455,-20.7655249,0
                -47.8440211,-20.7678082,0
                -47.8442264,-20.7683058,0
                -47.8487325,-20.7716162,0
                -47.845986,-20.7742845,0
                -47.8418875,-20.7712149,0
                -47.8451532,-20.7756805,0
                -47.8432649,-20.7820201,0
                -47.8369564,-20.7779676,0
                -47.8331101,-20.7744266,0
                -47.8293066,-20.7768641,0
                -47.827751,-20.7747174,0
                -47.8299182,-20.7722296,0
                -47.8274292,-20.7674948,0
                -47.8180307,-20.762519,0
                -47.8253263,-20.7591482,0
                -47.8363985,-20.7555365,0
                -47.8402609,-20.7556168,0
                -47.8407759,-20.7508814,0
                -47.8448957,-20.749838,0
                -47.8454965,-20.7477511,0
                -47.8488439,-20.7477511,0
                -47.8491014,-20.7529682,0
                -47.8514188,-20.7529682,0
                -47.855367,-20.7503998,0
                -47.8557491,-20.7510303,0
              </coordinates>
            </LinearRing>
          </outerBoundaryIs>
        </Polygon>
      </Placemark>
      <Placemark>
        <name>FTTH REGIÃO PAINEIRAS</name>
        <description><![CDATA[TRANSFERIR PARA O SETOR COMERCIAL<br><br><br>https://docs.google.com/spreadsheets/d/15aH9Mufet_ENqw5jmv4ccyAPmNKlkaPQHrJ18vcQlwg/edit?gid=110720170#gid=110720170]]></description>
        <styleUrl>#poly-0288D1-1200-99</styleUrl>
        <Polygon>
          <outerBoundaryIs>
            <LinearRing>
              <tessellate>1</tessellate>
              <coordinates>
                -47.4234825,-21.2885641,0
                -47.414878,-21.2912032,0
                -47.41535,-21.2896438,0
                -47.4167877,-21.2878644,0
                -47.4182683,-21.2867948,0
                -47.4179465,-21.2854851,0
                -47.4179786,-21.2844355,0
                -47.4181395,-21.2836457,0
                -47.4174314,-21.2829459,0
                -47.4156933,-21.282086,0
                -47.4143201,-21.2810063,0
                -47.4136549,-21.2808264,0
                -47.4126678,-21.2800666,0
                -47.4111443,-21.2802066,0
                -47.4102002,-21.2800666,0
                -47.4084622,-21.2791269,0
                -47.4070674,-21.2782271,0
                -47.3989778,-21.2688293,0
                -47.4008016,-21.2677795,0
                -47.4028293,-21.2678944,0
                -47.4030921,-21.2698315,0
                -47.4031377,-21.2716399,0
                -47.4075594,-21.2776629,0
                -47.4098354,-21.2768475,0
                -47.4112087,-21.274808,0
                -47.4127322,-21.2741881,0
                -47.4161869,-21.2721286,0
                -47.418912,-21.2736282,0
                -47.4182254,-21.2750679,0
                -47.4187833,-21.2771074,0
                -47.4215513,-21.2793268,0
                -47.4217015,-21.2803266,0
                -47.4236327,-21.2809664,0
                -47.425285,-21.2817062,0
                -47.4270016,-21.2801166,0
                -47.4288899,-21.276745,0
                -47.4310785,-21.2779522,0
                -47.4298769,-21.2804665,0
                -47.429555,-21.2831458,0
                -47.4294477,-21.285905,0
                -47.4282676,-21.285925,0
                -47.4286109,-21.2870446,0
                -47.4234825,-21.2885641,0
              </coordinates>
            </LinearRing>
          </outerBoundaryIs>
        </Polygon>
      </Placemark>
      <Placemark>
        <name>REGIÃO LATICINIO</name>
        <description><![CDATA[ACOMPANHAR PELO FTTH CONDOMÍNIOS <br><br>https://docs.google.com/spreadsheets/d/15aH9Mufet_ENqw5jmv4ccyAPmNKlkaPQHrJ18vcQlwg/edit?gid=1648382766#gid=1648382766]]></description>
        <styleUrl>#poly-0288D1-1200-77</styleUrl>
        <Polygon>
          <outerBoundaryIs>
            <LinearRing>
              <tessellate>1</tessellate>
              <coordinates>
                -47.3413167,-21.2653375,0
                -47.340423,-21.2650525,0
                -47.3400721,-21.2625779,0
                -47.3388276,-21.2616181,0
                -47.3382482,-21.2603782,0
                -47.3410806,-21.2590184,0
                -47.3438272,-21.2581986,0
                -47.3451079,-21.2566975,0
                -47.3462814,-21.2572962,0
                -47.346504,-21.2577736,0
                -47.3454473,-21.2599483,0
                -47.343162,-21.2602383,0
                -47.3407159,-21.2613381,0
                -47.3413167,-21.2653375,0
              </coordinates>
            </LinearRing>
          </outerBoundaryIs>
        </Polygon>
      </Placemark>
      <Placemark>
        <name>REGIÃO MANJOLINHO</name>
        <styleUrl>#poly-673AB7-1200-77-nodesc</styleUrl>
        <Polygon>
          <outerBoundaryIs>
            <LinearRing>
              <tessellate>1</tessellate>
              <coordinates>
                -47.2840726,-21.2831436,0
                -47.2856605,-21.2840133,0
                -47.2849846,-21.2859327,0
                -47.2832036,-21.2856128,0
                -47.2806716,-21.2856528,0
                -47.27947,-21.284943,0
                -47.2800279,-21.2837834,0
                -47.2815836,-21.281604,0
                -47.2824955,-21.2803543,0
                -47.2840726,-21.2831436,0
              </coordinates>
            </LinearRing>
          </outerBoundaryIs>
        </Polygon>
      </Placemark>
      <Placemark>
        <name>Cajuru - Ativação Hibrido
Ativação: 05
Horário: Segunda à Sábado
08:00 até às 17:00 horas

Cajuru e Cássia dos Coqueiros - Ativação Hibrido
Ativação: 05
Horário: Segunda à Sábado
08:00 até às 17:00 horas

Cajuru e Cássia - Terceiros Comum (ativ)
Horário: 08:00 até às 17:00 horas
Limite: Verificar bloqueio informativo.

-------------------------------------------
Cajuru - Suporte Hibrido
Limite: 07
Horário: Segunda à Segunda
08:00 até às 17:00 horas

Cajuru e Cássia dos Coqueiros - Suporte Hibrido
Limite: 07
Horário: Segunda à Segunda
08:00 até às 17:00 horas</name>
        <styleUrl>#poly-673AB7-1200-77-nodesc</styleUrl>
        <Polygon>
          <outerBoundaryIs>
            <LinearRing>
              <tessellate>1</tessellate>
              <coordinates>
                -47.3199532,-21.2548548,0
                -47.3197387,-21.2565347,0
                -47.3189233,-21.2573346,0
                -47.3147605,-21.2559347,0
                -47.3143313,-21.2545349,0
                -47.3154471,-21.2543549,0
                -47.3175714,-21.2547148,0
                -47.3199532,-21.2548548,0
              </coordinates>
            </LinearRing>
          </outerBoundaryIs>
        </Polygon>
      </Placemark>
      <Placemark>
        <name>CHÁCARAS ANGELINA VIEIRA</name>
        <description><![CDATA[ACOMPANHAR PELO FTTH CONDOMÍNIOS<br><br>https://docs.google.com/spreadsheets/d/15aH9Mufet_ENqw5jmv4ccyAPmNKlkaPQHrJ18vcQlwg/edit?gid=1800225285#gid=1800225285]]></description>
        <styleUrl>#poly-0288D1-1200-79</styleUrl>
        <Polygon>
          <outerBoundaryIs>
            <LinearRing>
              <tessellate>1</tessellate>
              <coordinates>
                -47.3267008,-21.2740807,0
                -47.3305417,-21.2702715,0
                -47.3313357,-21.2693917,0
                -47.3323978,-21.2711013,0
                -47.3355199,-21.2692017,0
                -47.335713,-21.2682319,0
                -47.3370863,-21.2672021,0
                -47.3371507,-21.2657723,0
                -47.340423,-21.2650525,0
                -47.3413028,-21.2658423,0
                -47.3418392,-21.2671821,0
                -47.3408092,-21.2689418,0
                -47.3406805,-21.2702415,0
                -47.3412813,-21.2705914,0
                -47.3424186,-21.2689467,0
                -47.342955,-21.2687018,0
                -47.3441137,-21.2704315,0
                -47.3432339,-21.2717712,0
                -47.3422469,-21.2746705,0
                -47.3397685,-21.2772999,0
                -47.338819,-21.2775199,0
                -47.3354703,-21.2785346,0
                -47.3347609,-21.2781097,0
                -47.3338375,-21.2777073,0
                -47.3329467,-21.2772262,0
                -47.3323348,-21.276945,0
                -47.3320981,-21.2767725,0
                -47.3317541,-21.2766201,0
                -47.3276986,-21.2747105,0
                -47.3267008,-21.2740807,0
              </coordinates>
            </LinearRing>
          </outerBoundaryIs>
        </Polygon>
      </Placemark>
      <Placemark>
        <name>CTO 7 PORTAS DISPONÍVEIS</name>
        <description>CONSULTAR ENGENHARIA</description>
        <styleUrl>#poly-673AB7-1200-110</styleUrl>
        <Polygon>
          <outerBoundaryIs>
            <LinearRing>
              <tessellate>1</tessellate>
              <coordinates>
                -47.7987284,-21.2122472,0
                -47.7985863,-21.2131973,0
                -47.7978245,-21.2130548,0
                -47.7979989,-21.2118922,0
                -47.7987901,-21.2119972,0
                -47.7987284,-21.2122472,0
              </coordinates>
            </LinearRing>
          </outerBoundaryIs>
        </Polygon>
      </Placemark>
      <Placemark>
        <name>PRIME OFFICE</name>
        <styleUrl>#poly-F57C00-1200-77-nodesc</styleUrl>
        <Polygon>
          <outerBoundaryIs>
            <LinearRing>
              <tessellate>1</tessellate>
              <coordinates>
                -47.824662,-21.2163499,0
                -47.8245118,-21.2166237,0
                -47.8241524,-21.2164875,0
                -47.8241135,-21.2163987,0
                -47.8241377,-21.2163412,0
                -47.824371,-21.2161749,0
                -47.824662,-21.2163499,0
              </coordinates>
            </LinearRing>
          </outerBoundaryIs>
        </Polygon>
      </Placemark>
      <Placemark>
        <name>São Simão - Hibrido
Ativação: 04
Horário: Segunda à Sábado
08:00 até às 17:00 horas
-----------------------------------
São Simão - Suporte
Limite: 07
Segunda à Segunda
</name>
        <description>São Simão</description>
        <styleUrl>#poly-673AB7-1200-77</styleUrl>
        <Polygon>
          <outerBoundaryIs>
            <LinearRing>
              <tessellate>1</tessellate>
              <coordinates>
                -47.5859007,-21.4598618,0
                -47.5850317,-21.4601764,0
                -47.5802252,-21.4622682,0
                -47.5751612,-21.4646645,0
                -47.5690672,-21.4687382,0
                -47.5657198,-21.4721728,0
                -47.5622007,-21.4774444,0
                -47.5601408,-21.4807191,0
                -47.5597117,-21.4828755,0
                -47.5623724,-21.4837541,0
                -47.5621149,-21.4871084,0
                -47.5598833,-21.4884661,0
                -47.5589392,-21.4878272,0
                -47.5580809,-21.4890252,0
                -47.5598833,-21.4908621,0
                -47.5559566,-21.4935973,0
                -47.5551626,-21.4928586,0
                -47.553446,-21.4912614,0
                -47.5519654,-21.4903031,0
                -47.5484035,-21.49206,0
                -47.5477812,-21.4915808,0
                -47.5507638,-21.4892647,0
                -47.5490687,-21.4880668,0
                -47.5467298,-21.4891051,0
                -47.5449917,-21.4890652,0
                -47.5422022,-21.4871284,0
                -47.5449488,-21.4843131,0
                -47.547678,-21.483648,0
                -47.548433,-21.4819046,0
                -47.5484411,-21.4802548,0
                -47.5488435,-21.4779136,0
                -47.5509355,-21.4763462,0
                -47.5520298,-21.4756273,0
                -47.5533602,-21.4747687,0
                -47.5546905,-21.47397,0
                -47.5562784,-21.4734508,0
                -47.5566928,-21.4743319,0
                -47.5572789,-21.4742545,0
                -47.5587943,-21.4741397,0
                -47.5606236,-21.4734308,0
                -47.5609347,-21.4721329,0
                -47.5624153,-21.4691776,0
                -47.5653591,-21.4677274,0
                -47.5661229,-21.4682403,0
                -47.5683887,-21.4664768,0
                -47.5694267,-21.4648143,0
                -47.5703011,-21.4632467,0
                -47.5696466,-21.4620285,0
                -47.5719024,-21.4610001,0
                -47.5735788,-21.4596521,0
                -47.5751291,-21.4581543,0
                -47.5756547,-21.4568363,0
                -47.5790665,-21.4535611,0
                -47.5789377,-21.4526025,0
                -47.5819847,-21.4498066,0
                -47.5829237,-21.4492436,0
                -47.5832618,-21.4496393,0
                -47.583938,-21.4503109,0
                -47.5848829,-21.4496368,0
                -47.5857425,-21.4493473,0
                -47.5875476,-21.448129,0
                -47.5882611,-21.4479692,0
                -47.5891516,-21.448808,0
                -47.5898382,-21.4499663,0
                -47.5917292,-21.4486657,0
                -47.5919035,-21.4488629,0
                -47.5871882,-21.4526524,0
                -47.5868341,-21.4531617,0
                -47.5875207,-21.454804,0
                -47.5862977,-21.4555875,0
                -47.5870916,-21.456835,0
                -47.5877568,-21.4570135,0
                -47.5883791,-21.458389,0
                -47.5882986,-21.4588159,0
                -47.5859007,-21.4598618,0
              </coordinates>
            </LinearRing>
          </outerBoundaryIs>
        </Polygon>
      </Placemark>
      <Placemark>
        <name>PQ INDUSTRIAL QUITO JUNQUEIRA SUBSETOR 9</name>
        <styleUrl>#poly-F57C00-1200-77-nodesc</styleUrl>
        <Polygon>
          <outerBoundaryIs>
            <LinearRing>
              <tessellate>1</tessellate>
              <coordinates>
                -47.7729033,-21.1537914,0
                -47.7722918,-21.1532686,0
                -47.7719592,-21.153026,0
                -47.7716373,-21.1525157,0
                -47.7718305,-21.1507246,0
                -47.7758646,-21.1477828,0
                -47.77727,-21.1467521,0
                -47.7756446,-21.1445757,0
                -47.7747674,-21.1451486,0
                -47.7741908,-21.1445607,0
                -47.7742552,-21.1444607,0
                -47.7808427,-21.1421992,0
                -47.7827739,-21.1415788,0
                -47.7834874,-21.1414237,0
                -47.783879,-21.1423293,0
                -47.7851879,-21.144901,0
                -47.785027,-21.1454013,0
                -47.7729033,-21.1537914,0
              </coordinates>
            </LinearRing>
          </outerBoundaryIs>
        </Polygon>
      </Placemark>
      <Placemark>
        <name>GALPÕES PEARSON</name>
        <styleUrl>#poly-F57C00-1200-77-nodesc</styleUrl>
        <Polygon>
          <outerBoundaryIs>
            <LinearRing>
              <tessellate>1</tessellate>
              <coordinates>
                -47.773694,-21.1186676,0
                -47.7741446,-21.1199086,0
                -47.7738013,-21.1209295,0
                -47.7689089,-21.1214499,0
                -47.7699174,-21.1189278,0
                -47.773694,-21.1186676,0
              </coordinates>
            </LinearRing>
          </outerBoundaryIs>
        </Polygon>
      </Placemark>
      <Placemark>
        <name>Rib Preto 09 e 10 - Alcans (ativ)
Limite: 5
Horário: Segunda à Sábado
08:00 até às 17:00 horas

Rib Preto 10 - Terceiros Flex (ativ)
Horario: 08:00 até às 17:00 horas
Limite: Verificar bloqueio informativo.
-------------------------------------------

Ribeirão Preto - Suporte 10
Limite: 07
Horário: Segunda à Segunda
</name>
        <description>CTO DR MARIO SCHENBERG</description>
        <styleUrl>#poly-673AB7-1200-77</styleUrl>
        <Polygon>
          <outerBoundaryIs>
            <LinearRing>
              <tessellate>1</tessellate>
              <coordinates>
                -47.7942622,-21.215575,0
                -47.7942622,-21.2156901,0
                -47.7939584,-21.2155898,0
                -47.7937901,-21.2155164,0
                -47.7936024,-21.2154403,0
                -47.7934227,-21.2153932,0
                -47.7933422,-21.2153112,0
                -47.7933234,-21.215145,0
                -47.7933556,-21.2151249,0
                -47.7934629,-21.2151274,0
                -47.7936024,-21.2151774,0
                -47.7936852,-21.2152191,0
                -47.7939162,-21.2153375,0
                -47.7939534,-21.2153566,0
                -47.7942622,-21.215575,0
              </coordinates>
            </LinearRing>
          </outerBoundaryIs>
        </Polygon>
      </Placemark>
      <Placemark>
        <name>FTTH THOMAS WHATELY - JD AEROPORTO</name>
        <styleUrl>#poly-E65100-1200-105-nodesc</styleUrl>
        <Polygon>
          <outerBoundaryIs>
            <LinearRing>
              <tessellate>1</tessellate>
              <coordinates>
                -47.762384,-21.1465668,0
                -47.76446,-21.1458013,0
                -47.7656563,-21.1470521,0
                -47.7618583,-21.1482279,0
                -47.7612306,-21.1466969,0
                -47.762384,-21.1465668,0
              </coordinates>
            </LinearRing>
          </outerBoundaryIs>
        </Polygon>
      </Placemark>
      <Placemark>
        <name>Serra Azul e Santa Cruz da Esperança - Hibrido

Capacidade: 04
Horário: Segunda à Sábado
08:00 até às 17:00 horas
</name>
        <description>Santa Cruz da Esperança</description>
        <styleUrl>#poly-673AB7-1200-77</styleUrl>
        <Polygon>
          <outerBoundaryIs>
            <LinearRing>
              <tessellate>1</tessellate>
              <coordinates>
                -47.4383391,-21.2912651,0
                -47.4381459,-21.2917249,0
                -47.4361718,-21.2918449,0
                -47.4350989,-21.2926046,0
                -47.4346698,-21.2933244,0
                -47.4340904,-21.2934843,0
                -47.4332107,-21.2936043,0
                -47.4297774,-21.2928845,0
                -47.4297989,-21.2954836,0
                -47.4297807,-21.2955971,0
                -47.42712,-21.2957371,0
                -47.4269751,-21.2929081,0
                -47.4260953,-21.293153,0
                -47.4251029,-21.2927632,0
                -47.4241588,-21.2929631,0
                -47.4232831,-21.2931768,0
                -47.4233494,-21.2951229,0
                -47.4222668,-21.2963059,0
                -47.4215002,-21.2967275,0
                -47.4215919,-21.2937303,0
                -47.4216422,-21.2930174,0
                -47.4214565,-21.2924845,0
                -47.4219433,-21.2922783,0
                -47.4227935,-21.2917735,0
                -47.4232361,-21.2922683,0
                -47.4246148,-21.2921584,0
                -47.4237565,-21.290274,0
                -47.4241212,-21.2901441,0
                -47.4251566,-21.2899941,0
                -47.4255267,-21.2905939,0
                -47.4259183,-21.2908238,0
                -47.4260256,-21.2910887,0
                -47.4267123,-21.2908538,0
                -47.4281177,-21.2910987,0
                -47.4281982,-21.2908488,0
                -47.4289975,-21.2908238,0
                -47.4291906,-21.290284,0
                -47.4299685,-21.290394,0
                -47.4300865,-21.2900141,0
                -47.4311433,-21.2901291,0
                -47.4313686,-21.2893143,0
                -47.4318675,-21.2893943,0
                -47.4317334,-21.2901391,0
                -47.43345,-21.290409,0
                -47.4335143,-21.2901341,0
                -47.4384389,-21.2909488,0
                -47.4383391,-21.2912651,0
              </coordinates>
            </LinearRing>
          </outerBoundaryIs>
        </Polygon>
      </Placemark>
      <Placemark>
        <name>Cajuru e Cássia dos Coqueiros - Ativação Hibrido
Ativação: 05
Horário: Segunda à Sábado
08:00 até às 17:00 horas

Cajuru e Cássia - Terceiros Comum (ativ)
Horário: 08:00 até às 17:00 horas
Limite: Verificar bloqueio informativo.

-------------------------------------------
Cajuru e Cássia dos Coqueiros - Suporte Hibrido
Limite: 07
Horário: Segunda à Segunda
08:00 até às 17:00 horas</name>
        <description>Cássia dos Coqueiros</description>
        <styleUrl>#poly-673AB7-1200-77</styleUrl>
        <Polygon>
          <outerBoundaryIs>
            <LinearRing>
              <tessellate>1</tessellate>
              <coordinates>
                -47.1727286,-21.2808409,0
                -47.1722994,-21.2816407,0
                -47.1734581,-21.2821405,0
                -47.1739087,-21.2832802,0
                -47.173029,-21.2845998,0
                -47.171484,-21.28394,0
                -47.1703253,-21.2855395,0
                -47.1692095,-21.287439,0
                -47.1685872,-21.2870391,0
                -47.1683083,-21.2855795,0
                -47.1691022,-21.2842,0
                -47.1679006,-21.2834402,0
                -47.1670637,-21.2838601,0
                -47.1665058,-21.2831603,0
                -47.1658621,-21.2822605,0
                -47.1623216,-21.2818406,0
                -47.1622143,-21.2823405,0
                -47.1614204,-21.2822205,0
                -47.1612487,-21.2836401,0
                -47.1596823,-21.2834802,0
                -47.1600685,-21.2820606,0
                -47.1595106,-21.2819606,0
                -47.1592317,-21.2823805,0
                -47.1577726,-21.2819806,0
                -47.1574507,-21.2831603,0
                -47.1561418,-21.2828004,0
                -47.1576009,-21.2801211,0
                -47.1585451,-21.2786615,0
                -47.1617852,-21.2798412,0
                -47.1616779,-21.2812808,0
                -47.1640597,-21.2814607,0
                -47.1635661,-21.280481,0
                -47.1632443,-21.2792013,0
                -47.1644888,-21.2783216,0
                -47.1659909,-21.2779417,0
                -47.1660338,-21.2772418,0
                -47.1663556,-21.2770819,0
                -47.1677504,-21.2772618,0
                -47.1671925,-21.2754423,0
                -47.1650038,-21.2752623,0
                -47.1652398,-21.2736627,0
                -47.1674285,-21.2738027,0
                -47.1706257,-21.2735227,0
                -47.1708832,-21.2746625,0
                -47.1698103,-21.2748224,0
                -47.1699605,-21.2753223,0
                -47.1677933,-21.2756222,0
                -47.1680508,-21.2762021,0
                -47.1685014,-21.276782,0
                -47.1684585,-21.2782616,0
                -47.1681795,-21.2782416,0
                -47.1681044,-21.2788415,0
                -47.1690693,-21.2790314,0
                -47.169927,-21.2777318,0
                -47.1718032,-21.2783316,0
                -47.1720473,-21.2791613,0
                -47.1711514,-21.2807959,0
                -47.1704755,-21.280561,0
                -47.1702395,-21.2810209,0
                -47.171484,-21.2816807,0
                -47.1720205,-21.280561,0
                -47.1727286,-21.2808409,0
              </coordinates>
            </LinearRing>
          </outerBoundaryIs>
        </Polygon>
      </Placemark>
      <Placemark>
        <name>Arceburgo/Milagre/S. B. Areias- Ativação, serviços e Suporte

Ativação e Suporte: 04
Horário: Segunda à Sábado
08:00 até as 17:00 horas</name>
        <description>CTO INDUSTRIAL</description>
        <styleUrl>#poly-673AB7-1200-77</styleUrl>
        <Polygon>
          <outerBoundaryIs>
            <LinearRing>
              <tessellate>1</tessellate>
              <coordinates>
                -46.9485826,-21.3548642,0
                -46.9483465,-21.3566228,0
                -46.9455784,-21.3565429,0
                -46.9451493,-21.3560833,0
                -46.9460935,-21.3545645,0
                -46.9485826,-21.3548642,0
              </coordinates>
            </LinearRing>
          </outerBoundaryIs>
        </Polygon>
      </Placemark>
      <Placemark>
        <name>Santo Antônio da Alegria - Ativação e Suporte

Ativação e Suporte: 03
Horário: Segunda á Sábado 
Das 08:00 às 17:00 horas
</name>
        <description>Santo Antônio da Alegria</description>
        <styleUrl>#poly-673AB7-1200-77</styleUrl>
        <Polygon>
          <outerBoundaryIs>
            <LinearRing>
              <tessellate>1</tessellate>
              <coordinates>
                -47.1590359,-21.0873846,0
                -47.1592075,-21.0888461,0
                -47.1581561,-21.0892065,0
                -47.1557958,-21.0891064,0
                -47.1549589,-21.0900474,0
                -47.1556026,-21.0904478,0
                -47.1560747,-21.0899873,0
                -47.1573407,-21.0909683,0
                -47.1570832,-21.0913887,0
                -47.1578128,-21.0919693,0
                -47.1569974,-21.0928302,0
                -47.1567614,-21.0933107,0
                -47.1562249,-21.0939313,0
                -47.1562893,-21.0943717,0
                -47.1565682,-21.0945919,0
                -47.1553237,-21.0960534,0
                -47.1558601,-21.0967941,0
                -47.1569116,-21.0963737,0
                -47.1573407,-21.0958031,0
                -47.1581843,-21.0952337,0
                -47.1593464,-21.0953795,0
                -47.1614955,-21.0953351,0
                -47.1605433,-21.0938762,0
                -47.1617288,-21.0931805,0
                -47.1628285,-21.0941615,0
                -47.159626,-21.1002374,0
                -47.1557314,-21.0980753,0
                -47.155152,-21.0978351,0
                -47.1546156,-21.0985157,0
                -47.154637,-21.0991363,0
                -47.1535641,-21.1000772,0
                -47.1513539,-21.0981754,0
                -47.1512037,-21.0990763,0
                -47.1491652,-21.1018589,0
                -47.148779,-21.1016787,0
                -47.1477705,-21.0981754,0
                -47.1487361,-21.0961334,0
                -47.1479207,-21.095733,0
                -47.1472958,-21.0948621,0
                -47.1466829,-21.0974897,0
                -47.1449971,-21.0982754,0
                -47.1442622,-21.0990161,0
                -47.1430504,-21.099033,0
                -47.1429545,-21.0983491,0
                -47.1419043,-21.0982226,0
                -47.1410485,-21.096448,0
                -47.1420835,-21.0964224,0
                -47.1429519,-21.0959306,0
                -47.1428004,-21.0941063,0
                -47.144686,-21.0939012,0
                -47.1453528,-21.0931599,0
                -47.1418775,-21.0930094,0
                -47.1398828,-21.0931192,0
                -47.1380622,-21.0919568,0
                -47.1374037,-21.0891314,0
                -47.1373099,-21.0883056,0
                -47.1406358,-21.0897872,0
                -47.1454316,-21.0905379,0
                -47.1468693,-21.09261,0
                -47.1486073,-21.0908882,0
                -47.1480494,-21.0903677,0
                -47.1500665,-21.0880653,0
                -47.1489077,-21.086804,0
                -47.1474486,-21.0863235,0
                -47.1476203,-21.0859832,0
                -47.1443372,-21.0873246,0
                -47.1447073,-21.0876399,0
                -47.1444552,-21.0890564,0
                -47.1439885,-21.0894618,0
                -47.1432401,-21.0896344,0
                -47.1424583,-21.0896207,0
                -47.1417348,-21.0893836,0
                -47.1421401,-21.0885793,0
                -47.1419726,-21.0879619,0
                -47.1423824,-21.0875131,0
                -47.1430594,-21.0874489,0
                -47.1435052,-21.0864558,0
                -47.1467513,-21.0852624,0
                -47.146998,-21.0848019,0
                -47.147234,-21.083881,0
                -47.1472126,-21.0832002,0
                -47.1463275,-21.0827172,0
                -47.1450239,-21.0822342,0
                -47.1431194,-21.0808527,0
                -47.1437739,-21.0804574,0
                -47.1446269,-21.0810129,0
                -47.1455496,-21.0815785,0
                -47.1471804,-21.0823944,0
                -47.148264,-21.0830601,0
                -47.1490794,-21.0823193,0
                -47.1497017,-21.0823794,0
                -47.1499163,-21.0832803,0
                -47.1499806,-21.0841012,0
                -47.1504312,-21.084842,0
                -47.1516543,-21.0843815,0
                -47.1512037,-21.0833404,0
                -47.152062,-21.0832002,0
                -47.1525555,-21.0842213,0
                -47.1537143,-21.084882,0
                -47.1548302,-21.0840211,0
                -47.158195,-21.0811168,0
                -47.1597359,-21.0816761,0
                -47.1562088,-21.0845767,0
                -47.1578664,-21.0857729,0
                -47.1590359,-21.0873846,0
              </coordinates>
            </LinearRing>
          </outerBoundaryIs>
        </Polygon>
      </Placemark>
      <Placemark>
        <name>Itamogi - Hibrido

Capacidade: 04
Horário: Segunda á Sábado 
Das 08:00 às 17:00 horas
</name>
        <description>Itamogi</description>
        <styleUrl>#poly-673AB7-1200-77</styleUrl>
        <Polygon>
          <outerBoundaryIs>
            <LinearRing>
              <tessellate>1</tessellate>
              <coordinates>
                -47.0549512,-21.0768358,0
                -47.0553374,-21.077957,0
                -47.0531917,-21.0789181,0
                -47.0523763,-21.0780772,0
                -47.0524192,-21.0805999,0
                -47.0515609,-21.081561,0
                -47.0527625,-21.083443,0
                -47.052666,-21.0840036,0
                -47.0540715,-21.0850546,0
                -47.0548493,-21.0862909,0
                -47.0538354,-21.0871268,0
                -47.0524836,-21.0869917,0
                -47.0520544,-21.0869141,0
                -47.0529771,-21.0888086,0
                -47.0532131,-21.0891289,0
                -47.0539212,-21.0893291,0
                -47.0537281,-21.0907305,0
                -47.0510674,-21.0901099,0
                -47.0500266,-21.0899848,0
                -47.0485085,-21.0897096,0
                -47.0477843,-21.0903501,0
                -47.0475054,-21.0901299,0
                -47.046454,-21.0869667,0
                -47.0469904,-21.0871669,0
                -47.0472694,-21.0855051,0
                -47.0470205,-21.0853037,0
                -47.0467523,-21.0862697,0
                -47.0463338,-21.0861696,0
                -47.0462641,-21.085584,0
                -47.0458457,-21.0852487,0
                -47.0450303,-21.084563,0
                -47.0449874,-21.0842426,0
                -47.0452449,-21.0839823,0
                -47.044054,-21.0832816,0
                -47.044644,-21.0823406,0
                -47.045041,-21.0815698,0
                -47.0458886,-21.0809591,0
                -47.0455775,-21.0805987,0
                -47.044644,-21.0806488,0
                -47.0442256,-21.0811994,0
                -47.044054,-21.0821104,0
                -47.0434424,-21.0824007,0
                -47.0430347,-21.0817099,0
                -47.0410392,-21.0827811,0
                -47.0406851,-21.0837121,0
                -47.0401165,-21.0841525,0
                -47.0394084,-21.0843127,0
                -47.0388076,-21.0844228,0
                -47.0383677,-21.084643,0
                -47.03796,-21.0853938,0
                -47.0374343,-21.0856141,0
                -47.0367691,-21.085574,0
                -47.036061,-21.0849934,0
                -47.0358893,-21.0834718,0
                -47.0387539,-21.0821104,0
                -47.039462,-21.08176,0
                -47.0390436,-21.0811794,0
                -47.0391831,-21.080839,0
                -47.0372304,-21.0805687,0
                -47.0367369,-21.0799981,0
                -47.0355889,-21.0793073,0
                -47.0359,-21.0787067,0
                -47.0376167,-21.079017,0
                -47.0397732,-21.0780359,0
                -47.0412859,-21.0792373,0
                -47.0425197,-21.0786866,0
                -47.041994,-21.0778557,0
                -47.0412752,-21.0777306,0
                -47.0407602,-21.0767095,0
                -47.0406369,-21.0763041,0
                -47.0441237,-21.0753129,0
                -47.0446896,-21.0748574,0
                -47.0445917,-21.0746697,0
                -47.0452663,-21.0743819,0
                -47.0458242,-21.0737412,0
                -47.0461997,-21.0740815,0
                -47.0456847,-21.0745721,0
                -47.0458564,-21.0749025,0
                -47.0461783,-21.0747323,0
                -47.0470473,-21.075363,0
                -47.0467254,-21.0761438,0
                -47.0477554,-21.0759887,0
                -47.0478198,-21.0755532,0
                -47.0496115,-21.0739915,0
                -47.0496544,-21.0732206,0
                -47.050384,-21.0715287,0
                -47.0507273,-21.0713184,0
                -47.051532,-21.0720793,0
                -47.0525834,-21.0677343,0
                -47.0537206,-21.0679545,0
                -47.0542249,-21.068335,0
                -47.0550403,-21.0681047,0
                -47.0553836,-21.0680346,0
                -47.0561346,-21.0705876,0
                -47.0567891,-21.0703173,0
                -47.0574114,-21.0691559,0
                -47.0584628,-21.0693561,0
                -47.0590153,-21.0693962,0
                -47.0590744,-21.0701571,0
                -47.0582267,-21.0712584,0
                -47.0567891,-21.073601,0
                -47.0560917,-21.0740215,0
                -47.0559415,-21.0745721,0
                -47.0561775,-21.0755532,0
                -47.0557162,-21.0759636,0
                -47.0557699,-21.0763541,0
                -47.0549512,-21.0768358,0
              </coordinates>
            </LinearRing>
          </outerBoundaryIs>
        </Polygon>
      </Placemark>
      <Placemark>
        <name>Altinópolis - Hibrido

Capacidade: 04
Horário: Segunda à Sábado
08:00 até às 17:00 horas
</name>
        <styleUrl>#poly-673AB7-1200-77-nodesc</styleUrl>
        <Polygon>
          <outerBoundaryIs>
            <LinearRing>
              <tessellate>1</tessellate>
              <coordinates>
                -47.4064058,-21.0165833,0
                -47.4058479,-21.0181857,0
                -47.4058479,-21.0191071,0
                -47.4045604,-21.0200685,0
                -47.4030584,-21.0227124,0
                -47.3972648,-21.0203089,0
                -47.396503,-21.0215507,0
                -47.3951887,-21.02107,0
                -47.3946711,-21.0217109,0
                -47.3936183,-21.0213704,0
                -47.3925984,-21.0215607,0
                -47.3917394,-21.0229928,0
                -47.3896258,-21.0242847,0
                -47.3895829,-21.0214706,0
                -47.389025,-21.0215507,0
                -47.3869222,-21.0219112,0
                -47.3857635,-21.021791,0
                -47.3845189,-21.0221916,0
                -47.3845189,-21.0234335,0
                -47.3851627,-21.0234335,0
                -47.3854631,-21.024475,0
                -47.3852914,-21.0252761,0
                -47.385329,-21.0261675,0
                -47.3873942,-21.0256166,0
                -47.3876168,-21.0277522,0
                -47.3888694,-21.027965,0
                -47.3889714,-21.0299128,0
                -47.3850178,-21.0299579,0
                -47.3848434,-21.0264353,0
                -47.3844887,-21.0265161,0
                -47.3833723,-21.0267771,0
                -47.3823523,-21.0269229,0
                -47.3818796,-21.0267783,0
                -47.3816328,-21.0259972,0
                -47.3789078,-21.0256466,0
                -47.3787254,-21.0261174,0
                -47.3783177,-21.0267383,0
                -47.3782962,-21.0270988,0
                -47.377631,-21.0284006,0
                -47.376644,-21.0280401,0
                -47.376365,-21.0283406,0
                -47.3755496,-21.0288012,0
                -47.3731678,-21.0284207,0
                -47.3717302,-21.0289214,0
                -47.3705285,-21.0290215,0
                -47.3685115,-21.0273191,0
                -47.3684686,-21.026538,0
                -47.3690694,-21.0257769,0
                -47.3683828,-21.0254764,0
                -47.3674172,-21.0246753,0
                -47.3655503,-21.0249757,0
                -47.3639839,-21.0240744,0
                -47.3636192,-21.0244149,0
                -47.3606151,-21.0240744,0
                -47.3584747,-21.0236788,0
                -47.3577639,-21.0233559,0
                -47.3567742,-21.0222117,0
                -47.3565569,-21.0219625,0
                -47.3562431,-21.0217234,0
                -47.3554035,-21.0213591,0
                -47.3554022,-21.0203257,0
                -47.3555189,-21.0202838,0
                -47.3570531,-21.0198431,0
                -47.3585552,-21.0194676,0
                -47.3594564,-21.0192022,0
                -47.3649924,-21.0173444,0
                -47.367224,-21.0174045,0
                -47.3701208,-21.0175447,0
                -47.3715156,-21.0154616,0
                -47.3789399,-21.0163229,0
                -47.3783177,-21.0172242,0
                -47.3781031,-21.017745,0
                -47.3812359,-21.017705,0
                -47.3817294,-21.0168837,0
                -47.3973077,-21.0115356,0
                -47.3987454,-21.012477,0
                -47.3969858,-21.0129778,0
                -47.3986381,-21.0176048,0
                -47.3999684,-21.016383,0
                -47.3992175,-21.0139993,0
                -47.4002206,-21.0134284,0
                -47.398909,-21.0125871,0
                -47.3979193,-21.0114654,0
                -47.4003011,-21.0108945,0
                -47.4022108,-21.0124469,0
                -47.4020069,-21.0138191,0
                -47.4021357,-21.0150209,0
                -47.4026024,-21.0149533,0
                -47.4029618,-21.0143649,0
                -47.4068135,-21.0156919,0
                -47.4064058,-21.0165833,0
              </coordinates>
            </LinearRing>
          </outerBoundaryIs>
        </Polygon>
      </Placemark>
      <Placemark>
        <name>Serra Azul e Santa Cruz da Esperança - Hibrido

Capacidade: 04
Horário: Segunda à Sábado
08:00 até às 17:00 horas</name>
        <description>Serra Azul</description>
        <styleUrl>#poly-673AB7-1200-112</styleUrl>
        <Polygon>
          <outerBoundaryIs>
            <LinearRing>
              <tessellate>1</tessellate>
              <coordinates>
                -47.5663736,-21.302889,0
                -47.5670277,-21.3030187,0
                -47.5668612,-21.3036833,0
                -47.5669281,-21.3043954,0
                -47.5675839,-21.3055112,0
                -47.567547,-21.3064689,0
                -47.5702752,-21.3058682,0
                -47.5703089,-21.3071072,0
                -47.5719734,-21.3101853,0
                -47.5707828,-21.3109202,0
                -47.5670388,-21.3134142,0
                -47.5672265,-21.313859,0
                -47.5663386,-21.3143313,0
                -47.5685233,-21.3178257,0
                -47.5709675,-21.3165145,0
                -47.5715029,-21.3172582,0
                -47.5723608,-21.3168604,0
                -47.5740554,-21.3193511,0
                -47.5699356,-21.3216299,0
                -47.5690021,-21.3205055,0
                -47.5676663,-21.3212526,0
                -47.5674062,-21.3210865,0
                -47.5654414,-21.317955,0
                -47.5629356,-21.3194676,0
                -47.5625326,-21.3193811,0
                -47.5606872,-21.3169724,0
                -47.5595178,-21.3154882,0
                -47.5583966,-21.3151958,0
                -47.5569348,-21.3142701,0
                -47.5560598,-21.3140736,0
                -47.5550989,-21.314057,0
                -47.5538054,-21.3142004,0
                -47.5529089,-21.3143137,0
                -47.5523992,-21.3117799,0
                -47.552143,-21.3105067,0
                -47.5516724,-21.3086539,0
                -47.5525306,-21.3080244,0
                -47.5528952,-21.3085544,0
                -47.55444,-21.3074553,0
                -47.5554158,-21.307786,0
                -47.5557797,-21.3080876,0
                -47.5529884,-21.3098902,0
                -47.5529848,-21.310297,0
                -47.5548658,-21.310071,0
                -47.5555917,-21.3100488,0
                -47.5560456,-21.3102644,0
                -47.5563547,-21.31028,0
                -47.5566755,-21.3102679,0
                -47.5571956,-21.3102623,0
                -47.5575683,-21.3102646,0
                -47.5581892,-21.3102957,0
                -47.5589602,-21.3104167,0
                -47.5588688,-21.3099814,0
                -47.5595633,-21.3100036,0
                -47.5598033,-21.3096249,0
                -47.5586788,-21.3092057,0
                -47.5566681,-21.3083964,0
                -47.5566536,-21.308289,0
                -47.5562878,-21.308139,0
                -47.5564115,-21.3077855,0
                -47.5561032,-21.3076275,0
                -47.5553778,-21.3074473,0
                -47.5547254,-21.3071148,0
                -47.554132,-21.3065974,0
                -47.5535366,-21.3058977,0
                -47.553145,-21.3062375,0
                -47.5513935,-21.3077269,0
                -47.551183,-21.3067223,0
                -47.5518502,-21.3058002,0
                -47.553204,-21.305218,0
                -47.5539952,-21.3040435,0
                -47.5519427,-21.3028978,0
                -47.5492786,-21.3013022,0
                -47.5495036,-21.300938,0
                -47.5501094,-21.3004288,0
                -47.5526008,-21.3022063,0
                -47.5541637,-21.3032934,0
                -47.5542676,-21.3043206,0
                -47.5560846,-21.306135,0
                -47.5570364,-21.3066052,0
                -47.5575024,-21.3058862,0
                -47.5599148,-21.3073871,0
                -47.5611594,-21.3056079,0
                -47.561095,-21.3048382,0
                -47.561492,-21.3042135,0
                -47.5618192,-21.304141,0
                -47.5620747,-21.3046467,0
                -47.5621585,-21.3046927,0
                -47.5630771,-21.3044846,0
                -47.5633363,-21.3052073,0
                -47.5625011,-21.3054701,0
                -47.5627834,-21.3061757,0
                -47.5628495,-21.3070483,0
                -47.5633447,-21.3069813,0
                -47.5649128,-21.3065245,0
                -47.5663736,-21.302889,0
              </coordinates>
            </LinearRing>
          </outerBoundaryIs>
        </Polygon>
      </Placemark>
      <Placemark>
        <name>Guariba - Ativação e Câmera
Limite 04
Horário: Segunda à Sábado
08:00 até às 17:00 horas

Guariba - Suporte
Limite 07
Horário: Segunda à Segunda
08:00 até as 18:00 horas 

</name>
        <description>Guariba</description>
        <styleUrl>#poly-673AB7-1200-77</styleUrl>
        <Polygon>
          <outerBoundaryIs>
            <LinearRing>
              <tessellate>1</tessellate>
              <coordinates>
                -48.2526327,-21.3672775,0
                -48.2501866,-21.3660386,0
                -48.2487704,-21.365559,0
                -48.2482554,-21.3673575,0
                -48.2476975,-21.3691559,0
                -48.2487275,-21.3693158,0
                -48.244865,-21.3737918,0
                -48.2431054,-21.3733122,0
                -48.2428908,-21.3715938,0
                -48.2419896,-21.3716337,0
                -48.2419038,-21.3725929,0
                -48.2456589,-21.3762895,0
                -48.2397474,-21.3781978,0
                -48.238771,-21.3762695,0
                -48.2383418,-21.3752305,0
                -48.2264115,-21.3785074,0
                -48.2255102,-21.3753903,0
                -48.2269693,-21.3749507,0
                -48.2269263,-21.3722332,0
                -48.2222487,-21.3718735,0
                -48.2216479,-21.373512,0
                -48.221562,-21.3759898,0
                -48.2179999,-21.3757899,0
                -48.2184291,-21.3779479,0
                -48.2172276,-21.3786273,0
                -48.2150818,-21.3747109,0
                -48.2148243,-21.3728326,0
                -48.2116915,-21.368996,0
                -48.215983,-21.3665182,0
                -48.2167126,-21.3657189,0
                -48.2167555,-21.3636406,0
                -48.2166268,-21.3622418,0
                -48.215468,-21.3603633,0
                -48.2126785,-21.3581651,0
                -48.2114769,-21.3572059,0
                -48.210919,-21.355807,0
                -48.2115198,-21.3549676,0
                -48.2126356,-21.3548877,0
                -48.2137942,-21.3529692,0
                -48.2207466,-21.345095,0
                -48.2225061,-21.3466539,0
                -48.2265402,-21.3461343,0
                -48.2283425,-21.3444155,0
                -48.2285946,-21.3441782,0
                -48.2309926,-21.3459394,0
                -48.2348443,-21.3489822,0
                -48.2389534,-21.3500414,0
                -48.2401657,-21.3561867,0
                -48.2378161,-21.3559369,0
                -48.2373923,-21.3556021,0
                -48.233707,-21.3546079,0
                -48.2312608,-21.3528892,0
                -48.2311321,-21.3536487,0
                -48.233192,-21.3559269,0
                -48.2330203,-21.3575256,0
                -48.2372689,-21.3586447,0
                -48.2401443,-21.3613226,0
                -48.2410455,-21.3613625,0
                -48.2430625,-21.3624017,0
                -48.2452393,-21.3629034,0
                -48.2537581,-21.3643122,0
                -48.2540907,-21.3644022,0
                -48.2536937,-21.3655512,0
                -48.2526327,-21.3672775,0
              </coordinates>
            </LinearRing>
          </outerBoundaryIs>
        </Polygon>
      </Placemark>
      <Placemark>
        <name>EDIFICIO COMERCIAL PREMIUM 3</name>
        <styleUrl>#poly-F9A825-1200-184-nodesc</styleUrl>
        <Polygon>
          <outerBoundaryIs>
            <LinearRing>
              <tessellate>1</tessellate>
              <coordinates>
                -47.7700988,-21.2029244,0
                -47.7700559,-21.2031695,0
                -47.7698682,-21.2031695,0
                -47.7699218,-21.2028944,0
                -47.7700988,-21.2029244,0
              </coordinates>
            </LinearRing>
          </outerBoundaryIs>
        </Polygon>
      </Placemark>
      <Placemark>
        <name>AEROPORTO RIBEIRÃO PRETO</name>
        <styleUrl>#poly-F57C00-1200-92-nodesc</styleUrl>
        <Polygon>
          <outerBoundaryIs>
            <LinearRing>
              <tessellate>1</tessellate>
              <coordinates>
                -47.7813181,-21.1370492,0
                -47.7824017,-21.1392307,0
                -47.7819725,-21.1394809,0
                -47.7795049,-21.1388505,0
                -47.7783998,-21.1386003,0
                -47.7773592,-21.1384903,0
                -47.7765223,-21.1406317,0
                -47.7743657,-21.1400013,0
                -47.7759107,-21.1349678,0
                -47.7788612,-21.1356783,0
                -47.7789685,-21.1362787,0
                -47.7798804,-21.1372994,0
                -47.7810606,-21.136774,0
                -47.7813181,-21.1370492,0
              </coordinates>
            </LinearRing>
          </outerBoundaryIs>
        </Polygon>
      </Placemark>
      <Placemark>
        <name>Santa Cruz da Esperança e Serra Azul - Ativação e Suporte

Ativação: 04
Suporte: 04
Horário: Segunda à Sábado
08:00 até às 17:00 horas
</name>
        <description>Serra Azul</description>
        <styleUrl>#poly-673AB7-1200-77</styleUrl>
        <Polygon>
          <outerBoundaryIs>
            <LinearRing>
              <tessellate>1</tessellate>
              <coordinates>
                -47.5578497,-21.2986732,0
                -47.5594805,-21.3013121,0
                -47.558826,-21.3022318,0
                -47.5574098,-21.3030014,0
                -47.5557576,-21.3004025,0
                -47.5555001,-21.2998128,0
                -47.557678,-21.2984633,0
                -47.5578497,-21.2986732,0
              </coordinates>
            </LinearRing>
          </outerBoundaryIs>
        </Polygon>
      </Placemark>
      <Placemark>
        <name>Guariba - Ativação 
Limite 04
Horário: Segunda à Sábado
08:00 até às 17:00 horas

Guariba - Suporte
Limite 07
Horário: Segunda à Segunda
08:00 até as 18:00 horas 
</name>
        <description>Residencial Santa Cruz</description>
        <styleUrl>#poly-673AB7-1200-77</styleUrl>
        <Polygon>
          <outerBoundaryIs>
            <LinearRing>
              <tessellate>1</tessellate>
              <coordinates>
                -48.211,-21.353805,0
                -48.2099056,-21.3540848,0
                -48.2099807,-21.3544545,0
                -48.206644,-21.3549641,0
                -48.2060432,-21.3539549,0
                -48.2065046,-21.3537551,0
                -48.2066119,-21.3539649,0
                -48.2066333,-21.3541448,0
                -48.2072234,-21.3537551,0
                -48.2070196,-21.3533854,0
                -48.2072395,-21.3527159,0
                -48.2073119,-21.3523611,0
                -48.2074594,-21.3520364,0
                -48.2075506,-21.351899,0
                -48.2077062,-21.3518215,0
                -48.2078617,-21.3517341,0
                -48.2080602,-21.3516766,0
                -48.2085403,-21.3514893,0
                -48.2088327,-21.3520064,0
                -48.2092297,-21.3523061,0
                -48.2096561,-21.3518065,0
                -48.2098667,-21.3520476,0
                -48.2106942,-21.3516316,0
                -48.2107961,-21.3517866,0
                -48.2108712,-21.3519365,0
                -48.210949,-21.3522638,0
                -48.2109678,-21.352596,0
                -48.2106674,-21.3527159,0
                -48.211,-21.353805,0
              </coordinates>
            </LinearRing>
          </outerBoundaryIs>
        </Polygon>
      </Placemark>
      <Placemark>
        <name>HARAS</name>
        <description><![CDATA[ACOMPANHAR PELO FTTH CONDOMÍNIOS <br><br><br>https://docs.google.com/spreadsheets/d/15aH9Mufet_ENqw5jmv4ccyAPmNKlkaPQHrJ18vcQlwg/edit?gid=1251840970#gid=1251840970]]></description>
        <styleUrl>#poly-0288D1-1200-77</styleUrl>
        <Polygon>
          <outerBoundaryIs>
            <LinearRing>
              <tessellate>1</tessellate>
              <coordinates>
                -47.3115866,-21.2565816,0
                -47.3122089,-21.2566666,0
                -47.312917,-21.2569166,0
                -47.3129009,-21.2572566,0
                -47.3125576,-21.2581015,0
                -47.3119407,-21.2589664,0
                -47.3124342,-21.2593613,0
                -47.3123806,-21.2600412,0
                -47.3117315,-21.2606811,0
                -47.3108732,-21.2609611,0
                -47.3104118,-21.2608011,0
                -47.3104977,-21.2587414,0
                -47.3115866,-21.2565816,0
              </coordinates>
            </LinearRing>
          </outerBoundaryIs>
        </Polygon>
      </Placemark>
      <Placemark>
        <name>Cajuru - Ativação Hibrido
Ativação: 05
Horário: Segunda à Sábado
08:00 até às 17:00 horas

Cajuru e Cássia dos Coqueiros - Ativação Hibrido
Ativação: 05
Horário: Segunda à Sábado
08:00 até às 17:00 horas

Cajuru e Cássia - Terceiros Comum (ativ)
Horário: 08:00 até às 17:00 horas
Limite: Verificar bloqueio informativo.

-------------------------------------------
Cajuru - Suporte Hibrido
Limite: 07
Horário: Segunda à Segunda
08:00 até às 17:00 horas

Cajuru e Cássia dos Coqueiros - Suporte Hibrido
Limite: 07
Horário: Segunda à Segunda
08:00 até às 17:00 horas


</name>
        <description>Cajuru</description>
        <styleUrl>#poly-673AB7-1200-77</styleUrl>
        <Polygon>
          <outerBoundaryIs>
            <LinearRing>
              <tessellate>1</tessellate>
              <coordinates>
                -47.327792,-21.2752074,0
                -47.3273199,-21.2756473,0
                -47.3251741,-21.2751674,0
                -47.3232,-21.2766471,0
                -47.322728,-21.2776468,0
                -47.3265045,-21.2819657,0
                -47.3272341,-21.2814458,0
                -47.3285645,-21.2818857,0
                -47.3290794,-21.2830854,0
                -47.3291653,-21.284325,0
                -47.3277062,-21.2865243,0
                -47.3269337,-21.2849648,0
                -47.3274916,-21.284405,0
                -47.3276203,-21.2835252,0
                -47.3271912,-21.2829254,0
                -47.3261183,-21.2827255,0
                -47.3258608,-21.2825255,0
                -47.3252814,-21.2825055,0
                -47.3249167,-21.2821656,0
                -47.3248523,-21.2814858,0
                -47.3234146,-21.2796663,0
                -47.3220842,-21.2787866,0
                -47.3216765,-21.2792864,0
                -47.3205178,-21.2793064,0
                -47.320196,-21.2802462,0
                -47.3203676,-21.2817657,0
                -47.3195952,-21.2814858,0
                -47.3190802,-21.280966,0
                -47.319166,-21.2804861,0
                -47.3183506,-21.2794664,0
                -47.3179429,-21.2796863,0
                -47.3180073,-21.2799862,0
                -47.3176425,-21.2801262,0
                -47.3169773,-21.2806661,0
                -47.316355,-21.2818657,0
                -47.3152178,-21.2814858,0
                -47.314338,-21.2819857,0
                -47.3146813,-21.2826255,0
                -47.3145955,-21.2833453,0
                -47.3135012,-21.284265,0
                -47.312836,-21.2867643,0
                -47.3129058,-21.2869892,0
                -47.3121038,-21.2882313,0
                -47.311279,-21.2877927,0
                -47.3111617,-21.2870385,0
                -47.3110765,-21.2862444,0
                -47.3106688,-21.2858645,0
                -47.3115271,-21.2829054,0
                -47.3091667,-21.2803461,0
                -47.3071282,-21.281006,0
                -47.3074716,-21.284345,0
                -47.3073428,-21.284505,0
                -47.3053687,-21.284485,0
                -47.305476,-21.2853247,0
                -47.3045748,-21.2854247,0
                -47.3047679,-21.2869242,0
                -47.3050039,-21.2887636,0
                -47.3053902,-21.2903031,0
                -47.307611,-21.290473,0
                -47.3072999,-21.2917426,0
                -47.3057335,-21.2910429,0
                -47.3046392,-21.2912828,0
                -47.3053902,-21.2933421,0
                -47.3040169,-21.2938619,0
                -47.3023646,-21.2943417,0
                -47.3027938,-21.2912028,0
                -47.3030942,-21.290543,0
                -47.3036306,-21.2904031,0
                -47.3038881,-21.2872441,0
                -47.3037809,-21.2865243,0
                -47.3031371,-21.2854847,0
                -47.3035234,-21.2849648,0
                -47.3034804,-21.2840451,0
                -47.3023003,-21.2834453,0
                -47.3018497,-21.2822456,0
                -47.3011416,-21.2825255,0
                -47.3004335,-21.2823856,0
                -47.2994249,-21.2830654,0
                -47.300133,-21.2836252,0
                -47.2996824,-21.284205,0
                -47.2984379,-21.2831853,0
                -47.2979229,-21.2835852,0
                -47.2984379,-21.284305,0
                -47.29685,-21.2861645,0
                -47.295863,-21.2867843,0
                -47.2946184,-21.287604,0
                -47.2926658,-21.2884837,0
                -47.2920006,-21.2879639,0
                -47.2931164,-21.2873641,0
                -47.2924512,-21.2864844,0
                -47.2938674,-21.2854847,0
                -47.2935241,-21.284445,0
                -47.2943824,-21.2838452,0
                -47.2941464,-21.2834653,0
                -47.2949403,-21.2833653,0
                -47.2954982,-21.2828654,0
                -47.2946613,-21.2821057,0
                -47.2933524,-21.2816858,0
                -47.2930735,-21.280706,0
                -47.2926318,-21.2806106,0
                -47.2927016,-21.2801357,0
                -47.2927713,-21.2799158,0
                -47.2927301,-21.2793064,0
                -47.2926658,-21.2789265,0
                -47.292816,-21.2782067,0
                -47.2926014,-21.2772269,0
                -47.2920864,-21.276887,0
                -47.2933739,-21.2750875,0
                -47.2913569,-21.2742677,0
                -47.2904556,-21.2739077,0
                -47.2899621,-21.2742876,0
                -47.2891467,-21.2762872,0
                -47.2830957,-21.2715283,0
                -47.2837394,-21.2707684,0
                -47.2896188,-21.2734278,0
                -47.2905844,-21.2730679,0
                -47.2918933,-21.2694087,0
                -47.2922206,-21.2685789,0
                -47.2925693,-21.2686689,0
                -47.293787,-21.2694836,0
                -47.2961151,-21.2691837,0
                -47.2968125,-21.2692237,0
                -47.2972792,-21.2702685,0
                -47.2976869,-21.2698886,0
                -47.2976654,-21.2689688,0
                -47.2987598,-21.2689088,0
                -47.2987812,-21.2670491,0
                -47.2974938,-21.2661293,0
                -47.296099,-21.2653494,0
                -47.2947043,-21.2638897,0
                -47.2935885,-21.2609301,0
                -47.293288,-21.2597903,0
                -47.2939962,-21.2583704,0
                -47.2947257,-21.2585304,0
                -47.2961634,-21.2593103,0
                -47.2971075,-21.2609301,0
                -47.2981375,-21.2631498,0
                -47.2992318,-21.2642496,0
                -47.2997254,-21.2644896,0
                -47.3009914,-21.2625499,0
                -47.3026007,-21.2634897,0
                -47.3035019,-21.2632098,0
                -47.3101752,-21.2664092,0
                -47.3102825,-21.2639297,0
                -47.3119991,-21.2643096,0
                -47.3126214,-21.2655894,0
                -47.3115056,-21.2664092,0
                -47.31054,-21.2666292,0
                -47.3107546,-21.2680489,0
                -47.3120045,-21.268129,0
                -47.3130425,-21.2685164,0
                -47.3134636,-21.2696361,0
                -47.3115485,-21.2709084,0
                -47.3117631,-21.2715882,0
                -47.3124068,-21.2715882,0
                -47.312836,-21.272508,0
                -47.3134797,-21.272568,0
                -47.3140162,-21.2738278,0
                -47.3175138,-21.2734878,0
                -47.3178571,-21.2742077,0
                -47.3179429,-21.2757673,0
                -47.3165052,-21.2758473,0
                -47.3166125,-21.2762272,0
                -47.3173206,-21.2765071,0
                -47.3191069,-21.276842,0
                -47.3192357,-21.277022,0
                -47.3190198,-21.2774069,0
                -47.3213118,-21.2784791,0
                -47.3216605,-21.2778568,0
                -47.3218911,-21.2773544,0
                -47.3218053,-21.277047,0
                -47.3259037,-21.2732279,0
                -47.3269122,-21.2736878,0
                -47.3263972,-21.2742277,0
                -47.3262899,-21.2744476,0
                -47.327792,-21.2752074,0
              </coordinates>
            </LinearRing>
          </outerBoundaryIs>
        </Polygon>
      </Placemark>
      <Placemark>
        <name>SÃO SEBASTIÃO</name>
        <description><![CDATA[ACOMPANHAR PELO FTTH CONDOMÍNIOS <br><br>https://docs.google.com/spreadsheets/d/15aH9Mufet_ENqw5jmv4ccyAPmNKlkaPQHrJ18vcQlwg/edit?gid=488916563#gid=488916563]]></description>
        <styleUrl>#poly-0288D1-1200-77</styleUrl>
        <Polygon>
          <outerBoundaryIs>
            <LinearRing>
              <tessellate>1</tessellate>
              <coordinates>
                -47.2860464,-21.2892057,0
                -47.2862932,-21.2897756,0
                -47.2859069,-21.2898356,0
                -47.2855529,-21.2908652,0
                -47.2850808,-21.2920948,0
                -47.282935,-21.2919848,0
                -47.2850701,-21.2863667,0
                -47.2862073,-21.2868365,0
                -47.2859713,-21.2877762,0
                -47.2900218,-21.2877808,0
                -47.2904459,-21.2870456,0
                -47.2910795,-21.2871746,0
                -47.2911666,-21.2878726,0
                -47.2920704,-21.2879489,0
                -47.2922905,-21.2880925,0
                -47.2904264,-21.2892739,0
                -47.2919084,-21.2901346,0
                -47.2927351,-21.2908648,0
                -47.2921186,-21.2919496,0
                -47.289643,-21.2908326,0
                -47.2886842,-21.2902741,0
                -47.2901468,-21.2892551,0
                -47.290288,-21.2881358,0
                -47.2860456,-21.287956,0
                -47.2854295,-21.2886959,0
                -47.2860464,-21.2892057,0
              </coordinates>
            </LinearRing>
          </outerBoundaryIs>
        </Polygon>
      </Placemark>
      <Placemark>
        <name>Jaboticabal - Ativação, Serviços e Suporte

Capacidade: 04
Horário: Segunda à Segunda
08:00 até às 18:00 horas
</name>
        <description>Jaboticabal</description>
        <styleUrl>#poly-673AB7-1200-77</styleUrl>
        <Polygon>
          <outerBoundaryIs>
            <LinearRing>
              <tessellate>1</tessellate>
              <coordinates>
                -48.3306867,-21.2842499,0
                -48.330267,-21.2840168,0
                -48.3287328,-21.2834969,0
                -48.3295803,-21.2816475,0
                -48.328132,-21.2810076,0
                -48.3285235,-21.279483,0
                -48.3271207,-21.2789706,0
                -48.3261081,-21.2790443,0
                -48.3260525,-21.2775016,0
                -48.3237212,-21.2752314,0
                -48.3229418,-21.2768156,0
                -48.3231529,-21.2813267,0
                -48.3183858,-21.2795595,0
                -48.3157946,-21.2788146,0
                -48.307418,-21.2758228,0
                -48.3054291,-21.2752666,0
                -48.3020419,-21.2734989,0
                -48.3007456,-21.2723151,0
                -48.3042671,-21.2700006,0
                -48.3040121,-21.2690459,0
                -48.3023864,-21.2676163,0
                -48.3016238,-21.2682764,0
                -48.3000989,-21.2661574,0
                -48.2987655,-21.2672783,0
                -48.296016,-21.2682792,0
                -48.2936113,-21.2686197,0
                -48.2882032,-21.2651905,0
                -48.2887178,-21.2641159,0
                -48.2905202,-21.2646184,0
                -48.2918502,-21.2625212,0
                -48.2919671,-21.2609259,0
                -48.2950755,-21.2581475,0
                -48.2917896,-21.2562488,0
                -48.2940582,-21.2541713,0
                -48.2942394,-21.2537158,0
                -48.2942693,-21.252855,0
                -48.2947132,-21.2516047,0
                -48.2973813,-21.2495396,0
                -48.3008184,-21.249997,0
                -48.3012085,-21.2497943,0
                -48.3022478,-21.2484606,0
                -48.2992961,-21.2414469,0
                -48.3042168,-21.2372906,0
                -48.3065197,-21.2383743,0
                -48.3077351,-21.2379017,0
                -48.3075049,-21.2371565,0
                -48.3085575,-21.236316,0
                -48.3103396,-21.2372256,0
                -48.3140469,-21.2365654,0
                -48.3150077,-21.234625,0
                -48.3155453,-21.2326844,0
                -48.3230667,-21.2315141,0
                -48.3196179,-21.2351292,0
                -48.3194732,-21.2361041,0
                -48.3215339,-21.2375039,0
                -48.3224782,-21.2383639,0
                -48.3226929,-21.2389139,0
                -48.3270489,-21.2389789,0
                -48.3271012,-21.2395886,0
                -48.329546,-21.2396283,0
                -48.3294093,-21.2374126,0
                -48.3269631,-21.2374045,0
                -48.3261156,-21.2368664,0
                -48.3258635,-21.2343051,0
                -48.3380759,-21.2344445,0
                -48.335041,-21.2370346,0
                -48.3384645,-21.2401037,0
                -48.343969,-21.2362639,0
                -48.3457397,-21.2413432,0
                -48.3464305,-21.2427646,0
                -48.3487611,-21.2453718,0
                -48.3508739,-21.2444724,0
                -48.3526278,-21.2413727,0
                -48.3542149,-21.2417099,0
                -48.3495468,-21.2533656,0
                -48.3479703,-21.2584494,0
                -48.344913,-21.2585377,0
                -48.3411087,-21.2590433,0
                -48.3404857,-21.2612828,0
                -48.3394904,-21.2629324,0
                -48.3430014,-21.2642221,0
                -48.3390797,-21.2731605,0
                -48.3386181,-21.2745202,0
                -48.3340039,-21.2754798,0
                -48.3330139,-21.2754795,0
                -48.3328527,-21.2788782,0
                -48.3326808,-21.27936,0
                -48.3306867,-21.2842499,0
              </coordinates>
            </LinearRing>
          </outerBoundaryIs>
          <innerBoundaryIs>
            <LinearRing>
              <tessellate>1</tessellate>
              <coordinates>
                -48.3325543,-21.2749092,0
                -48.3330139,-21.2754795,0
                -48.3325889,-21.2751194,0
                -48.3319923,-21.2754792,0
                -48.3325543,-21.2749092,0
              </coordinates>
            </LinearRing>
          </innerBoundaryIs>
          <innerBoundaryIs>
            <LinearRing>
              <tessellate>1</tessellate>
              <coordinates>
                -48.3347925,-21.2819975,0
                -48.3338064,-21.2822733,0
                -48.3333402,-21.2790322,0
                -48.3333031,-21.2788002,0
                -48.3332789,-21.2786243,0
                -48.3333836,-21.2769387,0
                -48.3335841,-21.2769499,0
                -48.3337202,-21.2782808,0
                -48.3359666,-21.2780734,0
                -48.336078,-21.2804853,0
                -48.3356959,-21.2814175,0
                -48.3347925,-21.2819975,0
              </coordinates>
            </LinearRing>
          </innerBoundaryIs>
          <innerBoundaryIs>
            <LinearRing>
              <tessellate>1</tessellate>
              <coordinates>
                -48.3495468,-21.2533656,0
                -48.3438276,-21.2510415,0
                -48.3430605,-21.2519164,0
                -48.3414565,-21.2501965,0
                -48.3425145,-21.2495131,0
                -48.3440475,-21.2510865,0
                -48.3495468,-21.2533656,0
              </coordinates>
            </LinearRing>
          </innerBoundaryIs>
        </Polygon>
      </Placemark>
      <Placemark>
        <name>CEASA</name>
        <styleUrl>#poly-F57C00-1200-120-nodesc</styleUrl>
        <Polygon>
          <outerBoundaryIs>
            <LinearRing>
              <tessellate>1</tessellate>
              <coordinates>
                -47.8016979,-21.0857115,0
                -47.8007323,-21.0850509,0
                -47.8027494,-21.0820877,0
                -47.80747,-21.0848506,0
                -47.8063114,-21.0865324,0
                -47.8042728,-21.0855514,0
                -47.8032643,-21.0866926,0
                -47.8016979,-21.0857115,0
              </coordinates>
            </LinearRing>
          </outerBoundaryIs>
        </Polygon>
      </Placemark>
      <Placemark>
        <name>FTTH LAGOINHA</name>
        <styleUrl>#poly-F57C00-1200-138-nodesc</styleUrl>
        <Polygon>
          <outerBoundaryIs>
            <LinearRing>
              <tessellate>1</tessellate>
              <coordinates>
                -47.77072,-21.1932619,0
                -47.7714067,-21.1941622,0
                -47.7720719,-21.1948824,0
                -47.7726942,-21.1956227,0
                -47.7611928,-21.2038649,0
                -47.758811,-21.2010042,0
                -47.7585964,-21.193642,0
                -47.7599054,-21.1934219,0
                -47.7605706,-21.1940621,0
                -47.7615361,-21.1940421,0
                -47.7628451,-21.1956826,0
                -47.7680325,-21.1919815,0
                -47.7690061,-21.1930818,0
                -47.7699798,-21.1923616,0
                -47.77072,-21.1932619,0
              </coordinates>
            </LinearRing>
          </outerBoundaryIs>
        </Polygon>
      </Placemark>
      <Placemark>
        <name>FTTH ÁREA NOVO SHOPPING</name>
        <styleUrl>#poly-F57C00-1200-110-nodesc</styleUrl>
        <Polygon>
          <outerBoundaryIs>
            <LinearRing>
              <tessellate>1</tessellate>
              <coordinates>
                -47.7675953,-21.2015916,0
                -47.7678528,-21.203002,0
                -47.7690866,-21.2057727,0
                -47.7695909,-21.207373,0
                -47.7693119,-21.2075131,0
                -47.7688184,-21.2093435,0
                -47.768239,-21.2094035,0
                -47.7610829,-21.2066429,0
                -47.7610829,-21.2054626,0
                -47.7606537,-21.2048424,0
                -47.7664366,-21.2008014,0
                -47.7670267,-21.2008714,0
                -47.7675953,-21.2015916,0
              </coordinates>
            </LinearRing>
          </outerBoundaryIs>
        </Polygon>
      </Placemark>
      <Placemark>
        <name>FTTH BORAFOGO RIBEIRÃO PRETO</name>
        <styleUrl>#poly-F57C00-1200-77-nodesc</styleUrl>
        <Polygon>
          <outerBoundaryIs>
            <LinearRing>
              <tessellate>1</tessellate>
              <coordinates>
                -47.7912197,-21.2016964,0
                -47.7913753,-21.2025816,0
                -47.7910159,-21.2032868,0
                -47.7900503,-21.2036169,0
                -47.7890632,-21.2031868,0
                -47.7889774,-21.2023266,0
                -47.7894172,-21.2012162,0
                -47.7904794,-21.2010162,0
                -47.7912197,-21.2016964,0
              </coordinates>
            </LinearRing>
          </outerBoundaryIs>
        </Polygon>
      </Placemark>
      <Placemark>
        <name>DISTRITO INDUSTRIAL PREFEITO LUIZ JABARI</name>
        <styleUrl>#poly-F57C00-1200-117-nodesc</styleUrl>
        <Polygon>
          <outerBoundaryIs>
            <LinearRing>
              <tessellate>1</tessellate>
              <coordinates>
                -47.8084094,-21.0963763,0
                -47.8077656,-21.0997596,0
                -47.8052122,-21.1011008,0
                -47.8044397,-21.1017214,0
                -47.8027445,-21.1020217,0
                -47.7992684,-21.0994993,0
                -47.7965862,-21.0948548,0
                -47.7966506,-21.0906706,0
                -47.7988392,-21.0876275,0
                -47.8057701,-21.0919319,0
                -47.8045684,-21.0935936,0
                -47.8084094,-21.0963763,0
              </coordinates>
            </LinearRing>
          </outerBoundaryIs>
        </Polygon>
      </Placemark>
      <Placemark>
        <name>Santa Rosa de Viterbo - Hibrido

Ativação e Suporte: 04
Horário: Segunda à Segunda
08:00 até às 20:00 horas
---------------------------------
Santa Rosa de Viterbo Terceiros

Ativação: 05
Horário: Segunda à Segunda
08:00 até às 17:00 horas</name>
        <description>Nhumirim</description>
        <styleUrl>#poly-673AB7-1200-77</styleUrl>
        <Polygon>
          <outerBoundaryIs>
            <LinearRing>
              <tessellate>1</tessellate>
              <coordinates>
                -47.3690472,-21.5237653,0
                -47.3703265,-21.5253649,0
                -47.3709017,-21.5252964,0
                -47.3723588,-21.5259009,0
                -47.3720134,-21.5268148,0
                -47.3729255,-21.5278606,0
                -47.3710052,-21.529046,0
                -47.3695762,-21.5266841,0
                -47.3680999,-21.52709,0
                -47.3669563,-21.5277355,0
                -47.3659887,-21.5270508,0
                -47.3638978,-21.5271126,0
                -47.3634854,-21.5264249,0
                -47.3621932,-21.525817,0
                -47.3625961,-21.5252624,0
                -47.3629776,-21.5252268,0
                -47.3637405,-21.5241774,0
                -47.3648158,-21.5251127,0
                -47.3652283,-21.525127,0
                -47.3680273,-21.5241375,0
                -47.3674347,-21.5223477,0
                -47.3680866,-21.5221549,0
                -47.3690472,-21.5237653,0
              </coordinates>
            </LinearRing>
          </outerBoundaryIs>
        </Polygon>
      </Placemark>
      <Placemark>
        <name>CHÁCARAS SÃO JOSÉ</name>
        <description><![CDATA[ACOMPANHAR PELO FTTH CONDOMÍNIOS <br><br>https://docs.google.com/spreadsheets/d/15aH9Mufet_ENqw5jmv4ccyAPmNKlkaPQHrJ18vcQlwg/edit?gid=1251840970#gid=1251840970]]></description>
        <styleUrl>#poly-0288D1-1200-77</styleUrl>
        <Polygon>
          <outerBoundaryIs>
            <LinearRing>
              <tessellate>1</tessellate>
              <coordinates>
                -47.3180116,-21.254328,0
                -47.3154471,-21.2543549,0
                -47.3159517,-21.2534681,0
                -47.3154582,-21.2518882,0
                -47.3124326,-21.2519482,0
                -47.3133124,-21.2493684,0
                -47.314278,-21.2479085,0
                -47.314278,-21.2452686,0
                -47.3151577,-21.2444086,0
                -47.3183764,-21.2441686,0
                -47.320329,-21.2451086,0
                -47.3204792,-21.2464885,0
                -47.3188485,-21.2470285,0
                -47.317325,-21.2479885,0
                -47.316531,-21.2481085,0
                -47.316295,-21.2500884,0
                -47.3179043,-21.2528482,0
                -47.3180116,-21.254328,0
              </coordinates>
            </LinearRing>
          </outerBoundaryIs>
        </Polygon>
      </Placemark>
      <Placemark>
        <name>Cajuru - Ativação Hibrido
Ativação: 05
Horário: Segunda à Sábado
08:00 até às 17:00 horas

Cajuru e Cássia dos Coqueiros - Ativação Hibrido
Ativação: 05
Horário: Segunda à Sábado
08:00 até às 17:00 horas

Cajuru e Cássia - Terceiros Comum (ativ)
Horário: 08:00 até às 17:00 horas
Limite: Verificar bloqueio informativo.

-------------------------------------------
Cajuru - Suporte Hibrido
Limite: 07
Horário: Segunda à Segunda
08:00 até às 17:00 horas

Cajuru e Cássia dos Coqueiros - Suporte Hibrido
Limite: 07
Horário: Segunda à Segunda
08:00 até às 17:00 horas</name>
        <description>Brejo Grande</description>
        <styleUrl>#poly-673AB7-1200-77</styleUrl>
        <Polygon>
          <outerBoundaryIs>
            <LinearRing>
              <tessellate>1</tessellate>
              <coordinates>
                -47.3118096,-21.2461416,0
                -47.3119383,-21.2463216,0
                -47.311713,-21.2472316,0
                -47.3109835,-21.2477716,0
                -47.3114663,-21.2481116,0
                -47.311713,-21.2487715,0
                -47.311359,-21.2490115,0
                -47.3118096,-21.2497115,0
                -47.3115092,-21.2503114,0
                -47.3110156,-21.2505214,0
                -47.3107152,-21.2499815,0
                -47.3096444,-21.2483692,0
                -47.3093634,-21.2478416,0
                -47.3095565,-21.2476416,0
                -47.3096424,-21.2473116,0
                -47.3094707,-21.2470516,0
                -47.3099642,-21.2467616,0
                -47.3102646,-21.2471916,0
                -47.3115414,-21.2460317,0
                -47.3118096,-21.2461416,0
              </coordinates>
            </LinearRing>
          </outerBoundaryIs>
        </Polygon>
      </Placemark>
      <Placemark>
        <name>Santa Rita do Passa Quatro - Ativação e Suporte
Ativação e Suporte: 03
Horário: Segunda à Sábado
08:00 até às 17:00 horas
</name>
        <description>Santa Rita do Passa a Quatro</description>
        <styleUrl>#poly-673AB7-1200-77</styleUrl>
        <Polygon>
          <outerBoundaryIs>
            <LinearRing>
              <tessellate>1</tessellate>
              <coordinates>
                -47.4935998,-21.7181866,0
                -47.4956576,-21.7249656,0
                -47.4979857,-21.7271981,0
                -47.4964085,-21.7288726,0
                -47.4954213,-21.7294905,0
                -47.492911,-21.7201217,0
                -47.4913447,-21.718507,0
                -47.4905937,-21.7168126,0
                -47.488834,-21.7156563,0
                -47.4872114,-21.7175792,0
                -47.4868252,-21.7178782,0
                -47.4857307,-21.7171207,0
                -47.4847866,-21.7189746,0
                -47.48425,-21.7200311,0
                -47.4834991,-21.7197521,0
                -47.4806669,-21.7229814,0
                -47.4777056,-21.7207089,0
                -47.4754527,-21.7189946,0
                -47.475281,-21.7196325,0
                -47.4761178,-21.7239781,0
                -47.4753454,-21.7247754,0
                -47.4720409,-21.7223036,0
                -47.4723198,-21.721885,0
                -47.4708821,-21.7206491,0
                -47.4711396,-21.7202504,0
                -47.4695945,-21.7181374,0
                -47.4721697,-21.7168217,0
                -47.4724484,-21.7165825,0
                -47.4679585,-21.7131687,0
                -47.4676769,-21.7128472,0
                -47.4641137,-21.7154475,0
                -47.460948,-21.7173356,0
                -47.4608721,-21.7172303,0
                -47.4551697,-21.7093908,0
                -47.4562266,-21.70808,0
                -47.4622829,-21.7162685,0
                -47.4653219,-21.7144021,0
                -47.4674918,-21.7127449,0
                -47.4634362,-21.7090669,0
                -47.4627925,-21.7079306,0
                -47.4623849,-21.7063157,0
                -47.4636722,-21.7049401,0
                -47.465153,-21.707492,0
                -47.465389,-21.7079306,0
                -47.4639726,-21.7086682,0
                -47.464874,-21.7095055,0
                -47.467642,-21.7084688,0
                -47.4673416,-21.7076714,0
                -47.4674274,-21.7061363,0
                -47.4689294,-21.7036443,0
                -47.4716332,-21.7052192,0
                -47.4718478,-21.7043221,0
                -47.4683929,-21.7022288,0
                -47.4672771,-21.7015709,0
                -47.4685218,-21.7001155,0
                -47.4677706,-21.6990189,0
                -47.4696589,-21.6985006,0
                -47.4699164,-21.6989591,0
                -47.4708177,-21.6991585,0
                -47.4709465,-21.6982214,0
                -47.4718049,-21.6961479,0
                -47.472985,-21.6944732,0
                -47.4731352,-21.6940545,0
                -47.4729205,-21.6926389,0
                -47.4730064,-21.6918613,0
                -47.4710323,-21.6877141,0
                -47.4711825,-21.6874549,0
                -47.4724915,-21.6865377,0
                -47.4724699,-21.6843644,0
                -47.4736286,-21.6842647,0
                -47.4750985,-21.6833275,0
                -47.4762894,-21.683507,0
                -47.4808814,-21.6842447,0
                -47.4789286,-21.6898077,0
                -47.478757,-21.6905454,0
                -47.4798299,-21.6910638,0
                -47.481096,-21.6920607,0
                -47.481053,-21.6913828,0
                -47.4835635,-21.6909441,0
                -47.4831558,-21.68905,0
                -47.485087,-21.6887509,0
                -47.4850226,-21.6880929,0
                -47.487898,-21.6878936,0
                -47.487426,-21.6872555,0
                -47.4884558,-21.686777,0
                -47.4931979,-21.6864978,0
                -47.4927688,-21.6900868,0
                -47.4932623,-21.6905055,0
                -47.4935629,-21.6923398,0
                -47.4938203,-21.6934763,0
                -47.4947215,-21.692619,0
                -47.4965241,-21.6919411,0
                -47.4956227,-21.6891497,0
                -47.4962236,-21.687435,0
                -47.4982836,-21.6838459,0
                -47.4993778,-21.6825499,0
                -47.5025107,-21.6835269,0
                -47.5031331,-21.6831481,0
                -47.50427,-21.6834671,0
                -47.501631,-21.6924794,0
                -47.5046777,-21.6919809,0
                -47.5046563,-21.6924794,0
                -47.5088192,-21.691642,0
                -47.5089266,-21.6923797,0
                -47.5106003,-21.6919411,0
                -47.5118018,-21.6930177,0
                -47.5127032,-21.6943536,0
                -47.507725,-21.6953704,0
                -47.5059655,-21.6951112,0
                -47.505708,-21.6976034,0
                -47.5046134,-21.6974838,0
                -47.5030043,-21.6967859,0
                -47.5027039,-21.6975037,0
                -47.5041628,-21.7013515,0
                -47.5032189,-21.7023484,0
                -47.4999787,-21.7033851,0
                -47.4981334,-21.702787,0
                -47.4970606,-21.7010724,0
                -47.4959447,-21.6983809,0
                -47.4965241,-21.6962277,0
                -47.4961592,-21.6938152,0
                -47.4942281,-21.6941542,0
                -47.494126,-21.6941891,0
                -47.4940188,-21.6942788,0
                -47.4933536,-21.694847,0
                -47.493064,-21.6945579,0
                -47.4929701,-21.6946352,0
                -47.493253,-21.6949454,0
                -47.4926455,-21.6954053,0
                -47.493544,-21.6961156,0
                -47.4931336,-21.6964271,0
                -47.4924685,-21.6961479,0
                -47.4919535,-21.6966863,0
                -47.4932356,-21.6980271,0
                -47.4941529,-21.6987697,0
                -47.4918354,-21.7012419,0
                -47.4907357,-21.6999509,0
                -47.4902368,-21.7005341,0
                -47.4907948,-21.7020493,0
                -47.4913742,-21.7021889,0
                -47.4921036,-21.7053987,0
                -47.4907519,-21.7057974,0
                -47.4912455,-21.7078109,0
                -47.4924899,-21.7071331,0
                -47.4931764,-21.7076116,0
                -47.4926829,-21.7085286,0
                -47.4928172,-21.7089672,0
                -47.4931873,-21.7093958,0
                -47.4939491,-21.7102431,0
                -47.4924471,-21.7120373,0
                -47.4927474,-21.7133331,0
                -47.4936487,-21.7172204,0
                -47.5000431,-21.7163233,0
                -47.5001451,-21.7180028,0
                -47.4962357,-21.7186536,0
                -47.4959038,-21.7175537,0
                -47.4935998,-21.7181866,0
              </coordinates>
            </LinearRing>
          </outerBoundaryIs>
        </Polygon>
      </Placemark>
      <Placemark>
        <name>NEW OFFICE</name>
        <description><![CDATA[POSSUI INFRAESTRUTURA<br>--------------------------------------<br>COMERCIAL.]]></description>
        <styleUrl>#poly-F57C00-1200-77</styleUrl>
        <Polygon>
          <outerBoundaryIs>
            <LinearRing>
              <tessellate>1</tessellate>
              <coordinates>
                -47.7701158,-21.1983007,0
                -47.7705396,-21.1988758,0
                -47.7701158,-21.1991609,0
                -47.7696544,-21.1985607,0
                -47.7701158,-21.1983007,0
              </coordinates>
            </LinearRing>
          </outerBoundaryIs>
        </Polygon>
      </Placemark>
      <Placemark>
        <name>COND CASTELO BRANCO</name>
        <description><![CDATA[POSSUI INFRAESTRUTURA<br>---------------------------------------------------------<br>COMERCIAL]]></description>
        <styleUrl>#poly-F57C00-1200-77</styleUrl>
        <Polygon>
          <outerBoundaryIs>
            <LinearRing>
              <tessellate>1</tessellate>
              <coordinates>
                -47.77062,-21.1979606,0
                -47.771076,-21.1984757,0
                -47.77062,-21.1987958,0
                -47.7701802,-21.1982006,0
                -47.770561,-21.1979156,0
                -47.77062,-21.1979606,0
              </coordinates>
            </LinearRing>
          </outerBoundaryIs>
        </Polygon>
      </Placemark>
      <Placemark>
        <name>Batatais - Alcans (ativ e sup)
Ativação: 03
Suporte: 04
Horário: Segunda à Sábado
08:00 até às 18:00 horas

Batatais - Terceiros Comum (ativ)
Horário: 08:00 até às 17:00 horas
Limite: Verificar bloqueio informativo.
--------------------------------
</name>
        <description>Batatais</description>
        <styleUrl>#poly-673AB7-1200-77</styleUrl>
        <Polygon>
          <outerBoundaryIs>
            <LinearRing>
              <tessellate>1</tessellate>
              <coordinates>
                -47.5641932,-20.8931889,0
                -47.5637212,-20.8974086,0
                -47.5620582,-20.896286,0
                -47.5605347,-20.8968073,0
                -47.5590112,-20.8976191,0
                -47.5595906,-20.8940308,0
                -47.5620904,-20.893239,0
                -47.5641932,-20.8931889,0
              </coordinates>
            </LinearRing>
          </outerBoundaryIs>
        </Polygon>
      </Placemark>
      <Placemark>
        <name>Batatais - Alcans (ativ e sup)
Ativação: 03
Suporte: 04
Horário: Segunda à Sábado
08:00 até às 18:00 horas

Batatais - Terceiros Comum (ativ)
Horário: 08:00 até às 17:00 horas
Limite: Verificar bloqueio informativo.
--------------------------------
</name>
        <description>Batatais</description>
        <styleUrl>#poly-673AB7-1200-77</styleUrl>
        <Polygon>
          <outerBoundaryIs>
            <LinearRing>
              <tessellate>1</tessellate>
              <coordinates>
                -47.5940563,-20.8720339,0
                -47.5938095,-20.8719938,0
                -47.593713,-20.8724248,0
                -47.5919799,-20.8720696,0
                -47.5920393,-20.8706805,0
                -47.5909235,-20.870881,0
                -47.5900652,-20.8697582,0
                -47.5889708,-20.8662494,0
                -47.5888206,-20.8642243,0
                -47.5890781,-20.8634223,0
                -47.5939705,-20.8639035,0
                -47.5941207,-20.8714023,0
                -47.5940563,-20.8720339,0
              </coordinates>
            </LinearRing>
          </outerBoundaryIs>
        </Polygon>
      </Placemark>
      <Placemark>
        <name>RURAL SANTA RITA DO ÓLEO</name>
        <description><![CDATA[CONSULTAR COMERCIAL!<br><br><br><br>https://docs.google.com/spreadsheets/d/15aH9Mufet_ENqw5jmv4ccyAPmNKlkaPQHrJ18vcQlwg/edit?gid=655594171#gid=655594171]]></description>
        <styleUrl>#poly-0288D1-1200-77</styleUrl>
        <Polygon>
          <outerBoundaryIs>
            <LinearRing>
              <tessellate>1</tessellate>
              <coordinates>
                -47.3139068,-21.3040256,0
                -47.3148938,-21.3075841,0
                -47.3114177,-21.3107826,0
                -47.3126193,-21.3135812,0
                -47.3101731,-21.3182588,0
                -47.3069545,-21.3196181,0
                -47.3038967,-21.321627,0
                -47.2999432,-21.3219318,0
                -47.3022982,-21.3163198,0
                -47.3078128,-21.3134613,0
                -47.3101302,-21.312022,0
                -47.3111602,-21.3066645,0
                -47.311305,-21.3060598,0
                -47.3112782,-21.305455,0
                -47.3108383,-21.3053251,0
                -47.3099696,-21.3050384,0
                -47.3091224,-21.3049315,0
                -47.3086724,-21.3046379,0
                -47.3083304,-21.3042506,0
                -47.3079898,-21.3037558,0
                -47.3070081,-21.3030861,0
                -47.3061176,-21.3038258,0
                -47.3056241,-21.3039057,0
                -47.3049522,-21.3040375,0
                -47.3043232,-21.3041693,0
                -47.303709,-21.3040331,0
                -47.3032101,-21.3045204,0
                -47.3030706,-21.3050552,0
                -47.3026629,-21.3049252,0
                -47.2999163,-21.3011267,0
                -47.2998735,-21.2958289,0
                -47.3061391,-21.2940696,0
                -47.306402,-21.2963187,0
                -47.3077377,-21.2976083,0
                -47.3101249,-21.2995075,0
                -47.3107284,-21.2998874,0
                -47.3112232,-21.3003972,0
                -47.3115779,-21.300852,0
                -47.3116108,-21.3012868,0
                -47.313778,-21.3043455,0
                -47.3139068,-21.3040256,0
              </coordinates>
            </LinearRing>
          </outerBoundaryIs>
        </Polygon>
      </Placemark>
      <Placemark>
        <name>Rib Preto 05 e 06 - Alcans (ativ)
Limite: 5
Horário: Segunda à Sábado
08:00 até às 17:00 horas

Rib Preto 06 - Terceiros Flex (ativ)
Horário: 08:00 até às 17:00 horas
Limite: Verificar bloqueio informativo.

Rib Preto 06 - Terceiros Comum (ativ)
Horário: 08:00 até às 17:00 horas
Limite: Verificar bloqueio informativo.
-------------------------------------------

Ribeirão Preto - Suporte 06
Limite: 07
Horário: Segunda à Segunda</name>
        <description><![CDATA[Associação amigos do rio pardo<br><br><br><br>https://docs.google.com/spreadsheets/d/15aH9Mufet_ENqw5jmv4ccyAPmNKlkaPQHrJ18vcQlwg/edit?gid=2009914282#gid=2009914282]]></description>
        <styleUrl>#poly-0288D1-1200-77</styleUrl>
        <Polygon>
          <outerBoundaryIs>
            <LinearRing>
              <tessellate>1</tessellate>
              <coordinates>
                -47.7614311,-21.0989479,0
                -47.7613238,-21.0989679,0
                -47.7581803,-21.0974565,0
                -47.7570109,-21.0964455,0
                -47.7561311,-21.094904,0
                -47.7560345,-21.0943034,0
                -47.7567426,-21.0940732,0
                -47.7573327,-21.0943735,0
                -47.7588348,-21.0933525,0
                -47.7604226,-21.0937629,0
                -47.7620856,-21.0947338,0
                -47.7624289,-21.0961853,0
                -47.7614311,-21.0989479,0
              </coordinates>
            </LinearRing>
          </outerBoundaryIs>
        </Polygon>
      </Placemark>
      <Placemark>
        <name>Arceburgo/Milagre/S. B. Areias- Ativação, serviços e Suporte

Capacidade: 04
Horário: Segunda à Sábado
08:00 até as 17:00 horas</name>
        <description>Arceburgo</description>
        <styleUrl>#poly-673AB7-1200-77</styleUrl>
        <Polygon>
          <outerBoundaryIs>
            <LinearRing>
              <tessellate>1</tessellate>
              <coordinates>
                -46.9264543,-21.3561382,0
                -46.9264867,-21.3562004,0
                -46.9262184,-21.3564502,0
                -46.9245769,-21.3551712,0
                -46.9239225,-21.3547815,0
                -46.9249095,-21.3538522,0
                -46.9256176,-21.3544018,0
                -46.9264545,-21.3538722,0
                -46.9251563,-21.3522335,0
                -46.9282998,-21.3506647,0
                -46.9287934,-21.3517738,0
                -46.9275274,-21.3524333,0
                -46.9278063,-21.3532827,0
                -46.9274093,-21.3546016,0
                -46.9255532,-21.355491,0
                -46.9264543,-21.3561382,0
              </coordinates>
            </LinearRing>
          </outerBoundaryIs>
        </Polygon>
      </Placemark>
      <Placemark>
        <name>DISTRITO INDUSTRIAL </name>
        <styleUrl>#poly-F57C00-1200-77-nodesc</styleUrl>
        <Polygon>
          <outerBoundaryIs>
            <LinearRing>
              <tessellate>1</tessellate>
              <coordinates>
                -46.9482951,-21.3629415,0
                -46.9482736,-21.3641805,0
                -46.9491856,-21.3642804,0
                -46.9492178,-21.3653695,0
                -46.9484453,-21.3656592,0
                -46.9487243,-21.3667882,0
                -46.9476621,-21.367128,0
                -46.9472115,-21.3627916,0
                -46.9482951,-21.3629415,0
              </coordinates>
            </LinearRing>
          </outerBoundaryIs>
        </Polygon>
      </Placemark>
      <Placemark>
        <name>EMPRESAS</name>
        <styleUrl>#poly-F57C00-1200-77-nodesc</styleUrl>
        <Polygon>
          <outerBoundaryIs>
            <LinearRing>
              <tessellate>1</tessellate>
              <coordinates>
                -47.7620234,-21.2384516,0
                -47.7620127,-21.2387816,0
                -47.7617767,-21.2394216,0
                -47.7608755,-21.2410016,0
                -47.7594056,-21.2404916,0
                -47.7584185,-21.2403216,0
                -47.7589872,-21.2390016,0
                -47.7596738,-21.2383016,0
                -47.7610257,-21.2382316,0
                -47.7620234,-21.2384516,0
              </coordinates>
            </LinearRing>
          </outerBoundaryIs>
        </Polygon>
      </Placemark>
      <Placemark>
        <name>EMPRESAS</name>
        <styleUrl>#poly-F57C00-1200-77-nodesc</styleUrl>
        <Polygon>
          <outerBoundaryIs>
            <LinearRing>
              <tessellate>1</tessellate>
              <coordinates>
                -47.7605107,-21.2317664,0
                -47.760457,-21.2335565,0
                -47.7602532,-21.2351766,0
                -47.7600493,-21.2363466,0
                -47.7597489,-21.2363866,0
                -47.7597811,-21.2360666,0
                -47.7601566,-21.2323765,0
                -47.7601673,-21.2317264,0
                -47.7605107,-21.2317664,0
              </coordinates>
            </LinearRing>
          </outerBoundaryIs>
        </Polygon>
      </Placemark>
      <Placemark>
        <name>Rib Preto 08 - Alcans (ativ)
Limite: 3
Horário: Segunda à Sábado
08:00 até às 17:00 horas
--------------------------------------------
Ribeirão Preto - Suporte 08
Limite: 07
Horário: Segunda à Segunda

</name>
        <description><![CDATA[Edifício Atrium<br>Avenida Braz Olaia Acosta<br>Número: 788 <br>Bairro: Jardim California - Ribeirão Preto<br>(POSSUI INFRAESTRUTURA)]]></description>
        <styleUrl>#poly-FBC02D-1200-171</styleUrl>
        <Polygon>
          <outerBoundaryIs>
            <LinearRing>
              <tessellate>1</tessellate>
              <coordinates>
                -47.8188401,-21.2110855,0
                -47.8189232,-21.2112042,0
                -47.8189634,-21.2113205,0
                -47.818537,-21.2112243,0
                -47.8188401,-21.2110855,0
              </coordinates>
            </LinearRing>
          </outerBoundaryIs>
        </Polygon>
      </Placemark>
      <Placemark>
        <name>Tambaú - Ativação e Suporte
Ativação e Suporte: 04
Horário: Segunda à Sábado
08:00 até às 17:00 horas
-----------------------------------
</name>
        <description>Tambaú - SP</description>
        <styleUrl>#poly-673AB7-1200-77</styleUrl>
        <Polygon>
          <outerBoundaryIs>
            <LinearRing>
              <tessellate>1</tessellate>
              <coordinates>
                -47.2928894,-21.7000186,0
                -47.2929752,-21.7007563,0
                -47.2903145,-21.7012348,0
                -47.2900999,-21.702092,0
                -47.2916449,-21.7023911,0
                -47.2910441,-21.7034079,0
                -47.2915805,-21.7042053,0
                -47.2909153,-21.7055211,0
                -47.2901214,-21.7054414,0
                -47.2920097,-21.7081128,0
                -47.2916663,-21.7100665,0
                -47.2915805,-21.7123591,0
                -47.2920097,-21.7162066,0
                -47.2935761,-21.7210506,0
                -47.2906364,-21.7222267,0
                -47.2894133,-21.718818,0
                -47.2869886,-21.7111032,0
                -47.2864521,-21.7110434,0
                -47.2869456,-21.714233,0
                -47.2848213,-21.7150304,0
                -47.2827399,-21.7167448,0
                -47.28171,-21.7166451,0
                -47.2806156,-21.7201337,0
                -47.2798432,-21.7206519,0
                -47.2764314,-21.7192565,0
                -47.2767855,-21.7187058,0
                -47.2755946,-21.7186136,0
                -47.2731162,-21.718509,0
                -47.2731913,-21.7181302,0
                -47.2722042,-21.717283,0
                -47.2694362,-21.7178611,0
                -47.2692431,-21.7193961,0
                -47.2672046,-21.7193363,0
                -47.2667969,-21.7172033,0
                -47.2660673,-21.7170438,0
                -47.263664,-21.7174624,0
                -47.2631491,-21.7159673,0
                -47.2616685,-21.7160471,0
                -47.2608316,-21.7156285,0
                -47.2611535,-21.711781,0
                -47.2614539,-21.7101861,0
                -47.2600377,-21.7100466,0
                -47.2602523,-21.707734,0
                -47.2567976,-21.7078337,0
                -47.2568191,-21.7054214,0
                -47.2567762,-21.7025306,0
                -47.2568405,-21.6990616,0
                -47.2568405,-21.6971078,0
                -47.2569693,-21.6966093,0
                -47.2559608,-21.696071,0
                -47.2570336,-21.6939975,0
                -47.2603596,-21.6939776,0
                -47.2632135,-21.6945956,0
                -47.263943,-21.6958118,0
                -47.2627414,-21.6984834,0
                -47.2638786,-21.699879,0
                -47.2644151,-21.7008759,0
                -47.2655738,-21.6996199,0
                -47.2668183,-21.6996398,0
                -47.2676981,-21.7016933,0
                -47.2681487,-21.7003974,0
                -47.2690285,-21.7000385,0
                -47.2691787,-21.6992809,0
                -47.2661317,-21.6965495,0
                -47.2670758,-21.6956523,0
                -47.2683633,-21.6958517,0
                -47.269007,-21.6949545,0
                -47.2697366,-21.6946554,0
                -47.2697366,-21.6933994,0
                -47.2712386,-21.6912859,0
                -47.2719467,-21.6890528,0
                -47.2732127,-21.6865605,0
                -47.2743285,-21.686381,0
                -47.2765172,-21.6868994,0
                -47.2754443,-21.6884347,0
                -47.2753156,-21.6904485,0
                -47.2741569,-21.6927414,0
                -47.2730625,-21.6937383,0
                -47.2730163,-21.6943704,0
                -47.2727052,-21.6950133,0
                -47.2712192,-21.6968626,0
                -47.2712568,-21.6971766,0
                -47.2734347,-21.6973162,0
                -47.2764495,-21.6987915,0
                -47.2768331,-21.6997311,0
                -47.2779569,-21.6999828,0
                -47.2813848,-21.6997086,0
                -47.2814814,-21.7009646,0
                -47.2820929,-21.7012836,0
                -47.2854725,-21.7003566,0
                -47.2858802,-21.6996289,0
                -47.2864166,-21.6997285,0
                -47.2901825,-21.7005559,0
                -47.2916416,-21.7003566,0
                -47.2928894,-21.7000186,0
              </coordinates>
            </LinearRing>
          </outerBoundaryIs>
        </Polygon>
      </Placemark>
      <Placemark>
        <name>ÁREA INVIABILIZADA</name>
        <styleUrl>#poly-A52714-1200-209-nodesc</styleUrl>
        <Polygon>
          <outerBoundaryIs>
            <LinearRing>
              <tessellate>1</tessellate>
              <coordinates>
                -47.7721119,-21.135647,0
                -47.768904,-21.1458839,0
                -47.7686036,-21.1450934,0
                -47.7670587,-21.1456237,0
                -47.7668226,-21.1450533,0
                -47.767124,-21.1449276,0
                -47.7664687,-21.1427526,0
                -47.767033,-21.1425358,0
                -47.7670071,-21.1424592,0
                -47.7678352,-21.1421458,0
                -47.7677909,-21.1419542,0
                -47.7676408,-21.1410237,0
                -47.7694325,-21.1404033,0
                -47.7686063,-21.1380516,0
                -47.7679009,-21.1361465,0
                -47.7698428,-21.1354985,0
                -47.7700654,-21.13576,0
                -47.7707306,-21.1354447,0
                -47.7713207,-21.1352596,0
                -47.7715138,-21.1356599,0
                -47.7721119,-21.135647,0
              </coordinates>
            </LinearRing>
          </outerBoundaryIs>
        </Polygon>
      </Placemark>
      <Placemark>
        <name>ÁREA INVIABILIZADA!</name>
        <styleUrl>#poly-A52714-1200-194-nodesc</styleUrl>
        <Polygon>
          <outerBoundaryIs>
            <LinearRing>
              <tessellate>1</tessellate>
              <coordinates>
                -47.7666104,-21.1450654,0
                -47.7672005,-21.1465864,0
                -47.7656563,-21.1470521,0
                -47.7647114,-21.1460911,0
                -47.7645075,-21.1453606,0
                -47.7642125,-21.1454507,0
                -47.7631879,-21.14431,0
                -47.7627265,-21.1437596,0
                -47.7627855,-21.1435895,0
                -47.7631235,-21.1433193,0
                -47.7626192,-21.1427839,0
                -47.7644811,-21.1412688,0
                -47.7645612,-21.1414481,0
                -47.7649478,-21.1448562,0
                -47.765039,-21.1451164,0
                -47.7655485,-21.1450162,0
                -47.7659492,-21.1448225,0
                -47.7662818,-21.1450902,0
                -47.7666104,-21.1450654,0
              </coordinates>
            </LinearRing>
          </outerBoundaryIs>
        </Polygon>
      </Placemark>
      <Placemark>
        <name>ÁREA INVIABILIZADA</name>
        <styleUrl>#poly-A52714-1200-173-nodesc</styleUrl>
        <Polygon>
          <outerBoundaryIs>
            <LinearRing>
              <tessellate>1</tessellate>
              <coordinates>
                -47.7745149,-21.152945,0
                -47.7726266,-21.1566972,0
                -47.7703843,-21.158243,0
                -47.7700785,-21.1575827,0
                -47.7697674,-21.1568723,0
                -47.7695743,-21.1562069,0
                -47.7690946,-21.154712,0
                -47.7693007,-21.1549962,0
                -47.7696279,-21.1548961,0
                -47.769644,-21.1547711,0
                -47.7700034,-21.154686,0
                -47.7701697,-21.1550712,0
                -47.7702287,-21.1550512,0
                -47.7703038,-21.1555915,0
                -47.7711943,-21.1554615,0
                -47.7713445,-21.1552764,0
                -47.7714357,-21.1550162,0
                -47.771307,-21.1540206,0
                -47.7713552,-21.1539306,0
                -47.7718971,-21.1537655,0
                -47.7720741,-21.1534403,0
                -47.7722136,-21.1532952,0
                -47.7722887,-21.1533652,0
                -47.7727822,-21.1539856,0
                -47.7744612,-21.15289,0
                -47.7745149,-21.152945,0
              </coordinates>
            </LinearRing>
          </outerBoundaryIs>
        </Polygon>
      </Placemark>
      <Placemark>
        <name>ÁREA INVIABILIZADA!!</name>
        <styleUrl>#poly-A52714-1200-189-nodesc</styleUrl>
        <Polygon>
          <outerBoundaryIs>
            <LinearRing>
              <tessellate>1</tessellate>
              <coordinates>
                -47.7684566,-21.1549313,0
                -47.7686765,-21.1555717,0
                -47.7677968,-21.1558818,0
                -47.7675822,-21.1551914,0
                -47.7684566,-21.1549313,0
              </coordinates>
            </LinearRing>
          </outerBoundaryIs>
        </Polygon>
      </Placemark>
      <Placemark>
        <name>ÁREA INVIABILIZADA!!</name>
        <description><![CDATA[LOCAIS APENAS COM PADRÃO CONCRETO QUE LIGA DIRETO NO POSTE<br>CONSULTAR PROJETOS]]></description>
        <styleUrl>#poly-A52714-1200-201</styleUrl>
        <Polygon>
          <outerBoundaryIs>
            <LinearRing>
              <tessellate>1</tessellate>
              <coordinates>
                -47.7667578,-21.1521729,0
                -47.76701,-21.1528683,0
                -47.7648427,-21.1535487,0
                -47.7645906,-21.1528433,0
                -47.7656582,-21.1525031,0
                -47.7667578,-21.1521729,0
              </coordinates>
            </LinearRing>
          </outerBoundaryIs>
        </Polygon>
      </Placemark>
      <Placemark>
        <name>ÁREA INVIABILIZADA!!</name>
        <styleUrl>#poly-A52714-1200-181-nodesc</styleUrl>
        <Polygon>
          <outerBoundaryIs>
            <LinearRing>
              <tessellate>1</tessellate>
              <coordinates>
                -47.8042991,-21.1039626,0
                -47.8033094,-21.1053914,0
                -47.8024162,-21.1066901,0
                -47.8021319,-21.1068253,0
                -47.8020193,-21.10659,0
                -47.8023518,-21.1060996,0
                -47.8019012,-21.1058794,0
                -47.8017135,-21.1059445,0
                -47.8013594,-21.1062998,0
                -47.8008981,-21.1059895,0
                -47.8015043,-21.1049686,0
                -47.8012629,-21.1046633,0
                -47.8012039,-21.1020509,0
                -47.804283,-21.1038475,0
                -47.8042991,-21.1039626,0
              </coordinates>
            </LinearRing>
          </outerBoundaryIs>
        </Polygon>
      </Placemark>
      <Placemark>
        <name>ÁREA INVIABILIZADA!!</name>
        <styleUrl>#poly-A52714-1200-171-nodesc</styleUrl>
        <Polygon>
          <outerBoundaryIs>
            <LinearRing>
              <tessellate>1</tessellate>
              <coordinates>
                -47.8025648,-21.1184695,0
                -47.8020796,-21.1183566,0
                -47.8027638,-21.1172979,0
                -47.8019542,-21.1166918,0
                -47.8035197,-21.114371,0
                -47.8045712,-21.1127396,0
                -47.804893,-21.1128597,0
                -47.8052471,-21.1122692,0
                -47.8050432,-21.112069,0
                -47.8053446,-21.1115274,0
                -47.8048823,-21.1112383,0
                -47.8052149,-21.110908,0
                -47.8070603,-21.1119189,0
                -47.8060839,-21.1132801,0
                -47.8044853,-21.1152218,0
                -47.8034124,-21.1171334,0
                -47.8030325,-21.1182382,0
                -47.8025648,-21.1184695,0
              </coordinates>
            </LinearRing>
          </outerBoundaryIs>
        </Polygon>
      </Placemark>
      <Placemark>
        <name>ÁREA INVIABILIZADA!!</name>
        <styleUrl>#poly-A52714-1200-163-nodesc</styleUrl>
        <Polygon>
          <outerBoundaryIs>
            <LinearRing>
              <tessellate>1</tessellate>
              <coordinates>
                -47.8006178,-21.1183963,0
                -47.8001994,-21.1191269,0
                -47.800194,-21.1197424,0
                -47.7987115,-21.1196393,0
                -47.7985626,-21.1195567,0
                -47.7987342,-21.1193156,0
                -47.7990453,-21.1188467,0
                -47.7991846,-21.1189249,0
                -47.7992379,-21.1188511,0
                -47.7992318,-21.1187536,0
                -47.7996388,-21.118008,0
                -47.7998232,-21.1181231,0
                -47.7999989,-21.1178829,0
                -47.8005756,-21.1183032,0
                -47.8006178,-21.1183963,0
              </coordinates>
            </LinearRing>
          </outerBoundaryIs>
        </Polygon>
      </Placemark>
      <Placemark>
        <name>ÁREA INVIABILIZADA!!</name>
        <styleUrl>#poly-A52714-1200-150-nodesc</styleUrl>
        <Polygon>
          <outerBoundaryIs>
            <LinearRing>
              <tessellate>1</tessellate>
              <coordinates>
                -47.7975621,-21.1190675,0
                -47.7976922,-21.1193765,0
                -47.7975112,-21.1195804,0
                -47.7961493,-21.1194872,0
                -47.7962718,-21.119194,0
                -47.7966164,-21.118967,0
                -47.7970626,-21.118823,0
                -47.7975621,-21.1190675,0
              </coordinates>
            </LinearRing>
          </outerBoundaryIs>
        </Polygon>
      </Placemark>
      <Placemark>
        <name>ÁREA INVIABILIZADA!!</name>
        <styleUrl>#poly-A52714-1200-181-nodesc</styleUrl>
        <Polygon>
          <outerBoundaryIs>
            <LinearRing>
              <tessellate>1</tessellate>
              <coordinates>
                -47.7672793,-21.1810661,0
                -47.7666898,-21.1816157,0
                -47.766319,-21.1817164,0
                -47.7657122,-21.1810418,0
                -47.7671337,-21.1800514,0
                -47.7669436,-21.1804587,0
                -47.7673555,-21.1810075,0
                -47.7673008,-21.1810505,0
                -47.7672793,-21.1810661,0
              </coordinates>
            </LinearRing>
          </outerBoundaryIs>
        </Polygon>
      </Placemark>
      <Placemark>
        <name>ÁREA INVIABILIZADA!!!</name>
        <styleUrl>#poly-A52714-1200-150-nodesc</styleUrl>
        <Polygon>
          <outerBoundaryIs>
            <LinearRing>
              <tessellate>1</tessellate>
              <coordinates>
                -47.8260762,-21.1412122,0
                -47.8271116,-21.1422078,0
                -47.8262532,-21.1427082,0
                -47.8254057,-21.1417125,0
                -47.8260333,-21.1411772,0
                -47.8260762,-21.1412122,0
              </coordinates>
            </LinearRing>
          </outerBoundaryIs>
        </Polygon>
      </Placemark>
      <Placemark>
        <name>ÁREA INVIABILIZADA!!</name>
        <styleUrl>#poly-A52714-1200-189-nodesc</styleUrl>
        <Polygon>
          <outerBoundaryIs>
            <LinearRing>
              <tessellate>1</tessellate>
              <coordinates>
                -47.8235881,-21.1327573,0
                -47.8234218,-21.1338931,0
                -47.8226332,-21.1349339,0
                -47.8219104,-21.134136,0
                -47.822821,-21.1332527,0
                -47.8232716,-21.132467,0
                -47.8230624,-21.1321393,0
                -47.8226923,-21.1315114,0
                -47.8223919,-21.1305607,0
                -47.822231,-21.1299753,0
                -47.8229176,-21.1298602,0
                -47.8231214,-21.1307383,0
                -47.8235399,-21.1318316,0
                -47.8235881,-21.1327573,0
              </coordinates>
            </LinearRing>
          </outerBoundaryIs>
        </Polygon>
      </Placemark>
      <Placemark>
        <name>ÁREA INVIABILIZADA!</name>
        <styleUrl>#poly-A52714-1200-166-nodesc</styleUrl>
        <Polygon>
          <outerBoundaryIs>
            <LinearRing>
              <tessellate>1</tessellate>
              <coordinates>
                -47.8103395,-21.1502993,0
                -47.8099822,-21.1505007,0
                -47.8099834,-21.1504285,0
                -47.8093001,-21.1491894,0
                -47.8088454,-21.1486823,0
                -47.8086382,-21.1483913,0
                -47.8082646,-21.1485706,0
                -47.8080218,-21.1481786,0
                -47.8087345,-21.1475977,0
                -47.8090339,-21.1483208,0
                -47.8094672,-21.1488647,0
                -47.8098159,-21.1493601,0
                -47.8100305,-21.1496953,0
                -47.8103395,-21.1502993,0
              </coordinates>
            </LinearRing>
          </outerBoundaryIs>
        </Polygon>
      </Placemark>
      <Placemark>
        <name>ÁREA INVIABILIZADA</name>
        <styleUrl>#poly-A52714-1200-201-nodesc</styleUrl>
        <Polygon>
          <outerBoundaryIs>
            <LinearRing>
              <tessellate>1</tessellate>
              <coordinates>
                -47.8057611,-21.1394416,0
                -47.8062304,-21.1399838,0
                -47.8059085,-21.1401639,0
                -47.8062196,-21.1408644,0
                -47.8063995,-21.1415731,0
                -47.8069385,-21.1422653,0
                -47.8066381,-21.1425655,0
                -47.8069814,-21.1434324,0
                -47.8068205,-21.1435762,0
                -47.8070028,-21.1438764,0
                -47.8066407,-21.1442448,0
                -47.8063269,-21.1439965,0
                -47.8049322,-21.1443567,0
                -47.804267,-21.1448833,0
                -47.8039022,-21.1444067,0
                -47.8037681,-21.1434911,0
                -47.8038432,-21.1434661,0
                -47.8043957,-21.143336,0
                -47.8043743,-21.1426306,0
                -47.8044923,-21.1423254,0
                -47.8045513,-21.1422303,0
                -47.8044333,-21.1420702,0
                -47.8056403,-21.1412797,0
                -47.8058388,-21.1411696,0
                -47.8053667,-21.1391282,0
                -47.8056725,-21.1390932,0
                -47.8057611,-21.1394416,0
              </coordinates>
            </LinearRing>
          </outerBoundaryIs>
        </Polygon>
      </Placemark>
      <Placemark>
        <name>GALPÕES HERZOG</name>
        <styleUrl>#poly-F9A825-1200-145-nodesc</styleUrl>
        <Polygon>
          <outerBoundaryIs>
            <LinearRing>
              <tessellate>1</tessellate>
              <coordinates>
                -47.7569604,-21.1995333,0
                -47.757014,-21.2012837,0
                -47.7535379,-21.2014138,0
                -47.7534521,-21.1996433,0
                -47.7569604,-21.1995333,0
              </coordinates>
            </LinearRing>
          </outerBoundaryIs>
        </Polygon>
      </Placemark>
      <Placemark>
        <name>COND EMPRESARIAL TRIO</name>
        <description><![CDATA[Avenida Presidente Vargas número 1265 Jardim América - Ribeirão Preto<br>(POSSUI INFRAESTRUTURA)]]></description>
        <styleUrl>#poly-F57C00-1200-217</styleUrl>
        <Polygon>
          <outerBoundaryIs>
            <LinearRing>
              <tessellate>1</tessellate>
              <coordinates>
                -47.8080223,-21.1994272,0
                -47.8081135,-21.1998473,0
                -47.8072981,-21.2000074,0
                -47.8072122,-21.1995222,0
                -47.8080223,-21.1994272,0
              </coordinates>
            </LinearRing>
          </outerBoundaryIs>
        </Polygon>
      </Placemark>
      <Placemark>
        <name>ÁREA INVIABILIZADA</name>
        <styleUrl>#poly-A52714-1200-163-nodesc</styleUrl>
        <Polygon>
          <outerBoundaryIs>
            <LinearRing>
              <tessellate>1</tessellate>
              <coordinates>
                -47.7459071,-21.1230122,0
                -47.7464167,-21.125334,0
                -47.7464597,-21.1257994,0
                -47.7454029,-21.1257894,0
                -47.7440242,-21.1260896,0
                -47.7434717,-21.1262297,0
                -47.7434288,-21.1259595,0
                -47.7436219,-21.1256743,0
                -47.7441637,-21.1256142,0
                -47.7446143,-21.125329,0
                -47.7450005,-21.1255042,0
                -47.7451519,-21.1253893,0
                -47.7459071,-21.124058,0
                -47.7458803,-21.1238979,0
                -47.7457931,-21.1238359,0
                -47.7459071,-21.1230122,0
              </coordinates>
            </LinearRing>
          </outerBoundaryIs>
        </Polygon>
      </Placemark>
      <Placemark>
        <name>BAIRRO SANTA MARIA</name>
        <description>Liberado!</description>
        <styleUrl>#poly-673AB7-1200-77</styleUrl>
        <Polygon>
          <outerBoundaryIs>
            <LinearRing>
              <tessellate>1</tessellate>
              <coordinates>
                -47.7477692,-21.0208697,0
                -47.7473722,-21.021791,0
                -47.7460418,-21.0228426,0
                -47.7443467,-21.0223519,0
                -47.7428232,-21.0232031,0
                -47.742673,-21.0231931,0
                -47.7426408,-21.0228326,0
                -47.7438961,-21.0205692,0
                -47.7439175,-21.0200885,0
                -47.7444862,-21.0193875,0
                -47.7477692,-21.0208697,0
              </coordinates>
            </LinearRing>
          </outerBoundaryIs>
        </Polygon>
      </Placemark>
      <Placemark>
        <name>Rib Preto 08 - Alcans (ativ)
Limite: 3
Horário: Segunda à Sábado
08:00 até às 17:00 horas
--------------------------------------------
Ribeirão Preto - Suporte 08
Limite: 07
Horário: Segunda à Segunda
</name>
        <description><![CDATA[Centro Profissional Ribeirão Shopping<br>Avenida Coronel Fernando Ferreira Leite<br>Número: 1520<br>Bairro: Jardim California<br>(POSSUI INFRAESTRUTURA)]]></description>
        <styleUrl>#poly-F57C00-1200-166</styleUrl>
        <Polygon>
          <outerBoundaryIs>
            <LinearRing>
              <tessellate>1</tessellate>
              <coordinates>
                -47.8147329,-21.2086697,0
                -47.8150709,-21.2096899,0
                -47.8142823,-21.2095049,0
                -47.8146256,-21.2084847,0
                -47.8147329,-21.2086697,0
              </coordinates>
            </LinearRing>
          </outerBoundaryIs>
        </Polygon>
      </Placemark>
      <Placemark>
        <name>COND CIVITAS MALL</name>
        <description><![CDATA[PREDIO COMERCIAL.<br>Av Wladimir M Ferreira número 1465 Jd Botanico - Ribeirão Preto<br>(POSSUI INFRAESTRUTURA)]]></description>
        <styleUrl>#poly-E65100-1200-184</styleUrl>
        <Polygon>
          <outerBoundaryIs>
            <LinearRing>
              <tessellate>1</tessellate>
              <coordinates>
                -47.7999239,-21.2103347,0
                -47.7997576,-21.2106147,0
                -47.7992158,-21.2104047,0
                -47.7992534,-21.2102796,0
                -47.7994036,-21.2101996,0
                -47.7995484,-21.2101646,0
                -47.7999239,-21.2103347,0
              </coordinates>
            </LinearRing>
          </outerBoundaryIs>
        </Polygon>
      </Placemark>
      <Placemark>
        <name>Condomínio Alto da boa Vista
(comercial)</name>
        <description><![CDATA[Condomínio Alto da boa Vista<br>R Couto Magalhães<br>Número: 210<br>Bairro: Alto da Boa Vista<br>(POSSUI INFRAESTRUTURA)]]></description>
        <styleUrl>#poly-F57C00-1200-189</styleUrl>
        <Polygon>
          <outerBoundaryIs>
            <LinearRing>
              <tessellate>1</tessellate>
              <coordinates>
                -47.813396,-21.2083314,0
                -47.8129963,-21.2086264,0
                -47.81294,-21.2085414,0
                -47.8128729,-21.2084764,0
                -47.813278,-21.2081814,0
                -47.813396,-21.2083314,0
              </coordinates>
            </LinearRing>
          </outerBoundaryIs>
        </Polygon>
      </Placemark>
      <Placemark>
        <name>Edifício Spasse </name>
        <description>POSSUI INFRAESTRUTURA.</description>
        <styleUrl>#poly-F57C00-1200-125</styleUrl>
        <Polygon>
          <outerBoundaryIs>
            <LinearRing>
              <tessellate>1</tessellate>
              <coordinates>
                -47.7958896,-21.2010015,0
                -47.7959862,-21.200974,0
                -47.7962839,-21.2012391,0
                -47.7959674,-21.2015342,0
                -47.7962598,-21.2017692,0
                -47.7960049,-21.2020493,0
                -47.7954283,-21.2015442,0
                -47.7958896,-21.2010015,0
              </coordinates>
            </LinearRing>
          </outerBoundaryIs>
        </Polygon>
      </Placemark>
      <Placemark>
        <name>ÁREA INVIABILIZADA</name>
        <description><![CDATA[RESIDENCIAL DAS AMÉRICAS<br>PARTE INVIABILIZADA DEVIDO A ESTRUTURA]]></description>
        <styleUrl>#poly-A52714-1200-117</styleUrl>
        <Polygon>
          <outerBoundaryIs>
            <LinearRing>
              <tessellate>1</tessellate>
              <coordinates>
                -47.8223398,-21.1306376,0
                -47.8225919,-21.1316384,0
                -47.8207841,-21.1330194,0
                -47.8194591,-21.1314783,0
                -47.8218033,-21.1296519,0
                -47.8221252,-21.1300622,0
                -47.8213366,-21.1306577,0
                -47.821224,-21.1307377,0
                -47.8215083,-21.131063,0
                -47.821181,-21.1313682,0
                -47.8215619,-21.1317685,0
                -47.8222539,-21.1312431,0
                -47.8219374,-21.1309179,0
                -47.8222807,-21.1305926,0
                -47.8223398,-21.1306376,0
              </coordinates>
            </LinearRing>
          </outerBoundaryIs>
        </Polygon>
      </Placemark>
      <Placemark>
        <name>CTO EMPRESARIAL</name>
        <styleUrl>#poly-E65100-1200-107-nodesc</styleUrl>
        <Polygon>
          <outerBoundaryIs>
            <LinearRing>
              <tessellate>1</tessellate>
              <coordinates>
                -47.8356692,-21.2239977,0
                -47.836152,-21.2246378,0
                -47.8359588,-21.2247778,0
                -47.8348752,-21.2237477,0
                -47.8351756,-21.2234976,0
                -47.8356692,-21.2239977,0
              </coordinates>
            </LinearRing>
          </outerBoundaryIs>
        </Polygon>
      </Placemark>
      <Placemark>
        <name>CHÁCARAS CAJANGA</name>
        <description><![CDATA[ACOMPANHAR PELO FTTH CONDOMÍNIOS <br><br>https://docs.google.com/spreadsheets/d/15aH9Mufet_ENqw5jmv4ccyAPmNKlkaPQHrJ18vcQlwg/edit?gid=1251840970#gid=1251840970]]></description>
        <styleUrl>#poly-0288D1-1200-130</styleUrl>
        <Polygon>
          <outerBoundaryIs>
            <LinearRing>
              <tessellate>1</tessellate>
              <coordinates>
                -47.2908085,-21.2510173,0
                -47.2900146,-21.2515972,0
                -47.288542,-21.2540595,0
                -47.2863238,-21.2527171,0
                -47.2864311,-21.2522172,0
                -47.2897785,-21.2502173,0
                -47.2908085,-21.2510173,0
              </coordinates>
            </LinearRing>
          </outerBoundaryIs>
        </Polygon>
      </Placemark>
      <Placemark>
        <name>ÁREA INVIABILIZADA!!</name>
        <styleUrl>#poly-A52714-1200-181-nodesc</styleUrl>
        <Polygon>
          <outerBoundaryIs>
            <LinearRing>
              <tessellate>1</tessellate>
              <coordinates>
                -47.8553303,-21.2070659,0
                -47.85194,-21.2086762,0
                -47.8514733,-21.2086262,0
                -47.8498103,-21.207606,0
                -47.8475304,-21.2062607,0
                -47.8467579,-21.2064957,0
                -47.8411521,-21.2082011,0
                -47.8396876,-21.2070158,0
                -47.8383304,-21.207816,0
                -47.8394409,-21.2087762,0
                -47.8393175,-21.2101065,0
                -47.8390707,-21.2099815,0
                -47.8368316,-21.2079929,0
                -47.8406999,-21.2063003,0
                -47.8420106,-21.2059747,0
                -47.8428421,-21.2057496,0
                -47.8432507,-21.2056602,0
                -47.8434393,-21.2056174,0
                -47.8442221,-21.2054287,0
                -47.844362,-21.2053973,0
                -47.844843,-21.2052078,0
                -47.8450987,-21.20511,0
                -47.8465567,-21.2038342,0
                -47.8473378,-21.204554,0
                -47.8495074,-21.2029759,0
                -47.8505326,-21.202887,0
                -47.8513432,-21.2033982,0
                -47.8520204,-21.2041602,0
                -47.8529167,-21.2051097,0
                -47.8540135,-21.205821,0
                -47.8553725,-21.2069991,0
                -47.8553303,-21.2070659,0
              </coordinates>
            </LinearRing>
          </outerBoundaryIs>
        </Polygon>
      </Placemark>
      <Placemark>
        <name>Condomínio Edifício Premium Business
</name>
        <description><![CDATA[TRANSAFERIR PARA  COMERCIAL.<br>---------------------------------------------------------<br>Rua: Marino Bruno Regine<br>Número: 287<br>Bairro:  Nova Ribeirânia - Ribeirão Preto<br>(POSSUI INFRAESTRUTURA)]]></description>
        <styleUrl>#poly-F57C00-1200-130</styleUrl>
        <Polygon>
          <outerBoundaryIs>
            <LinearRing>
              <tessellate>1</tessellate>
              <coordinates>
                -47.7724069,-21.1995992,0
                -47.7722003,-21.1997568,0
                -47.7721333,-21.1996718,0
                -47.7723505,-21.1995242,0
                -47.7724069,-21.1995992,0
              </coordinates>
            </LinearRing>
          </outerBoundaryIs>
        </Polygon>
      </Placemark>
      <Placemark>
        <name>Galeria Zona Zul </name>
        <description><![CDATA[COMERCIAL.<br>----------------------------------------------<br>R Paschoal Bardaro número 1870 Jd. Iraja - Ribeirão Preto <br>CTO NA RUA]]></description>
        <styleUrl>#poly-E65100-1200-156</styleUrl>
        <Polygon>
          <outerBoundaryIs>
            <LinearRing>
              <tessellate>1</tessellate>
              <coordinates>
                -47.7980297,-21.216483,0
                -47.7979546,-21.216878,0
                -47.7977024,-21.216833,0
                -47.7977936,-21.216408,0
                -47.798035,-21.216438,0
                -47.7980297,-21.216483,0
              </coordinates>
            </LinearRing>
          </outerBoundaryIs>
        </Polygon>
      </Placemark>
      <Placemark>
        <name>PORTA ATIVA ESTÁCIO</name>
        <styleUrl>#poly-E65100-1200-128-nodesc</styleUrl>
        <Polygon>
          <outerBoundaryIs>
            <LinearRing>
              <tessellate>1</tessellate>
              <coordinates>
                -47.7875575,-21.2088099,0
                -47.7863505,-21.209055,0
                -47.7862593,-21.2080448,0
                -47.7873858,-21.2078897,0
                -47.7875575,-21.2088099,0
              </coordinates>
            </LinearRing>
          </outerBoundaryIs>
        </Polygon>
      </Placemark>
      <Placemark>
        <name>Rib Preto 12 e 13 - Alcans (ativ)
Limite: 5
Horário: Segunda à Sábado
08:00 até às 17:00 horas

Rib Preto 13 - Terceiros Flex (ativ)
Horario: 08:00 até às 17:00 horas
Limite: Verificar bloqueio informativo.
-------------------------------------------

Ribeirão Preto - Suporte 13
Limite: 07
Segunda à Segunda

</name>
        <description><![CDATA[Condomínio Gold V<br>Rua: José Bianchi<br>Número: 375 <br>Bairro: Nova Ribeirânia - Ribeirão Preto<br>CTO NA RUA]]></description>
        <styleUrl>#poly-F57C00-1200-143</styleUrl>
        <Polygon>
          <outerBoundaryIs>
            <LinearRing>
              <tessellate>1</tessellate>
              <coordinates>
                -47.7707197,-21.1994797,0
                -47.7707974,-21.1995748,0
                -47.7705855,-21.1997148,0
                -47.7705185,-21.1996223,0
                -47.7707197,-21.1994797,0
              </coordinates>
            </LinearRing>
          </outerBoundaryIs>
        </Polygon>
      </Placemark>
      <Placemark>
        <name>ÁREA INVIABILIZADA</name>
        <styleUrl>#poly-A52714-1200-133-nodesc</styleUrl>
        <Polygon>
          <outerBoundaryIs>
            <LinearRing>
              <tessellate>1</tessellate>
              <coordinates>
                -47.7559166,-21.1795913,0
                -47.7559541,-21.1804717,0
                -47.7548452,-21.180515,0
                -47.7551416,-21.1793307,0
                -47.7553587,-21.1793212,0
                -47.7556001,-21.1793762,0
                -47.75582,-21.1795013,0
                -47.7559166,-21.1795913,0
              </coordinates>
            </LinearRing>
          </outerBoundaryIs>
        </Polygon>
      </Placemark>
      <Placemark>
        <name>Condominio Nova Morada Juruce</name>
        <description><![CDATA[TRANSFERIR PARA O SETOR COMERCIAL.<br>------------------------------------------------<br>(POSSUI INFRAESTRUTURA)<br><br>https://docs.google.com/spreadsheets/d/15aH9Mufet_ENqw5jmv4ccyAPmNKlkaPQHrJ18vcQlwg/edit?gid=589144418#gid=589144418]]></description>
        <styleUrl>#poly-0288D1-1200-110</styleUrl>
        <Polygon>
          <outerBoundaryIs>
            <LinearRing>
              <tessellate>1</tessellate>
              <coordinates>
                -47.7308731,-21.0807605,0
                -47.7332549,-21.079364,0
                -47.734183,-21.0809607,0
                -47.7318655,-21.0823022,0
                -47.7308731,-21.0807605,0
              </coordinates>
            </LinearRing>
          </outerBoundaryIs>
        </Polygon>
      </Placemark>
      <Placemark>
        <name>Cajuru e Cássia - Alcans Ativ (Internet + Câmeras)
Ativação: 05
Horário: Segunda à Sábado
08:00 até às 17:00 horas

Cajuru e Cássia - Terceiros Comum (ativ)
Horário: 08:00 até às 17:00 horas
Limite: Verificar bloqueio informativo.

Cajuru e Cássia dos Coqueiros - Suporte
Limite: 07
Horário: Segunda à Segunda
-------------------------------------------

Al Vision - Ativação
Cajuru e Cássia - Alcans Ativ (Internet + Câmeras)
Limite: 05

Al Vision - Suporte 
Cajuru e Cássia - Suporte (Internet + Câmeras)
Limite: 07
</name>
        <description><![CDATA[Bairro: Palmeiras (Mumbuca)<br>Cajuru<br><br><br>https://docs.google.com/spreadsheets/d/15aH9Mufet_ENqw5jmv4ccyAPmNKlkaPQHrJ18vcQlwg/edit?gid=655594171#gid=655594171]]></description>
        <styleUrl>#poly-0288D1-1200-77</styleUrl>
        <Polygon>
          <outerBoundaryIs>
            <LinearRing>
              <tessellate>1</tessellate>
              <coordinates>
                -47.2392472,-21.2903974,0
                -47.2383357,-21.2907255,0
                -47.238204,-21.2900614,0
                -47.2374569,-21.2897793,0
                -47.236919,-21.2899521,0
                -47.2364253,-21.2900602,0
                -47.2359315,-21.291048,0
                -47.2353301,-21.2911922,0
                -47.2354724,-21.2898722,0
                -47.233954,-21.2896809,0
                -47.2328111,-21.2893676,0
                -47.2328214,-21.2890814,0
                -47.2333916,-21.2889289,0
                -47.2337716,-21.2882427,0
                -47.233937,-21.2880364,0
                -47.23413,-21.2877365,0
                -47.2335292,-21.285977,0
                -47.2337009,-21.2842576,0
                -47.2349883,-21.2833778,0
                -47.2337438,-21.2812984,0
                -47.2324134,-21.2799788,0
                -47.2327997,-21.2780993,0
                -47.228315,-21.2779893,0
                -47.2204507,-21.2761847,0
                -47.2201021,-21.2733429,0
                -47.2221164,-21.2716821,0
                -47.2251191,-21.2715515,0
                -47.2263194,-21.2739403,0
                -47.2276498,-21.2716608,0
                -47.2276927,-21.270341,0
                -47.2276498,-21.2681015,0
                -47.2225858,-21.2669617,0
                -47.2226099,-21.2658894,0
                -47.2255952,-21.2638572,0
                -47.2278188,-21.2622499,0
                -47.2308792,-21.2620225,0
                -47.2294952,-21.2604427,0
                -47.2291196,-21.2592829,0
                -47.2275908,-21.2594428,0
                -47.2263221,-21.2599228,0
                -47.2259399,-21.2589029,0
                -47.2273386,-21.2585029,0
                -47.2278215,-21.2573431,0
                -47.2306539,-21.2560232,0
                -47.2327675,-21.2597528,0
                -47.2342588,-21.2607027,0
                -47.2360183,-21.2603027,0
                -47.2406961,-21.2624224,0
                -47.2419835,-21.2624224,0
                -47.2425844,-21.264862,0
                -47.2454768,-21.2633239,0
                -47.2461957,-21.262944,0
                -47.2464746,-21.262984,0
                -47.246936,-21.262654,0
                -47.2473115,-21.262834,0
                -47.2485667,-21.262814,0
                -47.2472042,-21.2652636,0
                -47.2488886,-21.2663534,0
                -47.2506374,-21.2654136,0
                -47.2523218,-21.2674632,0
                -47.2533089,-21.2689129,0
                -47.2533625,-21.2694528,0
                -47.2535342,-21.2698128,0
                -47.2542959,-21.2714824,0
                -47.2501546,-21.2712125,0
                -47.2500581,-21.2744018,0
                -47.2495753,-21.2758514,0
                -47.2489923,-21.2759724,0
                -47.2421258,-21.2735729,0
                -47.2397836,-21.2778611,0
                -47.2376807,-21.2841994,0
                -47.2389038,-21.2847792,0
                -47.2378524,-21.2884981,0
                -47.2382816,-21.288738,0
                -47.2393544,-21.2889979,0
                -47.239569,-21.2896177,0
                -47.2392472,-21.2903974,0
              </coordinates>
            </LinearRing>
          </outerBoundaryIs>
        </Polygon>
      </Placemark>
      <Placemark>
        <name>ÁREA INVIABILIZADA</name>
        <description>Conjunto Habitacional Serrana</description>
        <styleUrl>#poly-A52714-1200-77</styleUrl>
        <Polygon>
          <outerBoundaryIs>
            <LinearRing>
              <tessellate>1</tessellate>
              <coordinates>
                -47.6101317,-21.2009421,0
                -47.6093351,-21.2013647,0
                -47.6085197,-21.2017849,0
                -47.6081013,-21.2010897,0
                -47.607766,-21.200532,0
                -47.6087074,-21.2000894,0
                -47.6094504,-21.1997068,0
                -47.6097884,-21.2003095,0
                -47.6101317,-21.2009421,0
              </coordinates>
            </LinearRing>
          </outerBoundaryIs>
        </Polygon>
      </Placemark>
      <Placemark>
        <name>Centro Empresarial Villena</name>
        <description><![CDATA[Centro Empresarial Villena<br>Rua Joaquim A. Nascimento <br>Número 225 <br>Bairro Jardim Canadá - Ribeirão Preto<br>(POSSUI INFRAESTRUTURA)]]></description>
        <styleUrl>#poly-F57C00-1200-128</styleUrl>
        <Polygon>
          <outerBoundaryIs>
            <LinearRing>
              <tessellate>1</tessellate>
              <coordinates>
                -47.8126865,-21.2115374,0
                -47.8127563,-21.2117224,0
                -47.8124532,-21.2118175,0
                -47.8123861,-21.2116224,0
                -47.8126678,-21.2115299,0
                -47.8126865,-21.2115374,0
              </coordinates>
            </LinearRing>
          </outerBoundaryIs>
        </Polygon>
      </Placemark>
      <Placemark>
        <name>RURAL JARDINÓPOLIS</name>
        <description>https://docs.google.com/spreadsheets/d/15aH9Mufet_ENqw5jmv4ccyAPmNKlkaPQHrJ18vcQlwg/edit?gid=2039741565#gid=2039741565</description>
        <styleUrl>#poly-0097A7-1200-77</styleUrl>
        <Polygon>
          <outerBoundaryIs>
            <LinearRing>
              <tessellate>1</tessellate>
              <coordinates>
                -47.734968,-21.014427,0
                -47.734378,-21.0148176,0
                -47.729786,-21.009249,0
                -47.7268356,-21.0093692,0
                -47.7238101,-21.007987,0
                -47.7248186,-21.0069154,0
                -47.7309769,-21.0077366,0
                -47.7337664,-21.0109617,0
                -47.734968,-21.014427,0
              </coordinates>
            </LinearRing>
          </outerBoundaryIs>
        </Polygon>
      </Placemark>
      <Placemark>
        <name>Condomínio Edifício Uniplace</name>
        <description>R Magda P Frossard número 770 Nova Aliança - Ribeirão Preto - CTO NA RUA</description>
        <styleUrl>#poly-F9A825-1200-128</styleUrl>
        <Polygon>
          <outerBoundaryIs>
            <LinearRing>
              <tessellate>1</tessellate>
              <coordinates>
                -47.8173841,-21.2201514,0
                -47.8171468,-21.2200002,0
                -47.8169751,-21.2196602,0
                -47.8171455,-21.2196089,0
                -47.8172648,-21.2195777,0
                -47.817356,-21.2198108,0
                -47.8173077,-21.2199264,0
                -47.8173141,-21.2199836,0
                -47.8174278,-21.2201095,0
                -47.8173841,-21.2201514,0
              </coordinates>
            </LinearRing>
          </outerBoundaryIs>
        </Polygon>
      </Placemark>
      <Placemark>
        <name>COND WEST TOWER E WEST SHOPPING
</name>
        <description><![CDATA[COMERCIAL<br>------------------------------------------------<br>R Monte Alegre número 100 Sumarezinho - Ribeirão Preto / Av. Antonio E Helena Zerrener número 1500 Vila Tibério - Ribeirão Preto<br>(POSSUI INFRAESTRUTURA)]]></description>
        <styleUrl>#poly-F57C00-1200-153</styleUrl>
        <Polygon>
          <outerBoundaryIs>
            <LinearRing>
              <tessellate>1</tessellate>
              <coordinates>
                -47.8304202,-21.1663377,0
                -47.8300748,-21.1666545,0
                -47.8294579,-21.1660241,0
                -47.8298656,-21.165719,0
                -47.8304202,-21.1663377,0
              </coordinates>
            </LinearRing>
          </outerBoundaryIs>
        </Polygon>
      </Placemark>
      <Placemark>
        <name>Condomínio Edifício Saint Moritz

Rib Preto 08 - Alcans (ativ)
Limite: 3
Horário: Segunda à Sábado
08:00 até às 17:00 horas
--------------------------------------------
Ribeirão Preto - Suporte 08
Limite: 07
Horário: Segunda à Segunda
</name>
        <description><![CDATA[Condomínio Edifício Saint Moritz<br>Rua Rui Barbosa 1145<br>Centro<br>Ribeirão Preto<br>(POSSUI INFRAESTRUTURA)]]></description>
        <styleUrl>#poly-F9A825-1200-148</styleUrl>
        <Polygon>
          <outerBoundaryIs>
            <LinearRing>
              <tessellate>1</tessellate>
              <coordinates>
                -47.8074705,-21.184591,0
                -47.8073176,-21.1846986,0
                -47.8072264,-21.1845935,0
                -47.8073739,-21.1844935,0
                -47.8074705,-21.184591,0
              </coordinates>
            </LinearRing>
          </outerBoundaryIs>
        </Polygon>
      </Placemark>
      <Placemark>
        <name>Região de Consulta</name>
        <description>Nesse ponto precisa ser colocado posteamento para interligar, consultar engenharia.</description>
        <styleUrl>#poly-FFD600-1200-77</styleUrl>
        <Polygon>
          <outerBoundaryIs>
            <LinearRing>
              <tessellate>1</tessellate>
              <coordinates>
                -47.2336001,-21.2916101,0
                -47.2331269,-21.2920402,0
                -47.2307474,-21.2908305,0
                -47.2300146,-21.2892206,0
                -47.2307733,-21.288198,0
                -47.2319264,-21.2885679,0
                -47.2328446,-21.2896296,0
                -47.2341397,-21.2898914,0
                -47.2341183,-21.2901683,0
                -47.2338379,-21.2908355,0
                -47.2337184,-21.2912498,0
                -47.2336001,-21.2916101,0
              </coordinates>
            </LinearRing>
          </outerBoundaryIs>
        </Polygon>
      </Placemark>
      <Placemark>
        <name>(Edifício Comercial Sem Nome) Av Independência, 522</name>
        <description><![CDATA[PREDIO COMERCIAL SEM NOME<br>Avenida Independência 522<br>Centro<br>Ribeirão Preto<br>CTO DA RUA]]></description>
        <styleUrl>#poly-F57C00-1200-179</styleUrl>
        <Polygon>
          <outerBoundaryIs>
            <LinearRing>
              <tessellate>1</tessellate>
              <coordinates>
                -47.8038476,-21.183895,0
                -47.8036813,-21.183715,0
                -47.8037672,-21.1836499,0
                -47.8039361,-21.183825,0
                -47.8039549,-21.1838475,0
                -47.8038584,-21.1839175,0
                -47.8038476,-21.183895,0
              </coordinates>
            </LinearRing>
          </outerBoundaryIs>
        </Polygon>
      </Placemark>
      <Placemark>
        <name>Santo Antônio da Alegria - Ativação e Suporte

Ativação: 04
Suporte: 04
Horário: Segunda á Sábado 
Das 08:00 às 17:00 horas
</name>
        <styleUrl>#poly-0288D1-1200-77-nodesc</styleUrl>
        <Polygon>
          <outerBoundaryIs>
            <LinearRing>
              <tessellate>1</tessellate>
              <coordinates>
                -47.1433251,-21.1033483,0
                -47.1430246,-21.107372,0
                -47.1398489,-21.1072119,0
                -47.1402781,-21.104109,0
                -47.1410935,-21.1030481,0
                -47.1433251,-21.1033483,0
              </coordinates>
            </LinearRing>
          </outerBoundaryIs>
        </Polygon>
      </Placemark>
      <Placemark>
        <name>Santo Antônio da Alegria - Ativação e Suporte

Ativação: 04
Suporte: 04
Horário: Segunda á Sábado 
Das 08:00 às 17:00 horas
</name>
        <description>NESSE PONTO É NECESSÁRIO IMPLANTAR ALGUNS POSTES PARA CHEGAR ATÉ NAS CHÁCARAS, CASO ALGUM MORADOR ENTRAR EM CONTATO BASTA ENCAMINHAR CONTATO PARA ENGENHARIA (BENILSON, ADILSON OU ALGUM RESPONSÁVEL)</description>
        <styleUrl>#poly-0288D1-1200-77</styleUrl>
        <Polygon>
          <outerBoundaryIs>
            <LinearRing>
              <tessellate>1</tessellate>
              <coordinates>
                -47.143004,-21.1075105,0
                -47.1426607,-21.1104531,0
                -47.139442,-21.110353,0
                -47.1387125,-21.1093121,0
                -47.1395922,-21.1074504,0
                -47.143004,-21.1075105,0
              </coordinates>
            </LinearRing>
          </outerBoundaryIs>
        </Polygon>
      </Placemark>
      <Placemark>
        <name>BAIRRO SERRANA </name>
        <styleUrl>#poly-673AB7-1200-77-nodesc</styleUrl>
        <Polygon>
          <outerBoundaryIs>
            <LinearRing>
              <tessellate>1</tessellate>
              <coordinates>
                -47.6057899,-21.2215722,0
                -47.605071,-21.2228023,0
                -47.6047063,-21.2228574,0
                -47.604202,-21.2228274,0
                -47.6032418,-21.2226273,0
                -47.602936,-21.2224873,0
                -47.6028448,-21.2219072,0
                -47.6030916,-21.2216622,0
                -47.6027161,-21.2213522,0
                -47.602818,-21.2212221,0
                -47.6023352,-21.2205921,0
                -47.6027053,-21.220277,0
                -47.6030379,-21.2194869,0
                -47.6057899,-21.2215722,0
              </coordinates>
            </LinearRing>
          </outerBoundaryIs>
        </Polygon>
      </Placemark>
      <Placemark>
        <name>ÁREA RURAL</name>
        <description>https://docs.google.com/spreadsheets/d/15aH9Mufet_ENqw5jmv4ccyAPmNKlkaPQHrJ18vcQlwg/edit?gid=1739821946#gid=1739821946</description>
        <styleUrl>#poly-0288D1-1200-99</styleUrl>
        <Polygon>
          <outerBoundaryIs>
            <LinearRing>
              <tessellate>1</tessellate>
              <coordinates>
                -47.1175005,-21.0889086,0
                -47.117522,-21.0912009,0
                -47.1163525,-21.092302,0
                -47.1144214,-21.0916114,0
                -47.1118035,-21.0891388,0
                -47.1082844,-21.0843763,0
                -47.1104731,-21.0827772,0
                -47.1123614,-21.0849845,0
                -47.1146467,-21.0866463,0
                -47.1175005,-21.0889086,0
              </coordinates>
            </LinearRing>
          </outerBoundaryIs>
        </Polygon>
      </Placemark>
      <Placemark>
        <name>Santo Antônio da Alegria - Ativação e Suporte

Ativação: 04
Suporte: 04
Horário: Segunda á Sábado 
Das 08:00 às 17:00 horas
</name>
        <styleUrl>#poly-673AB7-1200-77-nodesc</styleUrl>
        <Polygon>
          <outerBoundaryIs>
            <LinearRing>
              <tessellate>1</tessellate>
              <coordinates>
                -47.159463,-21.0798052,0
                -47.1597098,-21.0810966,0
                -47.158138,-21.0809664,0
                -47.1566091,-21.0812768,0
                -47.1536158,-21.0822078,0
                -47.1525,-21.081527,0
                -47.1522532,-21.0806261,0
                -47.1587656,-21.0787741,0
                -47.1593986,-21.0795249,0
                -47.159463,-21.0798052,0
              </coordinates>
            </LinearRing>
          </outerBoundaryIs>
        </Polygon>
      </Placemark>
      <Placemark>
        <name>BASE COMPARTILHADA</name>
        <styleUrl>#poly-673AB7-1200-77-nodesc</styleUrl>
        <Polygon>
          <outerBoundaryIs>
            <LinearRing>
              <tessellate>1</tessellate>
              <coordinates>
                -47.8660995,-21.1370332,0
                -47.8639323,-21.1377237,0
                -47.8621566,-21.136673,0
                -47.8653914,-21.1357373,0
                -47.8660995,-21.1370332,0
              </coordinates>
            </LinearRing>
          </outerBoundaryIs>
        </Polygon>
      </Placemark>
      <Placemark>
        <name>Fazenda Santo Antônio da Boa Vista</name>
        <description><![CDATA[Consultar Comercial<br><br><br>https://docs.google.com/spreadsheets/d/15aH9Mufet_ENqw5jmv4ccyAPmNKlkaPQHrJ18vcQlwg/edit?gid=1504262324#gid=1504262324]]></description>
        <styleUrl>#poly-0288D1-1200-77</styleUrl>
        <Polygon>
          <outerBoundaryIs>
            <LinearRing>
              <tessellate>1</tessellate>
              <coordinates>
                -47.9066722,-21.1315021,0
                -47.909408,-21.1322827,0
                -47.9093114,-21.1328731,0
                -47.9092793,-21.1332734,0
                -47.9095582,-21.1335036,0
                -47.9094402,-21.1337838,0
                -47.9092793,-21.1336637,0
                -47.9090003,-21.1343542,0
                -47.9086033,-21.1340039,0
                -47.9072408,-21.1356251,0
                -47.9069833,-21.1347745,0
                -47.9067902,-21.1347645,0
                -47.9056958,-21.1344142,0
                -47.9064468,-21.1324128,0
                -47.9066829,-21.1321526,0
                -47.9066722,-21.1315021,0
              </coordinates>
            </LinearRing>
          </outerBoundaryIs>
        </Polygon>
      </Placemark>
      <Placemark>
        <name>REGIÃO MARLI</name>
        <description><![CDATA[ACOMPANHAR PELO FTTH CONDOMÍNIOS <br><br>TUBOS CAJURU - MARLI BARBOSA - DE FRENTE O TREVO CAJANGA<br><br><br> https://docs.google.com/spreadsheets/d/15aH9Mufet_ENqw5jmv4ccyAPmNKlkaPQHrJ18vcQlwg/edit?gid=195996124#gid=195996124]]></description>
        <styleUrl>#poly-0288D1-1200-77</styleUrl>
        <Polygon>
          <outerBoundaryIs>
            <LinearRing>
              <tessellate>1</tessellate>
              <coordinates>
                -47.3011785,-21.2413048,0
                -47.303711,-21.2425236,0
                -47.3040031,-21.2436292,0
                -47.3033209,-21.2442124,0
                -47.2945185,-21.2451699,0
                -47.2898371,-21.2457097,0
                -47.2879921,-21.2417401,0
                -47.2924062,-21.2324252,0
                -47.2939883,-21.2332522,0
                -47.2954755,-21.2368825,0
                -47.297036,-21.2393287,0
                -47.3011785,-21.2413048,0
              </coordinates>
            </LinearRing>
          </outerBoundaryIs>
        </Polygon>
      </Placemark>
      <Placemark>
        <name>Rural CJU</name>
        <description><![CDATA[ACOMPANHAR PELO FTTH CONDOMÍNIOS <br><br>Região Ricosti <br><br><br>https://docs.google.com/spreadsheets/d/15aH9Mufet_ENqw5jmv4ccyAPmNKlkaPQHrJ18vcQlwg/edit?gid=538268935#gid=538268935]]></description>
        <styleUrl>#poly-0288D1-1200-77</styleUrl>
        <Polygon>
          <outerBoundaryIs>
            <LinearRing>
              <tessellate>1</tessellate>
              <coordinates>
                -47.307845,-21.2335029,0
                -47.3090558,-21.2385795,0
                -47.3051585,-21.240893,0
                -47.3005547,-21.2397265,0
                -47.2994339,-21.2345119,0
                -47.2982023,-21.2345332,0
                -47.2991164,-21.2322744,0
                -47.2994212,-21.230437,0
                -47.2998591,-21.2294223,0
                -47.3009626,-21.2274447,0
                -47.30124,-21.2276072,0
                -47.3014515,-21.2271723,0
                -47.3030974,-21.2242023,0
                -47.3040505,-21.225023,0
                -47.3047835,-21.2230835,0
                -47.3050982,-21.2228741,0
                -47.3058283,-21.2215515,0
                -47.3069688,-21.2215816,0
                -47.3070284,-21.2216917,0
                -47.3072131,-21.221802,0
                -47.3076682,-21.2239228,0
                -47.3076988,-21.224984,0
                -47.3063722,-21.2276002,0
                -47.3066335,-21.2306165,0
                -47.3073461,-21.2315507,0
                -47.3084279,-21.2314388,0
                -47.3092183,-21.2313951,0
                -47.3101125,-21.2313677,0
                -47.3101413,-21.2311728,0
                -47.3104136,-21.231123,0
                -47.3111296,-21.2312835,0
                -47.3115748,-21.2315845,0
                -47.3121217,-21.2322264,0
                -47.3120998,-21.2324901,0
                -47.3116054,-21.2327777,0
                -47.310917,-21.2330927,0
                -47.307845,-21.2335029,0
              </coordinates>
            </LinearRing>
          </outerBoundaryIs>
        </Polygon>
      </Placemark>
      <Placemark>
        <name>BAIRRO NOVO</name>
        <description>EM BREVE!!!</description>
        <styleUrl>#poly-673AB7-1200-77</styleUrl>
        <Polygon>
          <outerBoundaryIs>
            <LinearRing>
              <tessellate>1</tessellate>
              <coordinates>
                -47.2756558,-21.7186825,0
                -47.2755914,-21.7223106,0
                -47.2730487,-21.7224401,0
                -47.2727161,-21.7213737,0
                -47.2725981,-21.7201178,0
                -47.2728127,-21.7189317,0
                -47.273038,-21.718533,0
                -47.2756558,-21.7186825,0
              </coordinates>
            </LinearRing>
          </outerBoundaryIs>
        </Polygon>
      </Placemark>
      <Placemark>
        <name>Cajuru e Cássia dos Coqueiros - Ativação Hibrido
Ativação: 05
Horário: Segunda à Sábado
08:00 até às 17:00 horas

Cajuru e Cássia - Terceiros Comum (ativ)
Horário: 08:00 até às 17:00 horas
Limite: Verificar bloqueio informativo.

-------------------------------------------
Cajuru e Cássia dos Coqueiros - Suporte Hibrido
Limite: 07
Horário: Segunda à Segunda
08:00 até às 17:00 horas</name>
        <styleUrl>#poly-673AB7-1200-77-nodesc</styleUrl>
        <Polygon>
          <outerBoundaryIs>
            <LinearRing>
              <tessellate>1</tessellate>
              <coordinates>
                -47.1710347,-21.2905507,0
                -47.1709489,-21.2922901,0
                -47.1695756,-21.2946493,0
                -47.1669148,-21.295469,0
                -47.1663784,-21.2944493,0
                -47.1660136,-21.2918303,0
                -47.1667432,-21.2903908,0
                -47.1672796,-21.2900109,0
                -47.1693181,-21.289711,0
                -47.1697902,-21.289791,0
                -47.1697472,-21.2905707,0
                -47.1710347,-21.2905507,0
              </coordinates>
            </LinearRing>
          </outerBoundaryIs>
        </Polygon>
      </Placemark>
      <Placemark>
        <name>LOCAL INVIABILIZADO!!</name>
        <styleUrl>#poly-A52714-2401-153-nodesc</styleUrl>
        <Polygon>
          <outerBoundaryIs>
            <LinearRing>
              <tessellate>1</tessellate>
              <coordinates>
                -47.8119629,-21.1535195,0
                -47.8121184,-21.1537046,0
                -47.8124135,-21.1542749,0
                -47.813202,-21.1556357,0
                -47.8133389,-21.1561861,0
                -47.813021,-21.1565813,0
                -47.8128963,-21.1558559,0
                -47.8122579,-21.15439,0
                -47.8122311,-21.15433,0
                -47.8120487,-21.1540548,0
                -47.8119521,-21.1538597,0
                -47.8118502,-21.1537997,0
                -47.8117966,-21.1537046,0
                -47.8118341,-21.1536696,0
                -47.8117697,-21.1535495,0
                -47.8119307,-21.1534595,0
                -47.8119629,-21.1535195,0
              </coordinates>
            </LinearRing>
          </outerBoundaryIs>
        </Polygon>
      </Placemark>
      <Placemark>
        <name>ÁREA INVIABILIZADA</name>
        <description>SEM VIABILIDADE</description>
        <styleUrl>#poly-A52714-1200-156</styleUrl>
        <Polygon>
          <outerBoundaryIs>
            <LinearRing>
              <tessellate>1</tessellate>
              <coordinates>
                -47.8349844,-21.2075337,0
                -47.8352955,-21.2078638,0
                -47.8349469,-21.2081739,0
                -47.8346304,-21.2078038,0
                -47.8339437,-21.2082439,0
                -47.8334663,-21.2082389,0
                -47.8327153,-21.2076638,0
                -47.8321144,-21.2070336,0
                -47.831637,-21.2063735,0
                -47.8313581,-21.2056783,0
                -47.8310362,-21.2053032,0
                -47.8304944,-21.2046281,0
                -47.8298775,-21.2039979,0
                -47.829856,-21.2038529,0
                -47.8304622,-21.2035578,0
                -47.8306392,-21.2038179,0
                -47.8312051,-21.2045205,0
                -47.8313912,-21.2047725,0
                -47.8318516,-21.2050456,0
                -47.8321144,-21.2051744,0
                -47.8323666,-21.2053282,0
                -47.8329648,-21.2056616,0
                -47.8330318,-21.2057077,0
                -47.8326283,-21.2064759,0
                -47.8325519,-21.2066201,0
                -47.8327582,-21.2069336,0
                -47.8329564,-21.207072,0
                -47.833106,-21.2071088,0
                -47.8332915,-21.2069549,0
                -47.8336218,-21.2069236,0
                -47.8337221,-21.206996,0
                -47.8337757,-21.2073311,0
                -47.8340279,-21.2075561,0
                -47.8346411,-21.2071336,0
                -47.8349844,-21.2075337,0
              </coordinates>
            </LinearRing>
          </outerBoundaryIs>
        </Polygon>
      </Placemark>
      <Placemark>
        <name>FTTH REGIÃO CASA JOVEM</name>
        <styleUrl>#poly-673AB7-1200-77-nodesc</styleUrl>
        <Polygon>
          <outerBoundaryIs>
            <LinearRing>
              <tessellate>1</tessellate>
              <coordinates>
                -47.6111028,-20.8882157,0
                -47.6116929,-20.8889324,0
                -47.6122159,-20.8889024,0
                -47.6121877,-20.8895389,0
                -47.6116231,-20.8893334,0
                -47.6108185,-20.8898446,0
                -47.6099924,-20.8893283,0
                -47.6090697,-20.8885515,0
                -47.6087156,-20.8880754,0
                -47.609413,-20.8872184,0
                -47.6099977,-20.8873336,0
                -47.6111511,-20.8878549,0
                -47.6111028,-20.8882157,0
              </coordinates>
            </LinearRing>
          </outerBoundaryIs>
        </Polygon>
      </Placemark>
      <Placemark>
        <name>REGIÃO CASA JOVEM</name>
        <styleUrl>#poly-673AB7-1200-77-nodesc</styleUrl>
        <Polygon>
          <outerBoundaryIs>
            <LinearRing>
              <tessellate>1</tessellate>
              <coordinates>
                -47.6140792,-20.8844028,0
                -47.6144225,-20.8851245,0
                -47.614798,-20.885766,0
                -47.6147551,-20.8864978,0
                -47.6148624,-20.8875402,0
                -47.6146156,-20.8885627,0
                -47.6142508,-20.8890538,0
                -47.6130814,-20.8888533,0
                -47.6136607,-20.8844629,0
                -47.6140792,-20.8844028,0
              </coordinates>
            </LinearRing>
          </outerBoundaryIs>
        </Polygon>
      </Placemark>
      <Placemark>
        <name>REGIÃO CASA JOVEM</name>
        <styleUrl>#poly-673AB7-1200-77-nodesc</styleUrl>
        <Polygon>
          <outerBoundaryIs>
            <LinearRing>
              <tessellate>1</tessellate>
              <coordinates>
                -47.6144976,-20.890427,0
                -47.6144332,-20.8909382,0
                -47.6132638,-20.8911588,0
                -47.6117939,-20.8911888,0
                -47.6105896,-20.8912765,0
                -47.6101792,-20.8908029,0
                -47.6105628,-20.8904596,0
                -47.6111394,-20.8903369,0
                -47.6129848,-20.8898457,0
                -47.6142079,-20.8901464,0
                -47.6144976,-20.890427,0
              </coordinates>
            </LinearRing>
          </outerBoundaryIs>
        </Polygon>
      </Placemark>
      <Placemark>
        <name>REGIÃO CASA JOVEM</name>
        <styleUrl>#poly-673AB7-1200-77-nodesc</styleUrl>
        <Polygon>
          <outerBoundaryIs>
            <LinearRing>
              <tessellate>1</tessellate>
              <coordinates>
                -47.6127972,-20.8933369,0
                -47.6131728,-20.8956022,0
                -47.612808,-20.8963038,0
                -47.6123788,-20.8964942,0
                -47.6115098,-20.8956222,0
                -47.6112845,-20.8939784,0
                -47.609761,-20.8937078,0
                -47.6093104,-20.892515,0
                -47.6102009,-20.8924749,0
                -47.6117673,-20.8927656,0
                -47.6127972,-20.8933369,0
              </coordinates>
            </LinearRing>
          </outerBoundaryIs>
        </Polygon>
      </Placemark>
      <Placemark>
        <name>REGIÃO CASA JOVEM</name>
        <styleUrl>#poly-673AB7-1200-77-nodesc</styleUrl>
        <Polygon>
          <outerBoundaryIs>
            <LinearRing>
              <tessellate>1</tessellate>
              <coordinates>
                -47.6082375,-20.8914826,0
                -47.6087417,-20.8943693,0
                -47.6079907,-20.8966546,0
                -47.6070681,-20.8975867,0
                -47.6055338,-20.8978774,0
                -47.6046433,-20.8967548,0
                -47.6043537,-20.892515,0
                -47.6059523,-20.8915627,0
                -47.6074328,-20.8909012,0
                -47.6082375,-20.8914826,0
              </coordinates>
            </LinearRing>
          </outerBoundaryIs>
        </Polygon>
      </Placemark>
      <Placemark>
        <name>REGIÃO CASA JOVEM</name>
        <styleUrl>#poly-673AB7-1200-77-nodesc</styleUrl>
        <Polygon>
          <outerBoundaryIs>
            <LinearRing>
              <tessellate>1</tessellate>
              <coordinates>
                -47.6116493,-20.8958628,0
                -47.6113274,-20.8965343,0
                -47.6092353,-20.8960231,0
                -47.6088061,-20.8956322,0
                -47.608849,-20.8948003,0
                -47.6106837,-20.8952614,0
                -47.6116493,-20.8958628,0
              </coordinates>
            </LinearRing>
          </outerBoundaryIs>
        </Polygon>
      </Placemark>
      <Placemark>
        <name>REGIÃO RURAL CJU</name>
        <description>TRANSFERIR PARA SETOR COMERCIAL</description>
        <styleUrl>#poly-0288D1-1200-77</styleUrl>
        <Polygon>
          <outerBoundaryIs>
            <LinearRing>
              <tessellate>1</tessellate>
              <coordinates>
                -47.3319414,-21.253623,0
                -47.3319521,-21.2557028,0
                -47.3325958,-21.2570127,0
                -47.3308256,-21.2575926,0
                -47.3297205,-21.2562327,0
                -47.3281541,-21.2550729,0
                -47.3259332,-21.2546929,0
                -47.3235085,-21.2551429,0
                -47.3234548,-21.253193,0
                -47.3238518,-21.2519831,0
                -47.3254611,-21.2524431,0
                -47.3263409,-21.253553,0
                -47.3298707,-21.253783,0
                -47.3316624,-21.253303,0
                -47.3319414,-21.253623,0
              </coordinates>
            </LinearRing>
          </outerBoundaryIs>
        </Polygon>
      </Placemark>
      <Placemark>
        <name>ÁREA RURAL</name>
        <description><![CDATA[TRANSFERIR PARA COMERCIAL<br><br><br>https://docs.google.com/spreadsheets/d/15aH9Mufet_ENqw5jmv4ccyAPmNKlkaPQHrJ18vcQlwg/edit?gid=2122014796#gid=2122014796]]></description>
        <styleUrl>#poly-0288D1-1200-77</styleUrl>
        <Polygon>
          <outerBoundaryIs>
            <LinearRing>
              <tessellate>1</tessellate>
              <coordinates>
                -47.6186509,-20.8865366,0
                -47.618887,-20.8947559,0
                -47.6165695,-20.8975825,0
                -47.6141609,-20.896916,0
                -47.6139517,-20.896079,0
                -47.6154752,-20.8905862,0
                -47.6159687,-20.8855342,0
                -47.6136727,-20.8834493,0
                -47.6114411,-20.8840707,0
                -47.6098104,-20.8817853,0
                -47.6122994,-20.8790988,0
                -47.6142092,-20.8792993,0
                -47.617106,-20.8825872,0
                -47.6186509,-20.8865366,0
              </coordinates>
            </LinearRing>
          </outerBoundaryIs>
        </Polygon>
      </Placemark>
      <Placemark>
        <name>CDHU inviabilizado</name>
        <description><![CDATA[Rua Djalma Aleixo de Souza, Conj Hab Margarida R Berchieri, Jaboticabal<br><br>Inviabilizados: Residencial dos Ipês (nº 236); Condomínio Jequitibá (nº 276); Residencial Paineiras, Residencial Aroeira (nº 396).]]></description>
        <styleUrl>#poly-A52714-1200-143</styleUrl>
        <Polygon>
          <outerBoundaryIs>
            <LinearRing>
              <tessellate>1</tessellate>
              <coordinates>
                -48.318551,-21.2714643,0
                -48.3184973,-21.2716493,0
                -48.3182908,-21.2720992,0
                -48.3182506,-21.2722216,0
                -48.3180682,-21.2726516,0
                -48.3179502,-21.2731589,0
                -48.3171562,-21.2724366,0
                -48.3171348,-21.2723691,0
                -48.3176846,-21.2706445,0
                -48.318551,-21.2714643,0
              </coordinates>
            </LinearRing>
          </outerBoundaryIs>
        </Polygon>
      </Placemark>
      <Placemark>
        <name>ÁREA INVIABILIZADA!!</name>
        <styleUrl>#poly-A52714-1200-158-nodesc</styleUrl>
        <Polygon>
          <outerBoundaryIs>
            <LinearRing>
              <tessellate>1</tessellate>
              <coordinates>
                -47.8072002,-21.1358867,0
                -47.8068267,-21.1362081,0
                -47.806699,-21.1360637,0
                -47.8065573,-21.1361465,0
                -47.8060815,-21.13557,0
                -47.8065686,-21.1351236,0
                -47.8072002,-21.1358867,0
              </coordinates>
            </LinearRing>
          </outerBoundaryIs>
        </Polygon>
      </Placemark>
      <Placemark>
        <name>ÁREA INVIABILIZADA</name>
        <styleUrl>#poly-A52714-1200-77-nodesc</styleUrl>
        <Polygon>
          <outerBoundaryIs>
            <LinearRing>
              <tessellate>1</tessellate>
              <coordinates>
                -47.7526112,-21.0603218,0
                -47.7510555,-21.0640263,0
                -47.7470751,-21.0627648,0
                -47.7494033,-21.0578087,0
                -47.7509483,-21.0573382,0
                -47.754639,-21.0577386,0
                -47.7555617,-21.0582893,0
                -47.7553578,-21.0593807,0
                -47.7538772,-21.0600615,0
                -47.7526112,-21.0603218,0
              </coordinates>
            </LinearRing>
          </outerBoundaryIs>
        </Polygon>
      </Placemark>
      <Placemark>
        <name><![CDATA[REGIÃO RURAL "ÍTALO"]]></name>
        <description><![CDATA[ACOMPANHAR PELO FTTH CONDOMÍNIOS<br><br>https://docs.google.com/spreadsheets/d/15aH9Mufet_ENqw5jmv4ccyAPmNKlkaPQHrJ18vcQlwg/edit?gid=1012726872#gid=1012726872<br><br>TAXA: R$200]]></description>
        <styleUrl>#poly-0288D1-1200-77</styleUrl>
        <Polygon>
          <outerBoundaryIs>
            <LinearRing>
              <tessellate>1</tessellate>
              <coordinates>
                -47.318614,-21.3430227,0
                -47.3159318,-21.3431027,0
                -47.3133783,-21.3407243,0
                -47.3129492,-21.3393053,0
                -47.3111253,-21.3390455,0
                -47.3103743,-21.3372067,0
                -47.3111897,-21.3357077,0
                -47.3138075,-21.3363073,0
                -47.3153095,-21.3354079,0
                -47.3159533,-21.3337689,0
                -47.3162322,-21.3321699,0
                -47.3193221,-21.3291318,0
                -47.3213606,-21.328752,0
                -47.3233937,-21.3274578,0
                -47.3256414,-21.3268431,0
                -47.3301475,-21.3275128,0
                -47.3290424,-21.3312905,0
                -47.3286991,-21.3322299,0
                -47.3267894,-21.3340687,0
                -47.3252444,-21.3374665,0
                -47.3241286,-21.3389455,0
                -47.3243647,-21.3419035,0
                -47.3212533,-21.3427829,0
                -47.318614,-21.3430227,0
              </coordinates>
            </LinearRing>
          </outerBoundaryIs>
        </Polygon>
      </Placemark>
      <Placemark>
        <name>RURAL ESCOLA ALTINÓPOLIS</name>
        <description>https://docs.google.com/spreadsheets/d/15aH9Mufet_ENqw5jmv4ccyAPmNKlkaPQHrJ18vcQlwg/edit?gid=523921249#gid=523921249</description>
        <styleUrl>#poly-0288D1-1200-77</styleUrl>
        <Polygon>
          <outerBoundaryIs>
            <LinearRing>
              <tessellate>1</tessellate>
              <coordinates>
                -47.4352574,-21.0160176,0
                -47.4376606,-21.0212254,0
                -47.4335837,-21.0220266,0
                -47.4285626,-21.0208648,0
                -47.4272751,-21.0206245,0
                -47.4272322,-21.0193025,0
                -47.4325966,-21.0173796,0
                -47.4352574,-21.0160176,0
              </coordinates>
            </LinearRing>
          </outerBoundaryIs>
        </Polygon>
      </Placemark>
      <Placemark>
        <name>Mococa - Hibrido

Capacidade: 04
Horário: Segunda à Sábado
08:00 até às 17:00 horas</name>
        <description>Mococa</description>
        <styleUrl>#poly-673AB7-1200-79</styleUrl>
        <Polygon>
          <outerBoundaryIs>
            <LinearRing>
              <tessellate>1</tessellate>
              <coordinates>
                -47.0241741,-21.4715251,0
                -47.0222966,-21.4742707,0
                -47.0218031,-21.474101,0
                -47.02161,-21.4738614,0
                -47.0221142,-21.4731725,0
                -47.0219747,-21.4729229,0
                -47.0206336,-21.4729628,0
                -47.019947,-21.4730227,0
                -47.0169536,-21.47471,0
                -47.0166318,-21.4751593,0
                -47.0164065,-21.4751593,0
                -47.016664,-21.4757184,0
                -47.0167498,-21.4775455,0
                -47.0137672,-21.4779049,0
                -47.0134453,-21.477845,0
                -47.013338,-21.4777451,0
                -47.0129732,-21.4779748,0
                -47.0126943,-21.477865,0
                -47.0103232,-21.4792926,0
                -47.0103339,-21.4795522,0
                -47.0103795,-21.4796171,0
                -47.0104581,-21.4808785,0
                -47.0101505,-21.4808894,0
                -47.0101576,-21.4811907,0
                -47.0112338,-21.4811346,0
                -47.0113907,-21.4809274,0
                -47.0113371,-21.4799415,0
                -47.0115463,-21.4800214,0
                -47.0120076,-21.4802111,0
                -47.012705,-21.4801412,0
                -47.0137028,-21.4810098,0
                -47.0147006,-21.4812095,0
                -47.0144967,-21.4822478,0
                -47.0148186,-21.4823376,0
                -47.0153014,-21.4823975,0
                -47.0163528,-21.4826471,0
                -47.0153121,-21.4842545,0
                -47.0138637,-21.4863909,0
                -47.0108275,-21.4865306,0
                -47.0106987,-21.4865806,0
                -47.0111172,-21.488128,0
                -47.0109777,-21.4883576,0
                -47.0106129,-21.4883476,0
                -47.0105485,-21.4887569,0
                -47.0106129,-21.4891662,0
                -47.015516,-21.4986498,0
                -47.0153658,-21.4987097,0
                -47.0140783,-21.4992487,0
                -47.0139174,-21.4992288,0
                -47.0138423,-21.4990591,0
                -47.0125334,-21.499648,0
                -47.0123081,-21.4994484,0
                -47.0120184,-21.4995582,0
                -47.0098619,-21.500776,0
                -47.0093469,-21.5004067,0
                -47.0086173,-21.5010455,0
                -47.0081131,-21.5006862,0
                -47.006493,-21.5019839,0
                -47.0056884,-21.5016445,0
                -47.005227,-21.5021236,0
                -47.0050446,-21.5031617,0
                -47.0053021,-21.5043396,0
                -47.0062033,-21.5046391,0
                -47.0059566,-21.5050983,0
                -47.0067291,-21.5051981,0
                -47.0067612,-21.5057171,0
                -47.0066432,-21.5061464,0
                -47.0075123,-21.5067952,0
                -47.00689,-21.5072743,0
                -47.0063428,-21.5077335,0
                -47.0058386,-21.5080928,0
                -47.0051197,-21.5081128,0
                -47.0040361,-21.5082026,0
                -47.0038537,-21.5080629,0
                -47.0038537,-21.5072643,0
                -47.0038215,-21.5070248,0
                -47.0041863,-21.5066654,0
                -46.9977705,-21.5035211,0
                -46.9972233,-21.5039304,0
                -46.9969873,-21.5037008,0
                -46.9969658,-21.5034113,0
                -46.9966118,-21.5031817,0
                -46.9965045,-21.5033314,0
                -46.9962363,-21.5034213,0
                -46.9960753,-21.5033414,0
                -46.9960002,-21.5028024,0
                -46.9952814,-21.5024929,0
                -46.9955067,-21.5019439,0
                -46.9958071,-21.5009856,0
                -46.9962041,-21.5002769,0
                -46.9962255,-21.4998776,0
                -46.9983606,-21.4995282,0
                -46.9986395,-21.4995282,0
                -46.9989077,-21.4999874,0
                -46.9984571,-21.5005364,0
                -46.9979743,-21.5009956,0
                -46.9987146,-21.501365,0
                -46.9991652,-21.5008459,0
                -46.9993047,-21.5004965,0
                -46.9995515,-21.5005364,0
                -47.000399,-21.4999575,0
                -47.0010535,-21.4993485,0
                -47.0017509,-21.4985699,0
                -47.0021478,-21.4986997,0
                -47.0025985,-21.499069,0
                -47.0030169,-21.4994484,0
                -47.0033495,-21.4993785,0
                -47.0034782,-21.4990391,0
                -47.0035855,-21.49853,0
                -47.00321,-21.4980408,0
                -47.002856,-21.4976515,0
                -47.0026092,-21.4970426,0
                -47.0026736,-21.4966333,0
                -47.0024053,-21.4965734,0
                -47.001944,-21.4964037,0
                -47.001944,-21.4961142,0
                -47.0018474,-21.4957848,0
                -47.0016972,-21.4953156,0
                -47.0016007,-21.4949712,0
                -47.0015095,-21.4946867,0
                -47.0002488,-21.4946168,0
                -47.0002596,-21.4949313,0
                -46.9997714,-21.495071,0
                -46.999589,-21.4948464,0
                -46.999412,-21.4945619,0
                -46.999235,-21.4940179,0
                -46.9988058,-21.4932193,0
                -46.9985698,-21.4925454,0
                -46.9984571,-21.4920063,0
                -46.9984088,-21.4913175,0
                -46.9985161,-21.4909382,0
                -46.9988273,-21.4903092,0
                -46.9991491,-21.4897802,0
                -46.999589,-21.4892211,0
                -47.0000611,-21.488682,0
                -47.0006619,-21.488073,0
                -47.0010052,-21.4875839,0
                -47.0014237,-21.487484,0
                -47.0017562,-21.4877336,0
                -47.0016811,-21.4879632,0
                -47.002003,-21.488113,0
                -47.0021961,-21.4884225,0
                -47.0023678,-21.4884424,0
                -47.0026789,-21.4882128,0
                -47.0029364,-21.4880231,0
                -47.0026467,-21.4875739,0
                -47.0024,-21.4869549,0
                -47.0024,-21.4867752,0
                -47.0033119,-21.4862561,0
                -47.0039235,-21.4858568,0
                -47.0042453,-21.4856571,0
                -47.0039664,-21.4851979,0
                -47.0032797,-21.4847786,0
                -47.0028828,-21.4854075,0
                -47.0024322,-21.4855673,0
                -47.002003,-21.4850581,0
                -47.0023571,-21.4847287,0
                -47.0027004,-21.4847886,0
                -47.0028935,-21.484539,0
                -47.0022283,-21.4837802,0
                -47.0018421,-21.4828019,0
                -47.0016275,-21.4820331,0
                -47.0013378,-21.4806754,0
                -47.0010481,-21.4789083,0
                -47.0007477,-21.4788683,0
                -47.0007799,-21.4792577,0
                -47.0002113,-21.4794174,0
                -47.0003508,-21.4803459,0
                -47.0003508,-21.4807552,0
                -47.0008336,-21.4809749,0
                -47.0007477,-21.4813642,0
                -47.0013056,-21.4818734,0
                -47.0013807,-21.4822827,0
                -47.0006941,-21.4830315,0
                -47.001134,-21.4838102,0
                -47.0007906,-21.48392,0
                -47.0004366,-21.4832411,0
                -47.0003293,-21.4835706,0
                -47.0005439,-21.4842495,0
                -47.0004902,-21.4847187,0
                -47.0008014,-21.4851979,0
                -47.0010589,-21.4853975,0
                -47.0011554,-21.485697,0
                -47.000973,-21.4860964,0
                -47.0007155,-21.4867054,0
                -47.0002435,-21.4874341,0
                -46.9997929,-21.4880531,0
                -46.9993852,-21.4874741,0
                -46.9998358,-21.486306,0
                -46.9998894,-21.4858168,0
                -46.9985376,-21.4845789,0
                -46.9978831,-21.485138,0
                -46.9969605,-21.4859167,0
                -46.9964669,-21.486306,0
                -46.995437,-21.4865157,0
                -46.9954477,-21.487534,0
                -46.994922,-21.487514,0
                -46.9947503,-21.4873043,0
                -46.9943748,-21.4873642,0
                -46.994128,-21.4877436,0
                -46.9940744,-21.4879732,0
                -46.9942461,-21.488103,0
                -46.9939993,-21.488712,0
                -46.9929479,-21.4872444,0
                -46.991875,-21.4855273,0
                -46.9917248,-21.4852079,0
                -46.990963,-21.4855872,0
                -46.9911454,-21.4864658,0
                -46.9905875,-21.4865456,0
                -46.9905017,-21.4858668,0
                -46.9898687,-21.4861663,0
                -46.9891069,-21.4862062,0
                -46.9885705,-21.4863559,0
                -46.9879804,-21.4866654,0
                -46.9872187,-21.4869649,0
                -46.9867681,-21.4872444,0
                -46.9863174,-21.4876837,0
                -46.9859527,-21.488093,0
                -46.9857703,-21.4882428,0
                -46.9852553,-21.4876438,0
                -46.9850407,-21.4883027,0
                -46.9840429,-21.4875539,0
                -46.9832919,-21.4881829,0
                -46.9824873,-21.4882627,0
                -46.981586,-21.4882927,0
                -46.9809208,-21.4876038,0
                -46.9791935,-21.4859167,0
                -46.9788502,-21.4855872,0
                -46.9786678,-21.485707,0
                -46.9783888,-21.4855772,0
                -46.9781635,-21.4851679,0
                -46.9782279,-21.4849483,0
                -46.9795797,-21.4841197,0
                -46.98135,-21.4830215,0
                -46.9819615,-21.4823726,0
                -46.9830344,-21.4828318,0
                -46.9843219,-21.4833709,0
                -46.9848476,-21.4824325,0
                -46.9851373,-21.4828418,0
                -46.9854806,-21.4833909,0
                -46.9855021,-21.4836804,0
                -46.9857059,-21.4840698,0
                -46.9859634,-21.4843193,0
                -46.9854913,-21.4847287,0
                -46.9858132,-21.4850481,0
                -46.986693,-21.484539,0
                -46.9873474,-21.4840997,0
                -46.9877766,-21.48394,0
                -46.9877658,-21.4831313,0
                -46.9880984,-21.4829017,0
                -46.9886778,-21.482752,0
                -46.9890426,-21.4828618,0
                -46.9894181,-21.4830115,0
                -46.9899223,-21.4830914,0
                -46.9905446,-21.4830814,0
                -46.9909094,-21.4832511,0
                -46.9917999,-21.4839799,0
                -46.9924543,-21.4833709,0
                -46.9931517,-21.4826222,0
                -46.9934199,-21.4819633,0
                -46.9934199,-21.4815539,0
                -46.993259,-21.4813343,0
                -46.9927226,-21.4815739,0
                -46.9924329,-21.4811845,0
                -46.9919501,-21.480885,0
                -46.991821,-21.4805563,0
                -46.9920141,-21.4800371,0
                -46.9919712,-21.4797376,0
                -46.9915206,-21.4793682,0
                -46.9914884,-21.4789389,0
                -46.9918102,-21.4785296,0
                -46.9917351,-21.47827,0
                -46.9911558,-21.4781702,0
                -46.9903726,-21.4783798,0
                -46.989761,-21.4785795,0
                -46.9891924,-21.4782001,0
                -46.9888276,-21.4777109,0
                -46.9881517,-21.4777009,0
                -46.9874865,-21.4773215,0
                -46.9872612,-21.477052,0
                -46.9870466,-21.4771718,0
                -46.9866389,-21.4764529,0
                -46.9862956,-21.4759537,0
                -46.9866926,-21.4754146,0
                -46.9873685,-21.4748655,0
                -46.9875831,-21.474546,0
                -46.9875187,-21.4743363,0
                -46.9873792,-21.4741566,0
                -46.9863707,-21.4740867,0
                -46.985963,-21.4739569,0
                -46.9863493,-21.4736973,0
                -46.9892568,-21.4724094,0
                -46.9894821,-21.47204,0
                -46.989643,-21.4715108,0
                -46.9893748,-21.4709118,0
                -46.9888491,-21.4704625,0
                -46.9880873,-21.4705024,0
                -46.9879157,-21.4698934,0
                -46.9870574,-21.4690946,0
                -46.9866389,-21.4687152,0
                -46.9858987,-21.4680962,0
                -46.9857699,-21.467537,0
                -46.9863815,-21.4671177,0
                -46.9867033,-21.4666584,0
                -46.9867677,-21.4663489,0
                -46.9866926,-21.46561,0
                -46.9866497,-21.4653504,0
                -46.9857592,-21.4652506,0
                -46.986242,-21.4640124,0
                -46.9864136,-21.4638427,0
                -46.9869501,-21.4639126,0
                -46.987626,-21.463633,0
                -46.9885165,-21.4631438,0
                -46.9881732,-21.4625746,0
                -46.9889671,-21.4618358,0
                -46.9897503,-21.4613665,0
                -46.9904799,-21.4619356,0
                -46.9905979,-21.4628842,0
                -46.9903619,-21.4635232,0
                -46.9899971,-21.4637229,0
                -46.9900293,-21.4643519,0
                -46.9907052,-21.4649211,0
                -46.9909412,-21.4641822,0
                -46.9913382,-21.4639226,0
                -46.9920356,-21.4640124,0
                -46.9921321,-21.4646215,0
                -46.992057,-21.464941,0
                -46.9923145,-21.4651707,0
                -46.9927437,-21.4653903,0
                -46.9932157,-21.4659694,0
                -46.9935376,-21.4658496,0
                -46.9938487,-21.4654702,0
                -46.9930333,-21.4647114,0
                -46.9929475,-21.4639825,0
                -46.9932479,-21.4637828,0
                -46.9928617,-21.4630739,0
                -46.9926793,-21.4627044,0
                -46.992175,-21.4623849,0
                -46.9914669,-21.4615961,0
                -46.9911343,-21.4608173,0
                -46.9908661,-21.4604978,0
                -46.9902009,-21.4604578,0
                -46.9891066,-21.4586705,0
                -46.989289,-21.458321,0
                -46.9895679,-21.4579915,0
                -46.9904799,-21.4575422,0
                -46.990555,-21.4573724,0
                -46.9904691,-21.4570229,0
                -46.9906623,-21.4568332,0
                -46.9906086,-21.4566535,0
                -46.9902546,-21.456324,0
                -46.9903726,-21.4561442,0
                -46.990555,-21.4559745,0
                -46.9904799,-21.4558647,0
                -46.9895197,-21.4550184,0
                -46.988546,-21.4550646,0
                -46.9878553,-21.4549479,0
                -46.987272,-21.4546714,0
                -46.9876045,-21.4539948,0
                -46.9881517,-21.4534581,0
                -46.9896054,-21.4546913,0
                -46.9907293,-21.4557573,0
                -46.9912094,-21.4559046,0
                -46.9909412,-21.4537378,0
                -46.9910592,-21.4513812,0
                -46.9909734,-21.4501729,0
                -46.9909198,-21.449384,0
                -46.9907374,-21.4484254,0
                -46.9903833,-21.4474967,0
                -46.9899327,-21.446588,0
                -46.9897181,-21.4457392,0
                -46.9890637,-21.4449802,0
                -46.9892461,-21.4447605,0
                -46.9904477,-21.4439017,0
                -46.9907159,-21.4435223,0
                -46.991306,-21.4420942,0
                -46.9917351,-21.4413453,0
                -46.9922716,-21.4405563,0
                -46.9929904,-21.4399871,0
                -46.9940955,-21.4394978,0
                -46.9942242,-21.4397774,0
                -46.9943101,-21.441515,0
                -46.9946856,-21.4418646,0
                -46.9952864,-21.4422141,0
                -46.9958979,-21.4437619,0
                -46.9968206,-21.4447506,0
                -46.9964022,-21.4454296,0
                -46.9964558,-21.4460987,0
                -46.9928831,-21.4467777,0
                -46.9928939,-21.4477563,0
                -46.9964451,-21.4477264,0
                -46.9970245,-21.4482556,0
                -46.9978184,-21.4491643,0
                -46.9977433,-21.4494439,0
                -46.9973785,-21.4496137,0
                -46.997003,-21.4497235,0
                -46.9966811,-21.4503427,0
                -46.9962091,-21.450792,0
                -46.9958765,-21.4509718,0
                -46.9951362,-21.450133,0
                -46.9949967,-21.4506722,0
                -46.9950074,-21.4517806,0
                -46.9946212,-21.4521201,0
                -46.9941491,-21.4524496,0
                -46.9936985,-21.4524596,0
                -46.9932801,-21.4526793,0
                -46.9932479,-21.4539475,0
                -46.9933552,-21.4541971,0
                -46.9949002,-21.4532285,0
                -46.9951791,-21.4531187,0
                -46.994986,-21.4525295,0
                -46.9952113,-21.4523198,0
                -46.9960481,-21.4520302,0
                -46.9965524,-21.4515909,0
                -46.9967133,-21.4509917,0
                -46.9978399,-21.4502528,0
                -46.9986231,-21.4525295,0
                -46.9982797,-21.4527492,0
                -46.9985265,-21.4531386,0
                -46.9979579,-21.4535281,0
                -46.9987196,-21.4545566,0
                -46.999653,-21.4541172,0
                -47.000447,-21.4553854,0
                -46.9999856,-21.4556749,0
                -46.9983441,-21.4565936,0
                -46.9980866,-21.456334,0
                -46.9979364,-21.4561942,0
                -46.9965953,-21.456993,0
                -46.9971747,-21.4575122,0
                -46.9980973,-21.458311,0
                -46.9979471,-21.4588602,0
                -46.9984729,-21.4595791,0
                -46.9991273,-21.459679,0
                -46.9998032,-21.4594493,0
                -46.9999642,-21.4588303,0
                -47.0005757,-21.456953,0
                -47.0013589,-21.4546964,0
                -47.0017344,-21.4522799,0
                -47.0020777,-21.450802,0
                -47.002464,-21.4485253,0
                -47.0035261,-21.4484254,0
                -47.0049209,-21.448695,0
                -47.005114,-21.4481757,0
                -47.0050604,-21.447257,0
                -47.0049853,-21.4467877,0
                -47.0037836,-21.4471772,0
                -47.0031077,-21.4470573,0
                -47.0030648,-21.4467677,0
                -47.003215,-21.4463983,0
                -47.0027858,-21.4460887,0
                -47.0028395,-21.4456793,0
                -47.0033759,-21.4450701,0
                -47.0034725,-21.4441714,0
                -47.0033116,-21.4431028,0
                -47.0033008,-21.4426535,0
                -47.0043201,-21.4390983,0
                -47.0051569,-21.4361223,0
                -47.0059079,-21.4361723,0
                -47.0059616,-21.435583,0
                -47.0068306,-21.4347342,0
                -47.007882,-21.4347342,0
                -47.0089013,-21.4339652,0
                -47.0078391,-21.4329765,0
                -47.0094485,-21.4316283,0
                -47.0097167,-21.4302201,0
                -47.0098991,-21.4300104,0
                -47.011444,-21.4298106,0
                -47.0115513,-21.4294611,0
                -47.0106394,-21.4290516,0
                -47.0104677,-21.4283525,0
                -47.0100278,-21.4278431,0
                -47.0101136,-21.4270342,0
                -47.0101351,-21.4266447,0
                -47.0100493,-21.4260554,0
                -47.0097274,-21.4252664,0
                -47.0101887,-21.4251665,0
                -47.0111758,-21.4251965,0
                -47.0117873,-21.4256759,0
                -47.011959,-21.4265348,0
                -47.0115835,-21.4268244,0
                -47.011841,-21.4275235,0
                -47.0123023,-21.4276734,0
                -47.0125813,-21.4286421,0
                -47.0119697,-21.4289817,0
                -47.0127422,-21.429491,0
                -47.0138795,-21.4297008,0
                -47.0138044,-21.4292014,0
                -47.0139331,-21.428712,0
                -47.0146734,-21.428762,0
                -47.0151777,-21.428772,0
                -47.0154673,-21.4284124,0
                -47.0145554,-21.4275335,0
                -47.0141262,-21.4270242,0
                -47.0137614,-21.4267745,0
                -47.0136112,-21.4257957,0
                -47.0130641,-21.4242377,0
                -47.0135254,-21.4242876,0
                -47.0155424,-21.4247471,0
                -47.0179993,-21.4253064,0
                -47.0176775,-21.4260654,0
                -47.0195336,-21.4270541,0
                -47.0200056,-21.4274237,0
                -47.0199305,-21.4281627,0
                -47.0194906,-21.4289317,0
                -47.0197803,-21.4292314,0
                -47.0194477,-21.4302001,0
                -47.0190829,-21.4303399,0
                -47.0184821,-21.4304997,0
                -47.0176453,-21.4304198,0
                -47.0161218,-21.4298905,0
                -47.0154459,-21.4292214,0
                -47.0149523,-21.4296708,0
                -47.0159501,-21.4305397,0
                -47.0157892,-21.4309591,0
                -47.0171732,-21.4317581,0
                -47.0175058,-21.4316283,0
                -47.0183963,-21.4317281,0
                -47.0192546,-21.4322574,0
                -47.0193404,-21.4328267,0
                -47.0189757,-21.4334159,0
                -47.0189006,-21.434115,0
                -47.0185036,-21.4351037,0
                -47.017774,-21.4358527,0
                -47.0163471,-21.4346743,0
                -47.0167762,-21.434125,0
                -47.0142013,-21.4321076,0
                -47.0136434,-21.4327268,0
                -47.0129997,-21.4321676,0
                -47.0142228,-21.4304498,0
                -47.0141155,-21.4301102,0
                -47.0112402,-21.4345544,0
                -47.0099205,-21.436382,0
                -47.0133645,-21.4406762,0
                -47.0147163,-21.4390384,0
                -47.0156926,-21.4393779,0
                -47.0158858,-21.4402268,0
                -47.0168621,-21.4401669,0
                -47.0196838,-21.4413453,0
                -47.0210571,-21.4429031,0
                -47.0222158,-21.4441814,0
                -47.0222801,-21.4445309,0
                -47.0202953,-21.4484454,0
                -47.0134932,-21.4410656,0
                -47.0128924,-21.4413852,0
                -47.0119483,-21.4456193,0
                -47.0120556,-21.4464981,0
                -47.012077,-21.4476964,0
                -47.0177204,-21.4513712,0
                -47.0193083,-21.4522899,0
                -47.0195657,-21.4528091,0
                -47.019673,-21.4532085,0
                -47.0218188,-21.4525695,0
                -47.0231063,-21.4514311,0
                -47.0261103,-21.4490745,0
                -47.0270974,-21.4490345,0
                -47.0282346,-21.4539874,0
                -47.0241577,-21.4560244,0
                -47.023471,-21.4564039,0
                -47.0252091,-21.4653903,0
                -47.0252735,-21.4661691,0
                -47.0242435,-21.466928,0
                -47.0232135,-21.466888,0
                -47.022484,-21.4665086,0
                -47.0218617,-21.4679264,0
                -47.0221192,-21.4686453,0
                -47.0236963,-21.4682759,0
                -47.0255309,-21.4683059,0
                -47.0253271,-21.4693443,0
                -47.025169,-21.469748,0
                -47.0251233,-21.470103,0
                -47.0243723,-21.4713211,0
                -47.0241741,-21.4715251,0
              </coordinates>
            </LinearRing>
          </outerBoundaryIs>
        </Polygon>
      </Placemark>
      <Placemark>
        <name>URBANO NOVO</name>
        <styleUrl>#poly-673AB7-1200-77-nodesc</styleUrl>
        <Polygon>
          <outerBoundaryIs>
            <LinearRing>
              <tessellate>1</tessellate>
              <coordinates>
                -47.4215194,-21.2930097,0
                -47.4208758,-21.2934296,0
                -47.4200603,-21.2939594,0
                -47.4207255,-21.2946391,0
                -47.4211976,-21.2943393,0
                -47.4214765,-21.2947091,0
                -47.4208972,-21.2956188,0
                -47.4199316,-21.2960686,0
                -47.4196312,-21.2956388,0
                -47.4183652,-21.2962785,0
                -47.4179146,-21.2952789,0
                -47.4175498,-21.2934796,0
                -47.4195453,-21.2925999,0
                -47.4212298,-21.2922,0
                -47.4215194,-21.2930097,0
              </coordinates>
            </LinearRing>
          </outerBoundaryIs>
        </Polygon>
      </Placemark>
      <Placemark>
        <name>RURAL SANTA ROSA</name>
        <description>https://docs.google.com/spreadsheets/d/15aH9Mufet_ENqw5jmv4ccyAPmNKlkaPQHrJ18vcQlwg/edit?gid=227785467#gid=227785467</description>
        <styleUrl>#poly-0288D1-1200-77</styleUrl>
        <Polygon>
          <outerBoundaryIs>
            <LinearRing>
              <tessellate>1</tessellate>
              <coordinates>
                -47.3982769,-21.4546317,0
                -47.3995778,-21.4539926,0
                -47.4019944,-21.4478814,0
                -47.4038747,-21.4477016,0
                -47.4013172,-21.4504277,0
                -47.4005621,-21.455111,0
                -47.4003529,-21.4558699,0
                -47.4001732,-21.456449,0
                -47.3971825,-21.459185,0
                -47.3919898,-21.4590252,0
                -47.3926335,-21.4570132,0
                -47.3888355,-21.4550486,0
                -47.3869204,-21.4541979,0
                -47.3880952,-21.4511904,0
                -47.3919898,-21.4552408,0
                -47.3931914,-21.4555304,0
                -47.3943286,-21.4546916,0
                -47.3944091,-21.4519256,0
                -47.3971074,-21.4522352,0
                -47.3982769,-21.4546317,0
              </coordinates>
            </LinearRing>
          </outerBoundaryIs>
        </Polygon>
      </Placemark>
      <Placemark>
        <name>RURAL SANTA ROSA</name>
        <description>https://docs.google.com/spreadsheets/d/15aH9Mufet_ENqw5jmv4ccyAPmNKlkaPQHrJ18vcQlwg/edit?gid=227785467#gid=227785467</description>
        <styleUrl>#poly-0288D1-1200-77</styleUrl>
        <Polygon>
          <outerBoundaryIs>
            <LinearRing>
              <tessellate>1</tessellate>
              <coordinates>
                -47.415468,-21.4531339,0
                -47.415468,-21.453713,0
                -47.4113482,-21.4533336,0
                -47.4133008,-21.445325,0
                -47.4172705,-21.4454249,0
                -47.415468,-21.4531339,0
              </coordinates>
            </LinearRing>
          </outerBoundaryIs>
        </Polygon>
      </Placemark>
      <Placemark>
        <name>RURAL MINALICE</name>
        <description>https://docs.google.com/spreadsheets/d/15aH9Mufet_ENqw5jmv4ccyAPmNKlkaPQHrJ18vcQlwg/edit?gid=2141139968#gid=2141139968</description>
        <styleUrl>#poly-0288D1-1200-77</styleUrl>
        <Polygon>
          <outerBoundaryIs>
            <LinearRing>
              <tessellate>1</tessellate>
              <coordinates>
                -47.4523752,-21.4613617,0
                -47.4507015,-21.4622404,0
                -47.4459808,-21.4608025,0
                -47.4462812,-21.4586458,0
                -47.447912,-21.4576872,0
                -47.4513882,-21.4585659,0
                -47.4523752,-21.4613617,0
              </coordinates>
            </LinearRing>
          </outerBoundaryIs>
        </Polygon>
      </Placemark>
      <Placemark>
        <name>RURAL SANTA ROSA</name>
        <description>https://docs.google.com/spreadsheets/d/15aH9Mufet_ENqw5jmv4ccyAPmNKlkaPQHrJ18vcQlwg/edit?gid=227785467#gid=227785467</description>
        <styleUrl>#poly-0288D1-1200-77</styleUrl>
        <Polygon>
          <outerBoundaryIs>
            <LinearRing>
              <tessellate>1</tessellate>
              <coordinates>
                -47.4393164,-21.4495673,0
                -47.4413334,-21.4512848,0
                -47.4408184,-21.4543604,0
                -47.4372564,-21.4536015,0
                -47.4351536,-21.451844,0
                -47.4336515,-21.4493276,0
                -47.4315487,-21.4439352,0
                -47.4322353,-21.4392217,0
                -47.4348532,-21.4381831,0
                -47.4367415,-21.4451735,0
                -47.4373852,-21.449048,0
                -47.4393164,-21.4495673,0
              </coordinates>
            </LinearRing>
          </outerBoundaryIs>
        </Polygon>
      </Placemark>
      <Placemark>
        <name>DISTRITO IND </name>
        <description><![CDATA[AQUI TEMOS CTO'S QUE PODEM ATENDER CASAS NAS PROXIMIDADES TAMBÉM]]></description>
        <styleUrl>#poly-F57C00-1200-77</styleUrl>
        <Polygon>
          <outerBoundaryIs>
            <LinearRing>
              <tessellate>1</tessellate>
              <coordinates>
                -47.331541,-21.276991,0
                -47.3302642,-21.2789105,0
                -47.3267237,-21.2791905,0
                -47.3241917,-21.2783807,0
                -47.3227111,-21.2775709,0
                -47.323269,-21.2766511,0
                -47.3251741,-21.2751674,0
                -47.3273199,-21.2756473,0
                -47.327792,-21.2752074,0
                -47.331541,-21.276991,0
              </coordinates>
            </LinearRing>
          </outerBoundaryIs>
        </Polygon>
      </Placemark>
      <Placemark>
        <name>Arceburgo/Milagre/S. B. Areias- Ativação, serviços e Suporte

Capacidade: 04
Horário: Segunda à Sábado
08:00 até as 17:00 horas</name>
        <description>SÃO BENEDITO DAS AREIAS</description>
        <styleUrl>#poly-673AB7-1200-77</styleUrl>
        <Polygon>
          <outerBoundaryIs>
            <LinearRing>
              <tessellate>1</tessellate>
              <coordinates>
                -47.0346713,-21.3221763,0
                -47.03524,-21.3230658,0
                -47.0360446,-21.3228559,0
                -47.0364201,-21.3233356,0
                -47.0351434,-21.3238453,0
                -47.0337701,-21.324485,0
                -47.0320857,-21.3253345,0
                -47.0318175,-21.3255544,0
                -47.0314205,-21.3264738,0
                -47.0310343,-21.3269336,0
                -47.0308733,-21.3271035,0
                -47.0308197,-21.327913,0
                -47.029897,-21.3276631,0
                -47.0296395,-21.3270535,0
                -47.0284701,-21.3263139,0
                -47.0291996,-21.3252246,0
                -47.0296073,-21.3252346,0
                -47.0297468,-21.3250147,0
                -47.0295,-21.3241752,0
                -47.0287168,-21.3229159,0
                -47.0269251,-21.3221263,0
                -47.0254553,-21.3212468,0
                -47.0260453,-21.3201774,0
                -47.0262599,-21.3189281,0
                -47.0259917,-21.3181884,0
                -47.0283842,-21.317109,0
                -47.0295644,-21.3180885,0
                -47.0299721,-21.3176487,0
                -47.0306158,-21.3169391,0
                -47.0307553,-21.3158896,0
                -47.0311952,-21.3157997,0
                -47.0315171,-21.3161895,0
                -47.0318496,-21.3167192,0
                -47.0314849,-21.3174788,0
                -47.032193,-21.3181085,0
                -47.0315171,-21.3187981,0
                -47.0322895,-21.3192879,0
                -47.0324612,-21.3196976,0
                -47.0321608,-21.3204073,0
                -47.0328045,-21.320887,0
                -47.0346713,-21.3221763,0
              </coordinates>
            </LinearRing>
          </outerBoundaryIs>
        </Polygon>
      </Placemark>
      <Placemark>
        <name>Monte Santo de Minas - Ativação, serviços e Suporte

Capacidade: 04
Segunda à Sábado
Horário: 08:00 até às 17:00 horas

</name>
        <description>MONTE SANTO DE MINAS</description>
        <styleUrl>#poly-673AB7-1200-77</styleUrl>
        <Polygon>
          <outerBoundaryIs>
            <LinearRing>
              <tessellate>1</tessellate>
              <coordinates>
                -46.9887747,-21.1789777,0
                -46.9890322,-21.1799581,0
                -46.9886674,-21.1804983,0
                -46.9877877,-21.1804583,0
                -46.98738,-21.179698,0
                -46.9872298,-21.1811185,0
                -46.9875516,-21.1816187,0
                -46.9878091,-21.1819589,0
                -46.9878306,-21.1826592,0
                -46.9881739,-21.1827792,0
                -46.9882383,-21.1836595,0
                -46.9876375,-21.1841797,0
                -46.9876804,-21.1846799,0
                -46.9875946,-21.1856803,0
                -46.9867792,-21.1860404,0
                -46.9869294,-21.1870608,0
                -46.9868865,-21.1883213,0
                -46.9866504,-21.190562,0
                -46.9857921,-21.1912823,0
                -46.9843759,-21.1916024,0
                -46.9831314,-21.1915024,0
                -46.9834103,-21.1923026,0
                -46.9834961,-21.1932829,0
                -46.9827022,-21.1948834,0
                -46.982037,-21.1959038,0
                -46.9804707,-21.1964839,0
                -46.9803205,-21.1974242,0
                -46.9794193,-21.1970441,0
                -46.9784108,-21.1963639,0
                -46.9774452,-21.1942032,0
                -46.9771019,-21.1950635,0
                -46.9775954,-21.1962239,0
                -46.9797948,-21.1978343,0
                -46.9807685,-21.1980069,0
                -46.9807939,-21.1987133,0
                -46.9803473,-21.1990597,0
                -46.979422,-21.1988121,0
                -46.9779186,-21.1980281,0
                -46.977295,-21.196824,0
                -46.976544,-21.196584,0
                -46.975235,-21.1950235,0
                -46.9744411,-21.1952636,0
                -46.9738618,-21.1959238,0
                -46.9743553,-21.1970041,0
                -46.9747201,-21.1985445,0
                -46.9739905,-21.200165,0
                -46.9738188,-21.2017454,0
                -46.9728103,-21.2022255,0
                -46.9725957,-21.2015253,0
                -46.9734541,-21.1990647,0
                -46.9736472,-21.1971641,0
                -46.9730249,-21.1962639,0
                -46.9720378,-21.1948834,0
                -46.9713082,-21.1950835,0
                -46.9710292,-21.1953436,0
                -46.9709863,-21.1958637,0
                -46.9716087,-21.196664,0
                -46.9683685,-21.1996448,0
                -46.9676389,-21.1991847,0
                -46.967081,-21.1994848,0
                -46.9666304,-21.1988246,0
                -46.965064,-21.1996648,0
                -46.9657936,-21.1975242,0
                -46.9654288,-21.1969441,0
                -46.9630041,-21.1976043,0
                -46.9630899,-21.1987246,0
                -46.9598927,-21.1990047,0
                -46.960515,-21.196764,0
                -46.9594636,-21.1950635,0
                -46.9624891,-21.193483,0
                -46.9631757,-21.193603,0
                -46.9641413,-21.1938831,0
                -46.9651498,-21.1910022,0
                -46.9678535,-21.190442,0
                -46.9671883,-21.1894217,0
                -46.9667162,-21.1890215,0
                -46.9652786,-21.1894417,0
                -46.9660296,-21.1854202,0
                -46.965579,-21.1853802,0
                -46.9649567,-21.187561,0
                -46.9636478,-21.1884613,0
                -46.962017,-21.1892416,0
                -46.961502,-21.1900219,0
                -46.9642915,-21.1901019,0
                -46.9642057,-21.1913423,0
                -46.9615235,-21.1913023,0
                -46.9583692,-21.1906221,0
                -46.9563951,-21.1899218,0
                -46.9556655,-21.1887414,0
                -46.9557085,-21.187661,0
                -46.956953,-21.1879211,0
                -46.9574465,-21.1886214,0
                -46.9579615,-21.1893016,0
                -46.9589271,-21.1895817,0
                -46.9598069,-21.1895417,0
                -46.9628753,-21.1861005,0
                -46.9627251,-21.1858604,0
                -46.9633689,-21.18486,0
                -46.964077,-21.1850201,0
                -46.9653215,-21.1844598,0
                -46.9661369,-21.1845399,0
                -46.9665017,-21.1838396,0
                -46.9672098,-21.1840397,0
                -46.9679608,-21.1840797,0
                -46.9687762,-21.1824991,0
                -46.969098,-21.1813186,0
                -46.9712975,-21.1793378,0
                -46.9710937,-21.1790877,0
                -46.9707289,-21.1782874,0
                -46.9703427,-21.177467,0
                -46.9712654,-21.1770669,0
                -46.9724241,-21.1764366,0
                -46.9714155,-21.175216,0
                -46.9701924,-21.1753361,0
                -46.9701495,-21.1766767,0
                -46.9692053,-21.1764566,0
                -46.9690122,-21.1777772,0
                -46.9674673,-21.1779372,0
                -46.9676604,-21.1756963,0
                -46.9682612,-21.1736954,0
                -46.9702782,-21.1736353,0
                -46.9695701,-21.1725749,0
                -46.9679179,-21.1697335,0
                -46.9651928,-21.1660317,0
                -46.9642272,-21.1637505,0
                -46.9649353,-21.1636105,0
                -46.9654502,-21.1650912,0
                -46.9661369,-21.1662918,0
                -46.967596,-21.1683729,0
                -46.9697632,-21.1716744,0
                -46.9713726,-21.1732952,0
                -46.9724455,-21.1741356,0
                -46.9749776,-21.1745357,0
                -46.9758573,-21.1742156,0
                -46.9766512,-21.1742956,0
                -46.977531,-21.1768768,0
                -46.977295,-21.1780573,0
                -46.97678,-21.1783974,0
                -46.977016,-21.179758,0
                -46.9771662,-21.1811185,0
                -46.9799128,-21.1792178,0
                -46.9807497,-21.1794979,0
                -46.9815006,-21.1794779,0
                -46.9831743,-21.179698,0
                -46.9842042,-21.1802982,0
                -46.9848909,-21.179878,0
                -46.9859423,-21.1794979,0
                -46.9863715,-21.1787176,0
                -46.9871869,-21.1785375,0
                -46.9887747,-21.1789777,0
              </coordinates>
            </LinearRing>
          </outerBoundaryIs>
        </Polygon>
      </Placemark>
      <Placemark>
        <name>RESIDENCIAL PÁSSAROS E OUTROS</name>
        <styleUrl>#poly-673AB7-1200-77-nodesc</styleUrl>
        <Polygon>
          <outerBoundaryIs>
            <LinearRing>
              <tessellate>1</tessellate>
              <coordinates>
                -47.4545727,-21.2898425,0
                -47.4554445,-21.2899867,0
                -47.4554085,-21.2903046,0
                -47.4552976,-21.2914121,0
                -47.4542676,-21.2955906,0
                -47.4525081,-21.2953507,0
                -47.4511348,-21.2940512,0
                -47.4507759,-21.293029,0
                -47.4505018,-21.2920093,0
                -47.4505508,-21.291293,0
                -47.4506092,-21.2909864,0
                -47.4504191,-21.2908728,0
                -47.4518629,-21.2905594,0
                -47.4524651,-21.2896227,0
                -47.4537048,-21.2897088,0
                -47.4543072,-21.2897461,0
                -47.4545727,-21.2898425,0
              </coordinates>
            </LinearRing>
          </outerBoundaryIs>
        </Polygon>
      </Placemark>
      <Placemark>
        <name>REGIÃO RURAL</name>
        <description><![CDATA[RURAL AUTO POSTO SANTA CRUZ<br><br><br>https://docs.google.com/spreadsheets/d/15aH9Mufet_ENqw5jmv4ccyAPmNKlkaPQHrJ18vcQlwg/edit?gid=129966667#gid=129966667]]></description>
        <styleUrl>#poly-0288D1-1200-77</styleUrl>
        <Polygon>
          <outerBoundaryIs>
            <LinearRing>
              <tessellate>1</tessellate>
              <coordinates>
                -47.4595258,-21.2900993,0
                -47.4530777,-21.2894095,0
                -47.4533245,-21.2886597,0
                -47.45473,-21.2886097,0
                -47.4596223,-21.2887597,0
                -47.4595901,-21.2892395,0
                -47.4595258,-21.2900993,0
              </coordinates>
            </LinearRing>
          </outerBoundaryIs>
        </Polygon>
      </Placemark>
      <Placemark>
        <name>RURAL </name>
        <description>https://docs.google.com/spreadsheets/d/15aH9Mufet_ENqw5jmv4ccyAPmNKlkaPQHrJ18vcQlwg/edit?gid=16098236#gid=16098236</description>
        <styleUrl>#poly-0288D1-1200-77</styleUrl>
        <Polygon>
          <outerBoundaryIs>
            <LinearRing>
              <tessellate>1</tessellate>
              <coordinates>
                -47.7939611,-21.0115377,0
                -47.7943473,-21.0128998,0
                -47.791987,-21.0139815,0
                -47.7888756,-21.013661,0
                -47.7891331,-21.0120986,0
                -47.7921372,-21.0121587,0
                -47.7937894,-21.0112573,0
                -47.7939611,-21.0115377,0
              </coordinates>
            </LinearRing>
          </outerBoundaryIs>
        </Polygon>
      </Placemark>
      <Placemark>
        <name>Cajuru e Cássia dos Coqueiros - Ativação Hibrido
Ativação: 05
Horário: Segunda à Sábado
08:00 até às 17:00 horas

Cajuru e Cássia - Terceiros Comum (ativ)
Horário: 08:00 até às 17:00 horas
Limite: Verificar bloqueio informativo.

-------------------------------------------
Cajuru e Cássia dos Coqueiros - Suporte Hibrido
Limite: 07
Horário: Segunda à Segunda
08:00 até às 17:00 horas</name>
        <styleUrl>#poly-673AB7-1200-77-nodesc</styleUrl>
        <Polygon>
          <outerBoundaryIs>
            <LinearRing>
              <tessellate>1</tessellate>
              <coordinates>
                -47.1893733,-21.2825578,0
                -47.1914547,-21.2813981,0
                -47.1921789,-21.2809633,0
                -47.1927957,-21.2816681,0
                -47.1916263,-21.2823979,0
                -47.1909397,-21.2837375,0
                -47.1913903,-21.2855769,0
                -47.1908109,-21.2857969,0
                -47.1890943,-21.285217,0
                -47.188987,-21.2836375,0
                -47.1893733,-21.2825578,0
              </coordinates>
            </LinearRing>
          </outerBoundaryIs>
        </Polygon>
      </Placemark>
      <Placemark>
        <name>CTO S01-C03</name>
        <styleUrl>#poly-673AB7-1200-77-nodesc</styleUrl>
        <Polygon>
          <outerBoundaryIs>
            <LinearRing>
              <tessellate>1</tessellate>
              <coordinates>
                -47.7887693,-21.2331183,0
                -47.7889356,-21.2335133,0
                -47.7888498,-21.2339884,0
                -47.7884152,-21.2338984,0
                -47.7882221,-21.2331483,0
                -47.7887693,-21.2331183,0
              </coordinates>
            </LinearRing>
          </outerBoundaryIs>
        </Polygon>
      </Placemark>
      <Placemark>
        <name>Rib Preto 12 e 13 - Alcans (ativ)
Limite: 5
Horário: Segunda à Sábado
08:00 até às 17:00 horas
-------------------------------------------
Ribeirão Preto - Suporte 12
Limite: 07
Segunda à Segunda</name>
        <description>CTO S01-C03</description>
        <styleUrl>#poly-673AB7-1200-77</styleUrl>
        <Polygon>
          <outerBoundaryIs>
            <LinearRing>
              <tessellate>1</tessellate>
              <coordinates>
                -47.7911028,-21.2348034,0
                -47.7911672,-21.2351734,0
                -47.7903625,-21.2352734,0
                -47.7895579,-21.2351884,0
                -47.7895418,-21.2346984,0
                -47.790899,-21.2346384,0
                -47.7911028,-21.2348034,0
              </coordinates>
            </LinearRing>
          </outerBoundaryIs>
        </Polygon>
      </Placemark>
      <Placemark>
        <name>Rib Preto 14 e 15 - Alcans (ativ)
Limite: 5
Horário: Segunda à Sábado
08:00 até às 17:00 horas

Rib Preto 14 - Terceiros Flex (ativ)
Horario: 08:00 até às 17:00 horas
Limite: Verificar bloqueio informativo.
-------------------------------------------

Ribeirão Preto - Suporte 14
Limite: 07
Segunda à Segunda</name>
        <description>BAIRRO SANTA IRIA</description>
        <styleUrl>#poly-673AB7-1200-77</styleUrl>
        <Polygon>
          <outerBoundaryIs>
            <LinearRing>
              <tessellate>1</tessellate>
              <coordinates>
                -47.7295124,-21.2107901,0
                -47.7295553,-21.2117703,0
                -47.7188694,-21.2121103,0
                -47.7189552,-21.2087897,0
                -47.7206504,-21.2085696,0
                -47.7233326,-21.2080895,0
                -47.7271521,-21.2080495,0
                -47.7278387,-21.2108301,0
                -47.7295124,-21.2107901,0
              </coordinates>
            </LinearRing>
          </outerBoundaryIs>
        </Polygon>
      </Placemark>
      <Placemark>
        <name>ÁREA INVIABILIZADA</name>
        <description>VER COM ENGENHARIA</description>
        <styleUrl>#poly-A52714-1200-77</styleUrl>
        <Polygon>
          <outerBoundaryIs>
            <LinearRing>
              <tessellate>1</tessellate>
              <coordinates>
                -47.2375034,-21.2898154,0
                -47.2380238,-21.2901653,0
                -47.2381096,-21.29087,0
                -47.2358727,-21.2913748,0
                -47.2362106,-21.2905901,0
                -47.2365593,-21.2900653,0
                -47.2375034,-21.2898154,0
              </coordinates>
            </LinearRing>
          </outerBoundaryIs>
        </Polygon>
      </Placemark>
      <Placemark>
        <name>Arceburgo/Milagre/S. B. Areias- Ativação, serviços e Suporte

Capacidade: 04
Horário: Segunda à Sábado
08:00 até as 17:00 horas</name>
        <description>MILAGRE</description>
        <styleUrl>#poly-673AB7-1200-77</styleUrl>
        <Polygon>
          <outerBoundaryIs>
            <LinearRing>
              <tessellate>1</tessellate>
              <coordinates>
                -47.0152847,-21.3032105,0
                -47.0157997,-21.3038602,0
                -47.0149199,-21.3049898,0
                -47.0157246,-21.3050197,0
                -47.0159284,-21.3048498,0
                -47.0160894,-21.3049598,0
                -47.0159391,-21.3052696,0
                -47.0158533,-21.3052297,0
                -47.0154564,-21.3059593,0
                -47.0158211,-21.3063591,0
                -47.0153813,-21.3074886,0
                -47.0156817,-21.3082183,0
                -47.0156924,-21.3091379,0
                -47.0154885,-21.3091379,0
                -47.0152901,-21.3091529,0
                -47.0150487,-21.3091729,0
                -47.0146302,-21.3098975,0
                -47.0131067,-21.3111469,0
                -47.0117656,-21.3094877,0
                -47.0124094,-21.3091379,0
                -47.0117549,-21.308888,0
                -47.0114009,-21.3077485,0
                -47.0116476,-21.3071188,0
                -47.0111004,-21.3063891,0
                -47.0105747,-21.3051497,0
                -47.0101348,-21.3035504,0
                -47.010328,-21.3031206,0
                -47.0099095,-21.3025808,0
                -47.0096306,-21.3016012,0
                -47.0097701,-21.3013313,0
                -47.0089332,-21.2988923,0
                -47.009813,-21.2987324,0
                -47.0105425,-21.2987224,0
                -47.0126561,-21.2988523,0
                -47.0126025,-21.299662,0
                -47.0132355,-21.299652,0
                -47.0134071,-21.2994321,0
                -47.0137505,-21.2994421,0
                -47.0140509,-21.2991522,0
                -47.0144478,-21.2985524,0
                -47.0148126,-21.2985424,0
                -47.0146839,-21.2992622,0
                -47.0148126,-21.2992622,0
                -47.0147268,-21.2998419,0
                -47.0146839,-21.3001418,0
                -47.0142762,-21.3000119,0
                -47.0139543,-21.3000418,0
                -47.0136539,-21.3007016,0
                -47.0137719,-21.302151,0
                -47.0137076,-21.3026208,0
                -47.0137076,-21.3032405,0
                -47.0150487,-21.3030206,0
                -47.0152847,-21.3032105,0
              </coordinates>
            </LinearRing>
          </outerBoundaryIs>
        </Polygon>
      </Placemark>
      <Placemark>
        <name>RURAL</name>
        <description><![CDATA[https://docs.google.com/spreadsheets/d/15aH9Mufet_ENqw5jmv4ccyAPmNKlkaPQHrJ18vcQlwg/edit?gid=16098236#gid=16098236<br><br>TAX: ISENTO]]></description>
        <styleUrl>#poly-0288D1-1200-77</styleUrl>
        <Polygon>
          <outerBoundaryIs>
            <LinearRing>
              <tessellate>1</tessellate>
              <coordinates>
                -47.7997355,-21.0087707,0
                -47.8002451,-21.0106386,0
                -47.7994458,-21.0107889,0
                -47.7989254,-21.0090011,0
                -47.7996014,-21.0087106,0
                -47.7997355,-21.0087707,0
              </coordinates>
            </LinearRing>
          </outerBoundaryIs>
        </Polygon>
      </Placemark>
      <Placemark>
        <name>RURAL ABRÃO ASSED</name>
        <description><![CDATA[ACOMPANHAR PELO FTTH CONDOMÍNIOS<br><br>https://docs.google.com/spreadsheets/d/15aH9Mufet_ENqw5jmv4ccyAPmNKlkaPQHrJ18vcQlwg/edit?gid=655594171#gid=655594171]]></description>
        <styleUrl>#poly-0288D1-1200-77</styleUrl>
        <Polygon>
          <outerBoundaryIs>
            <LinearRing>
              <tessellate>1</tessellate>
              <coordinates>
                -47.3713603,-21.2912061,0
                -47.3682704,-21.2956845,0
                -47.3680769,-21.2969843,0
                -47.367283,-21.3006828,0
                -47.3667619,-21.3027481,0
                -47.3655388,-21.3025882,0
                -47.3665489,-21.3006591,0
                -47.366595,-21.2985602,0
                -47.3658289,-21.297801,0
                -47.367558,-21.2955629,0
                -47.3664672,-21.2945254,0
                -47.3384013,-21.2810493,0
                -47.3394313,-21.2796097,0
                -47.3462329,-21.2825092,0
                -47.3489259,-21.2791802,0
                -47.357034,-21.2797175,0
                -47.3575464,-21.2875326,0
                -47.3634639,-21.2902465,0
                -47.371017,-21.2892868,0
                -47.3713603,-21.2912061,0
              </coordinates>
            </LinearRing>
          </outerBoundaryIs>
        </Polygon>
      </Placemark>
      <Placemark>
        <name>REGIÃO GRACIOSA</name>
        <description><![CDATA[ACOMPANHAR PELO FTTH CONDOMÍNIOS <br><br>https://docs.google.com/spreadsheets/d/15aH9Mufet_ENqw5jmv4ccyAPmNKlkaPQHrJ18vcQlwg/edit?gid=1567680467#gid=1567680467]]></description>
        <styleUrl>#poly-0288D1-1200-77</styleUrl>
        <Polygon>
          <outerBoundaryIs>
            <LinearRing>
              <tessellate>1</tessellate>
              <coordinates>
                -47.3643411,-21.3071757,0
                -47.3641265,-21.3109139,0
                -47.3647702,-21.3141323,0
                -47.3620236,-21.3152118,0
                -47.3588265,-21.3152318,0
                -47.3543203,-21.3136726,0
                -47.352475,-21.3129529,0
                -47.3525179,-21.3096345,0
                -47.3551572,-21.3083751,0
                -47.3592342,-21.3079753,0
                -47.3609293,-21.3067958,0
                -47.3619378,-21.3061361,0
                -47.3643411,-21.3071757,0
              </coordinates>
            </LinearRing>
          </outerBoundaryIs>
        </Polygon>
      </Placemark>
      <Placemark>
        <name>Pradópolis - Ativação, Suporte e Câmera 
Ativação: 04
Horário: Segunda à Sábado
08:00 até às 17:00 horas

Pradópolis - Terceiros Flex (ativ)
Horário: 08:00 até às 17:00 horas
Limite: Verificar bloqueio informativo

--------------------------------------

Pradópolis - Suporte
Suporte: 06
Horário: Segunda à Sábado
08:00 até às 17:00 horas</name>
        <description>Pradópolis</description>
        <styleUrl>#poly-673AB7-1200-77</styleUrl>
        <Polygon>
          <outerBoundaryIs>
            <LinearRing>
              <tessellate>1</tessellate>
              <coordinates>
                -48.1012337,-21.3571056,0
                -48.0969422,-21.3612622,0
                -48.0915349,-21.3543877,0
                -48.0905907,-21.3555868,0
                -48.0849689,-21.3601831,0
                -48.0797761,-21.3632605,0
                -48.0785315,-21.3637801,0
                -48.070442,-21.3681963,0
                -48.0644446,-21.3696751,0
                -48.0584472,-21.3705942,0
                -48.0558507,-21.3698749,0
                -48.0617408,-21.3573054,0
                -48.0633878,-21.3569457,0
                -48.0662604,-21.3548873,0
                -48.0665917,-21.353988,0
                -48.0709999,-21.3532086,0
                -48.0732395,-21.3538557,0
                -48.0747242,-21.3534798,0
                -48.0736124,-21.3495265,0
                -48.0732422,-21.3471432,0
                -48.0682103,-21.3475728,0
                -48.0672447,-21.3465735,0
                -48.0675022,-21.345874,0
                -48.0693905,-21.3446549,0
                -48.0714075,-21.3427962,0
                -48.0730384,-21.3390388,0
                -48.0779521,-21.3456942,0
                -48.0814068,-21.3451945,0
                -48.0853551,-21.3458341,0
                -48.0882733,-21.3478326,0
                -48.0907624,-21.3515099,0
                -48.0923932,-21.3518297,0
                -48.092994,-21.3527889,0
                -48.0956547,-21.3506306,0
                -48.1012337,-21.3571056,0
              </coordinates>
            </LinearRing>
          </outerBoundaryIs>
        </Polygon>
      </Placemark>
      <Placemark>
        <name>PEDREIRA SERRANA</name>
        <description>Cto para esta área </description>
        <styleUrl>#poly-0288D1-1200-77</styleUrl>
        <Polygon>
          <outerBoundaryIs>
            <LinearRing>
              <tessellate>1</tessellate>
              <coordinates>
                -47.5876922,-21.1946499,0
                -47.5887195,-21.1967408,0
                -47.5849242,-21.1991644,0
                -47.5836068,-21.1956637,0
                -47.5860141,-21.1943172,0
                -47.5876922,-21.1946499,0
              </coordinates>
            </LinearRing>
          </outerBoundaryIs>
        </Polygon>
      </Placemark>
      <Placemark>
        <name>REDE EMPRESAS</name>
        <styleUrl>#poly-F57C00-1200-77-nodesc</styleUrl>
        <Polygon>
          <outerBoundaryIs>
            <LinearRing>
              <tessellate>1</tessellate>
              <coordinates>
                -47.804158,-21.0372271,0
                -47.8036966,-21.0361356,0
                -47.80301,-21.0345734,0
                -47.8036537,-21.03217,0
                -47.8105202,-21.0331214,0
                -47.8100159,-21.0340627,0
                -47.804158,-21.0372271,0
              </coordinates>
            </LinearRing>
          </outerBoundaryIs>
        </Polygon>
      </Placemark>
      <Placemark>
        <name>RURAL CJU</name>
        <description><![CDATA[CONSULTAR ENGENHARIA<br><br>REGIÃO PRÓXIMO AO MIRANTE DAS AGUAS<br><br>https://docs.google.com/spreadsheets/d/15aH9Mufet_ENqw5jmv4ccyAPmNKlkaPQHrJ18vcQlwg/edit?gid=131340331#gid=131340331]]></description>
        <styleUrl>#poly-0288D1-1200-77</styleUrl>
        <Polygon>
          <outerBoundaryIs>
            <LinearRing>
              <tessellate>1</tessellate>
              <coordinates>
                -47.2503789,-21.2415765,0
                -47.2510709,-21.2410815,0
                -47.2514089,-21.2421365,0
                -47.2522886,-21.2459764,0
                -47.2537692,-21.2490163,0
                -47.2557004,-21.2504962,0
                -47.2569664,-21.2519761,0
                -47.2557487,-21.2534159,0
                -47.255003,-21.2534759,0
                -47.2566016,-21.2545659,0
                -47.2566016,-21.2559408,0
                -47.2512371,-21.2539885,0
                -47.2506149,-21.2525361,0
                -47.2480829,-21.2515161,0
                -47.2492202,-21.2490763,0
                -47.2512372,-21.2476564,0
                -47.2515376,-21.2462764,0
                -47.2505076,-21.2438165,0
                -47.2488768,-21.2434765,0
                -47.2488769,-21.2421665,0
                -47.2490485,-21.2417565,0
                -47.2494133,-21.2416065,0
                -47.2498639,-21.2416665,0
                -47.2503789,-21.2415765,0
              </coordinates>
            </LinearRing>
          </outerBoundaryIs>
        </Polygon>
      </Placemark>
      <Placemark>
        <name>ÁREA PENINTECIÁRIA</name>
        <description><![CDATA[CONSULTAR ENGENHARIA<br><br>https://docs.google.com/spreadsheets/d/15aH9Mufet_ENqw5jmv4ccyAPmNKlkaPQHrJ18vcQlwg/edit?gid=1197471929#gid=1197471929]]></description>
        <styleUrl>#poly-0288D1-1200-77</styleUrl>
        <Polygon>
          <outerBoundaryIs>
            <LinearRing>
              <tessellate>1</tessellate>
              <coordinates>
                -47.7353438,-21.0838839,0
                -47.738777,-21.0855256,0
                -47.7354725,-21.0922525,0
                -47.7307518,-21.0876478,0
                -47.732683,-21.0847648,0
                -47.7353438,-21.0838839,0
              </coordinates>
            </LinearRing>
          </outerBoundaryIs>
        </Polygon>
      </Placemark>
      <Placemark>
        <name>Arceburgo/Milagre/S. B. Areias- Ativação, serviços e Suporte

Capacidade: 04
Horário: Segunda à Sábado
08:00 até as 17:00 horas</name>
        <description><![CDATA[REGIÃO GUARDINHA<br><br>PLANOS CIDADE, PORÉM PASSAR AO COMERCIAL PARA VER NECESSIDADE DE PROJETO CASO O LOCAL FOR GRANDE, OU EM CASOS FORA DA ÁREA CONSULTAR COMERCIAL PARA VER NECESSIDADE DE PROJETO.]]></description>
        <styleUrl>#poly-673AB7-1200-77</styleUrl>
        <Polygon>
          <outerBoundaryIs>
            <LinearRing>
              <tessellate>1</tessellate>
              <coordinates>
                -47.0248531,-21.3714819,0
                -47.025132,-21.3748589,0
                -47.0189308,-21.3753184,0
                -47.0207547,-21.3806335,0
                -47.0208942,-21.3816925,0
                -47.0210497,-21.3823518,0
                -47.0209357,-21.3823506,0
                -47.0202397,-21.3817524,0
                -47.0193814,-21.3809332,0
                -47.0181154,-21.3793147,0
                -47.0170639,-21.3783556,0
                -47.0161627,-21.3769769,0
                -47.0147894,-21.374739,0
                -47.0136522,-21.3730006,0
                -47.0136093,-21.3711622,0
                -47.0163988,-21.3706227,0
                -47.017021,-21.370263,0
                -47.0178364,-21.3700432,0
                -47.018051,-21.3688842,0
                -47.0193385,-21.3692639,0
                -47.0197891,-21.3700032,0
                -47.0229004,-21.3706027,0
                -47.0248531,-21.3714819,0
              </coordinates>
            </LinearRing>
          </outerBoundaryIs>
        </Polygon>
      </Placemark>
      <Placemark>
        <name>RURAL DE FRENTE COM STA RITA DO ÓLEO</name>
        <description>https://docs.google.com/spreadsheets/d/15aH9Mufet_ENqw5jmv4ccyAPmNKlkaPQHrJ18vcQlwg/edit?gid=655594171#gid=655594171</description>
        <styleUrl>#poly-0288D1-1200-77</styleUrl>
        <Polygon>
          <outerBoundaryIs>
            <LinearRing>
              <tessellate>1</tessellate>
              <coordinates>
                -47.3250507,-21.3053834,0
                -47.3253082,-21.3057733,0
                -47.3255979,-21.3060432,0
                -47.3277865,-21.3058433,0
                -47.3275934,-21.3076625,0
                -47.3269497,-21.3088819,0
                -47.3241173,-21.308622,0
                -47.3214994,-21.310721,0
                -47.318946,-21.3120804,0
                -47.3134743,-21.3143992,0
                -47.3135601,-21.3121603,0
                -47.3189889,-21.3102613,0
                -47.3203836,-21.308702,0
                -47.3203407,-21.3071227,0
                -47.3219501,-21.3053235,0
                -47.3228406,-21.304274,0
                -47.323731,-21.304144,0
                -47.3243533,-21.3044339,0
                -47.3247503,-21.3048237,0
                -47.3250507,-21.3053834,0
              </coordinates>
            </LinearRing>
          </outerBoundaryIs>
        </Polygon>
      </Placemark>
      <Placemark>
        <name>RURAL BATATAIS</name>
        <description>CONSULTAR ENGENHARIA</description>
        <styleUrl>#poly-0288D1-1200-77</styleUrl>
        <Polygon>
          <outerBoundaryIs>
            <LinearRing>
              <tessellate>1</tessellate>
              <coordinates>
                -47.6008405,-20.8223547,0
                -47.6009532,-20.823187,0
                -47.6013072,-20.8234478,0
                -47.6015486,-20.8242801,0
                -47.60098,-20.8246511,0
                -47.6003362,-20.8249821,0
                -47.5996628,-20.8253163,0
                -47.5983109,-20.8270611,0
                -47.5988688,-20.8277029,0
                -47.5975814,-20.8293475,0
                -47.5955215,-20.8321151,0
                -47.5940623,-20.8315335,0
                -47.5994911,-20.8250957,0
                -47.5999632,-20.8240929,0
                -47.5997272,-20.8225085,0
                -47.6008405,-20.8223547,0
              </coordinates>
            </LinearRing>
          </outerBoundaryIs>
        </Polygon>
      </Placemark>
      <Placemark>
        <name><![CDATA[Jacintu's e Rancho Abdala]]></name>
        <description>https://docs.google.com/spreadsheets/d/15aH9Mufet_ENqw5jmv4ccyAPmNKlkaPQHrJ18vcQlwg/edit?gid=2039978633#gid=2039978633</description>
        <styleUrl>#poly-0288D1-1200-77</styleUrl>
        <Polygon>
          <outerBoundaryIs>
            <LinearRing>
              <tessellate>1</tessellate>
              <coordinates>
                -47.3187655,-21.2927128,0
                -47.3200637,-21.2947621,0
                -47.3184973,-21.294882,0
                -47.317875,-21.2941923,0
                -47.3171025,-21.2941223,0
                -47.3157829,-21.2952019,0
                -47.3152035,-21.2964315,0
                -47.3134655,-21.2972711,0
                -47.3118883,-21.297671,0
                -47.3105472,-21.297691,0
                -47.3091954,-21.2958717,0
                -47.3113948,-21.2944222,0
                -47.3126501,-21.2945522,0
                -47.3139697,-21.2941023,0
                -47.3154396,-21.2929227,0
                -47.3167485,-21.292233,0
                -47.3182076,-21.292223,0
                -47.3187655,-21.2927128,0
              </coordinates>
            </LinearRing>
          </outerBoundaryIs>
        </Polygon>
      </Placemark>
      <Placemark>
        <name>Jardinópolis - Hibrido
Limite: 04
Horário: Segunda à Sábado
08:00 até às 17:00 horas

Jardinópolis - Terceiros Comum (NÃO REALIZA RED MESH)
Horário: 08:00 até às 17:00 horas
Limite: Verificar bloqueio informativo.
-------------------------------------------

Jardinópolis - Suporte
Suporte: 7
Horário: Segunda à Sábado

</name>
        <description>Jardinópolis</description>
        <styleUrl>#poly-673AB7-1200-97</styleUrl>
        <MultiGeometry>
          <Polygon>
            <outerBoundaryIs>
              <LinearRing>
                <tessellate>1</tessellate>
                <coordinates>
                  -47.7881556,-21.0331371,0
                  -47.7881995,-21.0331577,0
                  -47.7881645,-21.0332381,0
                  -47.7881556,-21.0331371,0
                </coordinates>
              </LinearRing>
            </outerBoundaryIs>
          </Polygon>
          <Polygon>
            <outerBoundaryIs>
              <LinearRing>
                <tessellate>1</tessellate>
                <coordinates>
                  -47.7881645,-21.0332381,0
                  -47.7881231,-21.0331218,0
                  -47.7881556,-21.0331371,0
                  -47.7881645,-21.0332381,0
                </coordinates>
              </LinearRing>
            </outerBoundaryIs>
          </Polygon>
          <Polygon>
            <outerBoundaryIs>
              <LinearRing>
                <tessellate>1</tessellate>
                <coordinates>
                  -47.7438611,-21.0200434,0
                  -47.7436162,-21.0203657,0
                  -47.7427638,-21.0207526,0
                  -47.7402648,-21.0187224,0
                  -47.7397302,-21.0187479,0
                  -47.7388327,-21.0190793,0
                  -47.7380676,-21.0191413,0
                  -47.7372239,-21.0186243,0
                  -47.7350647,-21.0164284,0
                  -47.7338686,-21.0150914,0
                  -47.7349788,-21.0144891,0
                  -47.7368561,-21.0165859,0
                  -47.7374995,-21.0169937,0
                  -47.7387219,-21.0172084,0
                  -47.741832,-21.0175776,0
                  -47.7430676,-21.0181534,0
                  -47.7444298,-21.0193424,0
                  -47.7438611,-21.0200434,0
                </coordinates>
              </LinearRing>
            </outerBoundaryIs>
          </Polygon>
          <Polygon>
            <outerBoundaryIs>
              <LinearRing>
                <tessellate>1</tessellate>
                <coordinates>
                  -47.7881545,-21.0331373,0
                  -47.7875665,-21.0332278,0
                  -47.7876537,-21.0333481,0
                  -47.7881548,-21.0331375,0
                  -47.7881741,-21.0331493,0
                  -47.7878991,-21.0338487,0
                  -47.7881645,-21.0332381,0
                  -47.7884999,-21.037023,0
                  -47.7841868,-21.036983,0
                  -47.7827278,-21.0355811,0
                  -47.7814618,-21.0363221,0
                  -47.7824274,-21.0375438,0
                  -47.7810756,-21.0382647,0
                  -47.7840795,-21.0444731,0
                  -47.7838651,-21.0463556,0
                  -47.7814618,-21.0471967,0
                  -47.7770199,-21.038465,0
                  -47.7764405,-21.038485,0
                  -47.7746811,-21.0361218,0
                  -47.7741017,-21.0334982,0
                  -47.7741017,-21.0324767,0
                  -47.7737584,-21.0314553,0
                  -47.7730288,-21.0308144,0
                  -47.7722135,-21.0308745,0
                  -47.7706686,-21.0312951,0
                  -47.7696815,-21.0314152,0
                  -47.7685227,-21.0314753,0
                  -47.7679219,-21.030574,0
                  -47.7684584,-21.0290719,0
                  -47.7680292,-21.0289317,0
                  -47.7661409,-21.0307743,0
                  -47.7652719,-21.0312751,0
                  -47.7652343,-21.0318559,0
                  -47.764537,-21.0318709,0
                  -47.7645061,-21.0311011,0
                  -47.7646094,-21.0293248,0
                  -47.7645263,-21.0293273,0
                  -47.7640005,-21.029172,0
                  -47.7634802,-21.0311749,0
                  -47.7642446,-21.0313351,0
                  -47.7641293,-21.031986,0
                  -47.7626353,-21.0317006,0
                  -47.7620922,-21.0317983,0
                  -47.7619387,-21.0321676,0
                  -47.7615277,-21.0329974,0
                  -47.7603688,-21.0322264,0
                  -47.7597466,-21.0313151,0
                  -47.7595534,-21.0308945,0
                  -47.7591672,-21.0311348,0
                  -47.7574935,-21.0323966,0
                  -47.7559593,-21.0332278,0
                  -47.7555356,-21.0316706,0
                  -47.754114,-21.031255,0
                  -47.753422,-21.0313051,0
                  -47.7532369,-21.0309596,0
                  -47.7562705,-21.0279103,0
                  -47.7550903,-21.026348,0
                  -47.7562705,-21.0258673,0
                  -47.7553693,-21.0238243,0
                  -47.7532878,-21.0231834,0
                  -47.7522579,-21.0259675,0
                  -47.7497474,-21.0279303,0
                  -47.747666,-21.0267286,0
                  -47.7478162,-21.025647,0
                  -47.7481595,-21.0239445,0
                  -47.7480951,-21.0234288,0
                  -47.7477948,-21.0229632,0
                  -47.7472195,-21.0223738,0
                  -47.7473158,-21.0217459,0
                  -47.747728,-21.0207332,0
                  -47.7492109,-21.0213407,0
                  -47.7498547,-21.0200788,0
                  -47.7493397,-21.0190573,0
                  -47.7476338,-21.0179907,0
                  -47.7490768,-21.0156221,0
                  -47.7488917,-21.015492,0
                  -47.7490929,-21.0153117,0
                  -47.7492538,-21.0149562,0
                  -47.7499512,-21.0152741,0
                  -47.7507773,-21.0154719,0
                  -47.7519146,-21.0158925,0
                  -47.7524081,-21.0164534,0
                  -47.7528586,-21.0170142,0
                  -47.7538243,-21.0186367,0
                  -47.7541247,-21.0185165,0
                  -47.7542106,-21.017555,0
                  -47.7570107,-21.0160878,0
                  -47.7576651,-21.0156822,0
                  -47.7575257,-21.0151714,0
                  -47.7612594,-21.0130382,0
                  -47.7603581,-21.0115158,0
                  -47.7620854,-21.0106044,0
                  -47.7634265,-21.0130782,0
                  -47.7653899,-21.0130382,0
                  -47.7678468,-21.0131283,0
                  -47.7693919,-21.0133687,0
                  -47.7698854,-21.0138895,0
                  -47.7701429,-21.0150713,0
                  -47.7725675,-21.0159326,0
                  -47.7721598,-21.0171745,0
                  -47.7717951,-21.0177153,0
                  -47.7722027,-21.0192776,0
                  -47.7727714,-21.0185165,0
                  -47.773179,-21.0185165,0
                  -47.773812,-21.0191474,0
                  -47.7757968,-21.0189071,0
                  -47.7758075,-21.0184464,0
                  -47.7766444,-21.0184764,0
                  -47.776698,-21.0192275,0
                  -47.7779962,-21.0185065,0
                  -47.7778674,-21.0197883,0
                  -47.7766524,-21.0220091,0
                  -47.7788814,-21.0221068,0
                  -47.7800696,-21.0202416,0
                  -47.7803352,-21.0202591,0
                  -47.7819982,-21.0180458,0
                  -47.7829075,-21.0169291,0
                  -47.7850184,-21.016213,0
                  -47.7858928,-21.0145405,0
                  -47.7870408,-21.0147208,0
                  -47.7878884,-21.0184764,0
                  -47.7839186,-21.0198385,0
                  -47.7840367,-21.02091,0
                  -47.7871481,-21.0213106,0
                  -47.7883491,-21.0210084,0
                  -47.7898618,-21.0211197,0
                  -47.7897437,-21.0236345,0
                  -47.7907093,-21.0240174,0
                  -47.7910095,-21.0222994,0
                  -47.7942063,-21.021968,0
                  -47.794313,-21.0208645,0
                  -47.7942265,-21.0192102,0
                  -47.7949125,-21.0185197,0
                  -47.7951374,-21.0175636,0
                  -47.7946114,-21.0148448,0
                  -47.7943591,-21.0139436,0
                  -47.7950939,-21.0124815,0
                  -47.7965204,-21.0123216,0
                  -47.7965841,-21.0152066,0
                  -47.7982094,-21.0154319,0
                  -47.7985368,-21.016824,0
                  -47.7982714,-21.0200839,0
                  -47.7978275,-21.0209727,0
                  -47.8000624,-21.0207962,0
                  -47.8001084,-21.0223522,0
                  -47.8009988,-21.0226626,0
                  -47.7989444,-21.0264732,0
                  -47.8012027,-21.0271392,0
                  -47.7989283,-21.0332278,0
                  -47.7987083,-21.0337736,0
                  -47.7954413,-21.0361619,0
                  -47.7899913,-21.0335683,0
                  -47.7859251,-21.0316055,0
                  -47.7847663,-21.0310748,0
                  -47.7847502,-21.031305,0
                  -47.7864648,-21.032102,0
                  -47.7881545,-21.0331373,0
                </coordinates>
              </LinearRing>
            </outerBoundaryIs>
            <innerBoundaryIs>
              <LinearRing>
                <tessellate>1</tessellate>
                <coordinates>
                  -47.7589935,-21.0226786,0
                  -47.7582435,-21.0223501,0
                  -47.7579651,-21.0226766,0
                  -47.7575684,-21.0224993,0
                  -47.7568916,-21.0194953,0
                  -47.7581936,-21.0192613,0
                  -47.7594422,-21.0224742,0
                  -47.7589935,-21.0226786,0
                </coordinates>
              </LinearRing>
            </innerBoundaryIs>
          </Polygon>
        </MultiGeometry>
      </Placemark>
      <Placemark>
        <name>REGIÃO PORTÃO PESADO</name>
        <description><![CDATA[ACOMPANHAR PELO FTTH CONDOMÍNIOS<br><br>https://docs.google.com/spreadsheets/d/15aH9Mufet_ENqw5jmv4ccyAPmNKlkaPQHrJ18vcQlwg/edit?gid=1109027143#gid=1109027143]]></description>
        <styleUrl>#poly-0288D1-1200-77</styleUrl>
        <Polygon>
          <outerBoundaryIs>
            <LinearRing>
              <tessellate>1</tessellate>
              <coordinates>
                -47.3842679,-21.3088317,0
                -47.3861776,-21.3122901,0
                -47.3872291,-21.3159683,0
                -47.3839031,-21.3170077,0
                -47.3808347,-21.3153486,0
                -47.3787962,-21.3163281,0
                -47.3781954,-21.3137694,0
                -47.377144,-21.3112906,0
                -47.3756419,-21.3094714,0
                -47.3768221,-21.3070326,0
                -47.3796331,-21.3033342,0
                -47.3821651,-21.3016949,0
                -47.3843967,-21.3021347,0
                -47.383989,-21.3031343,0
                -47.3838388,-21.3049335,0
                -47.3826157,-21.3072924,0
                -47.3842679,-21.3088317,0
              </coordinates>
            </LinearRing>
          </outerBoundaryIs>
        </Polygon>
      </Placemark>
      <Placemark>
        <name>REGIÃO RURAL PRÓXIMO AO ROBLEDO</name>
        <description>https://docs.google.com/spreadsheets/d/15aH9Mufet_ENqw5jmv4ccyAPmNKlkaPQHrJ18vcQlwg/edit?gid=1397607458#gid=1397607458</description>
        <styleUrl>#poly-0288D1-1200-77</styleUrl>
        <Polygon>
          <outerBoundaryIs>
            <LinearRing>
              <tessellate>1</tessellate>
              <coordinates>
                -47.3326229,-21.2824387,0
                -47.3336314,-21.2840782,0
                -47.3329233,-21.2854378,0
                -47.3325693,-21.2870673,0
                -47.3322716,-21.2884194,0
                -47.3310405,-21.2891217,0
                -47.3295129,-21.2904974,0
                -47.3286506,-21.2910335,0
                -47.3280404,-21.2891454,0
                -47.3281109,-21.2883013,0
                -47.3291224,-21.2881791,0
                -47.3298856,-21.2877182,0
                -47.3312865,-21.2875177,0
                -47.3312926,-21.2851379,0
                -47.3301553,-21.2841182,0
                -47.3310351,-21.2821587,0
                -47.3326229,-21.2824387,0
              </coordinates>
            </LinearRing>
          </outerBoundaryIs>
        </Polygon>
      </Placemark>
      <Placemark>
        <name>CTO REGIÃO ROBLEDO</name>
        <description>https://docs.google.com/spreadsheets/d/15aH9Mufet_ENqw5jmv4ccyAPmNKlkaPQHrJ18vcQlwg/edit?gid=1116096150#gid=1116096150</description>
        <styleUrl>#poly-0288D1-1200-77</styleUrl>
        <Polygon>
          <outerBoundaryIs>
            <LinearRing>
              <tessellate>1</tessellate>
              <coordinates>
                -47.3361398,-21.2921096,0
                -47.3376848,-21.2945087,0
                -47.3390795,-21.2995868,0
                -47.3372342,-21.3025056,0
                -47.3335649,-21.3026855,0
                -47.33099,-21.301526,0
                -47.3308183,-21.2999066,0
                -47.3304106,-21.299087,0
                -47.3308398,-21.2974276,0
                -47.3328139,-21.2951085,0
                -47.3333718,-21.2929493,0
                -47.3361398,-21.2921096,0
              </coordinates>
            </LinearRing>
          </outerBoundaryIs>
        </Polygon>
      </Placemark>
      <Placemark>
        <name>Cajuru e Cássia dos Coqueiros - Ativação Hibrido
Ativação: 05
Horário: Segunda à Sábado
08:00 até às 17:00 horas

Cajuru e Cássia - Terceiros Comum (ativ)
Horário: 08:00 até às 17:00 horas
Limite: Verificar bloqueio informativo.

-------------------------------------------
Cajuru e Cássia dos Coqueiros - Suporte Hibrido
Limite: 07
Horário: Segunda à Segunda
08:00 até às 17:00 horas</name>
        <styleUrl>#poly-673AB7-1200-77-nodesc</styleUrl>
        <Polygon>
          <outerBoundaryIs>
            <LinearRing>
              <tessellate>1</tessellate>
              <coordinates>
                -47.1880251,-21.2827973,0
                -47.1885079,-21.2832871,0
                -47.1878749,-21.2840569,0
                -47.1892267,-21.2867161,0
                -47.1924883,-21.2887155,0
                -47.1925741,-21.2903749,0
                -47.1904713,-21.2909747,0
                -47.1895701,-21.2885755,0
                -47.1885401,-21.286956,0
                -47.1872097,-21.2868561,0
                -47.1823817,-21.2875159,0
                -47.1816093,-21.2867361,0
                -47.1812016,-21.2852366,0
                -47.1825534,-21.283837,0
                -47.1849567,-21.2841769,0
                -47.1864801,-21.283777,0
                -47.186802,-21.2834771,0
                -47.1871668,-21.2828573,0
                -47.1880251,-21.2827973,0
              </coordinates>
            </LinearRing>
          </outerBoundaryIs>
        </Polygon>
      </Placemark>
      <Placemark>
        <name>REGIÃO COM POSTEAMENTO FORA DO PADRÃO</name>
        <styleUrl>#poly-A52714-1200-77-nodesc</styleUrl>
        <Polygon>
          <outerBoundaryIs>
            <LinearRing>
              <tessellate>1</tessellate>
              <coordinates>
                -47.5998874,-20.9075604,0
                -47.5977953,-20.9092441,0
                -47.595671,-20.9104067,0
                -47.5944157,-20.9099256,0
                -47.5940187,-20.9089334,0
                -47.5979133,-20.9063577,0
                -47.5985356,-20.9059067,0
                -47.5998874,-20.9075604,0
              </coordinates>
            </LinearRing>
          </outerBoundaryIs>
        </Polygon>
      </Placemark>
      <Placemark>
        <name>DISTRITO INDUSTRIAL SERTÃOZINHO</name>
        <styleUrl>#poly-F57C00-1200-77-nodesc</styleUrl>
        <Polygon>
          <outerBoundaryIs>
            <LinearRing>
              <tessellate>1</tessellate>
              <coordinates>
                -47.9894577,-21.1650174,0
                -47.9898868,-21.1657578,0
                -47.9897581,-21.1668783,0
                -47.9897592,-21.1678268,0
                -47.9897377,-21.1681269,0
                -47.9895016,-21.1685271,0
                -47.9886648,-21.1681869,0
                -47.9878494,-21.1677467,0
                -47.9868409,-21.1673065,0
                -47.98462,-21.1656958,0
                -47.9841104,-21.166091,0
                -47.9820102,-21.1648679,0
                -47.9814108,-21.1662573,0
                -47.9795875,-21.1659915,0
                -47.9790517,-21.1668863,0
                -47.9762194,-21.1652055,0
                -47.9732367,-21.1664061,0
                -47.9724428,-21.1646652,0
                -47.971606,-21.1629843,0
                -47.9704472,-21.1633445,0
                -47.9690954,-21.162464,0
                -47.9698035,-21.1619037,0
                -47.9736874,-21.1625641,0
                -47.9744598,-21.1594624,0
                -47.9798028,-21.1603029,0
                -47.980704,-21.1626041,0
                -47.9858753,-21.1634045,0
                -47.9867336,-21.1609232,0
                -47.9868409,-21.1606031,0
                -47.9864547,-21.160423,0
                -47.9873988,-21.1574213,0
                -47.9913041,-21.1556003,0
                -47.9904243,-21.162404,0
                -47.9900596,-21.1633645,0
                -47.9894577,-21.1650174,0
              </coordinates>
            </LinearRing>
          </outerBoundaryIs>
        </Polygon>
      </Placemark>
      <Placemark>
        <name>RODOVIÁRIA RIB PRETO</name>
        <description>TRANSFERIR PARA O COMERCIAL</description>
        <styleUrl>#poly-F57C00-1200-77</styleUrl>
        <Polygon>
          <outerBoundaryIs>
            <LinearRing>
              <tessellate>1</tessellate>
              <coordinates>
                -47.8153776,-21.1744606,0
                -47.8148251,-21.1748407,0
                -47.8137039,-21.1734351,0
                -47.814176,-21.1730749,0
                -47.8144603,-21.1730849,0
                -47.8153562,-21.1741654,0
                -47.8153776,-21.1744606,0
              </coordinates>
            </LinearRing>
          </outerBoundaryIs>
        </Polygon>
      </Placemark>
      <Placemark>
        <name>CTO ATENDIMENTO</name>
        <styleUrl>#poly-0288D1-1200-77-nodesc</styleUrl>
        <Polygon>
          <outerBoundaryIs>
            <LinearRing>
              <tessellate>1</tessellate>
              <coordinates>
                -47.0238557,-21.3149005,0
                -47.0237913,-21.3154802,0
                -47.0225039,-21.31586,0
                -47.021152,-21.3164397,0
                -47.0191779,-21.3163997,0
                -47.0171395,-21.3160999,0
                -47.0154658,-21.3155401,0
                -47.015101,-21.3147605,0
                -47.0146611,-21.3128815,0
                -47.0147845,-21.3111523,0
                -47.0162356,-21.3099479,0
                -47.0170148,-21.3097655,0
                -47.0178369,-21.3103627,0
                -47.0180729,-21.3130714,0
                -47.0186415,-21.313791,0
                -47.0195856,-21.3143807,0
                -47.0215812,-21.3144807,0
                -47.0232978,-21.3136211,0
                -47.0239415,-21.3143607,0
                -47.0238557,-21.3149005,0
              </coordinates>
            </LinearRing>
          </outerBoundaryIs>
        </Polygon>
      </Placemark>
      <Placemark>
        <name>BAIRRO NOVO</name>
        <styleUrl>#poly-673AB7-1200-77-nodesc</styleUrl>
        <Polygon>
          <outerBoundaryIs>
            <LinearRing>
              <tessellate>1</tessellate>
              <coordinates>
                -47.1512037,-21.0990763,0
                -47.1527261,-21.1010485,0
                -47.1525544,-21.1012487,0
                -47.1524686,-21.1027801,0
                -47.14881,-21.1025399,0
                -47.149089,-21.1019093,0
                -47.1512037,-21.0990763,0
              </coordinates>
            </LinearRing>
          </outerBoundaryIs>
        </Polygon>
      </Placemark>
      <Placemark>
        <name>BAIRRO NOVO</name>
        <styleUrl>#poly-673AB7-1200-77-nodesc</styleUrl>
        <Polygon>
          <outerBoundaryIs>
            <LinearRing>
              <tessellate>1</tessellate>
              <coordinates>
                -47.8063006,-21.0283483,0
                -47.8046055,-21.0322338,0
                -47.8033824,-21.0320135,0
                -47.800035,-21.0304914,0
                -47.8014083,-21.0265658,0
                -47.8063006,-21.0283483,0
              </coordinates>
            </LinearRing>
          </outerBoundaryIs>
        </Polygon>
      </Placemark>
      <Placemark>
        <name>RURAL JURUCÊ</name>
        <description>https://docs.google.com/spreadsheets/d/15aH9Mufet_ENqw5jmv4ccyAPmNKlkaPQHrJ18vcQlwg/edit?gid=2039741565#gid=2039741565</description>
        <styleUrl>#poly-0288D1-1200-77</styleUrl>
        <Polygon>
          <outerBoundaryIs>
            <LinearRing>
              <tessellate>1</tessellate>
              <coordinates>
                -47.7373243,-21.0698917,0
                -47.737496,-21.0713033,0
                -47.7374638,-21.0715336,0
                -47.7360476,-21.0715937,0
                -47.7336979,-21.0715136,0
                -47.7330006,-21.0715236,0
                -47.7331079,-21.0697616,0
                -47.7323729,-21.0674239,0
                -47.7339205,-21.0667756,0
                -47.7358316,-21.0671423,0
                -47.7355211,-21.0688374,0
                -47.7358115,-21.0690107,0
                -47.7372921,-21.0691108,0
                -47.7373243,-21.0698917,0
              </coordinates>
            </LinearRing>
          </outerBoundaryIs>
        </Polygon>
      </Placemark>
      <Placemark>
        <name>RURAL JURUCÊ</name>
        <description>https://docs.google.com/spreadsheets/d/15aH9Mufet_ENqw5jmv4ccyAPmNKlkaPQHrJ18vcQlwg/edit?gid=580105708#gid=580105708</description>
        <styleUrl>#poly-0288D1-1200-77</styleUrl>
        <Polygon>
          <outerBoundaryIs>
            <LinearRing>
              <tessellate>1</tessellate>
              <coordinates>
                -47.7214298,-21.0462127,0
                -47.7220949,-21.0505383,0
                -47.7211723,-21.0522204,0
                -47.7178678,-21.0516797,0
                -47.7168593,-21.0484756,0
                -47.7126321,-21.0482754,0
                -47.7110442,-21.0461326,0
                -47.711173,-21.0432488,0
                -47.7143702,-21.0410258,0
                -47.717739,-21.0407855,0
                -47.7200994,-21.0433889,0
                -47.7216443,-21.0456119,0
                -47.7214298,-21.0462127,0
              </coordinates>
            </LinearRing>
          </outerBoundaryIs>
        </Polygon>
      </Placemark>
      <Placemark>
        <name>FTTH RPO08</name>
        <styleUrl>#poly-673AB7-1200-77-nodesc</styleUrl>
        <Polygon>
          <outerBoundaryIs>
            <LinearRing>
              <tessellate>1</tessellate>
              <coordinates>
                -47.7817571,-21.2372656,0
                -47.7817786,-21.2370756,0
                -47.779547,-21.2320654,0
                -47.7798259,-21.2317654,0
                -47.7821112,-21.2370956,0
                -47.7817571,-21.2372656,0
              </coordinates>
            </LinearRing>
          </outerBoundaryIs>
        </Polygon>
      </Placemark>
      <Placemark>
        <name>FTTH RPO08</name>
        <styleUrl>#poly-673AB7-1200-77-nodesc</styleUrl>
        <Polygon>
          <outerBoundaryIs>
            <LinearRing>
              <tessellate>1</tessellate>
              <coordinates>
                -47.7797676,-21.2343708,0
                -47.779612,-21.2347309,0
                -47.7794135,-21.2351259,0
                -47.7793653,-21.2352059,0
                -47.7790917,-21.2350259,0
                -47.7793223,-21.2346508,0
                -47.7794082,-21.2343658,0
                -47.7795316,-21.2342758,0
                -47.7797515,-21.2343258,0
                -47.7797676,-21.2343708,0
              </coordinates>
            </LinearRing>
          </outerBoundaryIs>
        </Polygon>
      </Placemark>
      <Placemark>
        <name>CTO RURAL </name>
        <description>https://docs.google.com/spreadsheets/d/15aH9Mufet_ENqw5jmv4ccyAPmNKlkaPQHrJ18vcQlwg/edit?gid=456653020#gid=456653020</description>
        <styleUrl>#poly-0288D1-1200-77</styleUrl>
        <Polygon>
          <outerBoundaryIs>
            <LinearRing>
              <tessellate>1</tessellate>
              <coordinates>
                -47.5693754,-21.2356026,0
                -47.5713495,-21.2397027,0
                -47.5703839,-21.2430227,0
                -47.5669507,-21.2433427,0
                -47.5652126,-21.2433027,0
                -47.5640539,-21.2397627,0
                -47.5652984,-21.2380027,0
                -47.5659636,-21.2353226,0
                -47.5693754,-21.2356026,0
              </coordinates>
            </LinearRing>
          </outerBoundaryIs>
        </Polygon>
      </Placemark>
      <Placemark>
        <name>REGIÃO VACA MORTA</name>
        <description><![CDATA[ACOMPANHAR PELO FTTH CONDOMÍNIOS <br><br>https://docs.google.com/spreadsheets/d/15aH9Mufet_ENqw5jmv4ccyAPmNKlkaPQHrJ18vcQlwg/edit?gid=717181579#gid=717181579]]></description>
        <styleUrl>#poly-0288D1-1200-77</styleUrl>
        <Polygon>
          <outerBoundaryIs>
            <LinearRing>
              <tessellate>1</tessellate>
              <coordinates>
                -47.3480314,-21.2487846,0
                -47.3531384,-21.2529243,0
                -47.3505206,-21.2553041,0
                -47.3459286,-21.2545641,0
                -47.3415941,-21.255924,0
                -47.3365087,-21.2540042,0
                -47.3352212,-21.2466447,0
                -47.3380536,-21.2458847,0
                -47.3432893,-21.2464247,0
                -47.3472161,-21.2481446,0
                -47.3480314,-21.2487846,0
              </coordinates>
            </LinearRing>
          </outerBoundaryIs>
        </Polygon>
      </Placemark>
      <Placemark>
        <name>REGIÃO LEÃO DE JUDÁ</name>
        <description>https://docs.google.com/spreadsheets/d/15aH9Mufet_ENqw5jmv4ccyAPmNKlkaPQHrJ18vcQlwg/edit?gid=522485258#gid=522485258</description>
        <styleUrl>#poly-0288D1-1200-77</styleUrl>
        <Polygon>
          <outerBoundaryIs>
            <LinearRing>
              <tessellate>1</tessellate>
              <coordinates>
                -47.0055175,-20.8443132,0
                -47.0038867,-20.8462784,0
                -46.9982219,-20.8421074,0
                -46.995604,-20.8424684,0
                -46.9938659,-20.8408841,0
                -46.9950675,-20.8391594,0
                -46.9924605,-20.838247,0
                -46.9891667,-20.8395806,0
                -46.9866776,-20.8405031,0
                -46.9830727,-20.8403426,0
                -46.9812274,-20.8399817,0
                -46.9809269,-20.8376754,0
                -46.9848323,-20.8353492,0
                -46.9856906,-20.8358906,0
                -46.9896173,-20.8345269,0
                -46.9915914,-20.8346272,0
                -46.992557,-20.835289,0
                -46.9935012,-20.8372543,0
                -46.997149,-20.8391595,0
                -47.0006466,-20.840102,0
                -47.0033932,-20.8425285,0
                -47.0055175,-20.8443132,0
              </coordinates>
            </LinearRing>
          </outerBoundaryIs>
        </Polygon>
      </Placemark>
      <Placemark>
        <name>OFFICE TOWER</name>
        <styleUrl>#poly-E65100-1200-77-nodesc</styleUrl>
        <Polygon>
          <outerBoundaryIs>
            <LinearRing>
              <tessellate>1</tessellate>
              <coordinates>
                -47.8183532,-21.2116542,0
                -47.8181708,-21.2120693,0
                -47.8178516,-21.2120943,0
                -47.8176022,-21.2119618,0
                -47.8179187,-21.2114067,0
                -47.8183452,-21.2116067,0
                -47.8183532,-21.2116542,0
              </coordinates>
            </LinearRing>
          </outerBoundaryIs>
        </Polygon>
      </Placemark>
      <Placemark>
        <name>FTTH USINA IPIRANGA</name>
        <description><![CDATA[OLT FIBERHOME<br><br>https://docs.google.com/spreadsheets/d/15aH9Mufet_ENqw5jmv4ccyAPmNKlkaPQHrJ18vcQlwg/edit?gid=459778885#gid=459778885]]></description>
        <styleUrl>#poly-0288D1-1200-77</styleUrl>
        <Polygon>
          <outerBoundaryIs>
            <LinearRing>
              <tessellate>1</tessellate>
              <coordinates>
                -47.1604711,-21.3461174,0
                -47.1586043,-21.345278,0
                -47.1586901,-21.3423201,0
                -47.1568448,-21.3426399,0
                -47.1547419,-21.3411609,0
                -47.1530897,-21.339522,0
                -47.1540553,-21.3384827,0
                -47.1546346,-21.3391623,0
                -47.1563298,-21.3388225,0
                -47.1577031,-21.3401416,0
                -47.1584755,-21.3415406,0
                -47.1600634,-21.3413808,0
                -47.1621019,-21.3414007,0
                -47.1633893,-21.3427998,0
                -47.1635396,-21.3441988,0
                -47.1621019,-21.3447384,0
                -47.1611577,-21.3460775,0
                -47.1604711,-21.3461174,0
              </coordinates>
            </LinearRing>
          </outerBoundaryIs>
        </Polygon>
      </Placemark>
      <Placemark>
        <name>REGIÃO SITIO GAIBU E OUTROS</name>
        <description><![CDATA[TAXA MIL REAIS PLANOS A PARTIR DE 199<br><br><br>https://docs.google.com/spreadsheets/d/15aH9Mufet_ENqw5jmv4ccyAPmNKlkaPQHrJ18vcQlwg/edit?gid=1388963543#gid=1388963543]]></description>
        <styleUrl>#poly-0288D1-1200-77</styleUrl>
        <Polygon>
          <outerBoundaryIs>
            <LinearRing>
              <tessellate>1</tessellate>
              <coordinates>
                -47.4168743,-21.2832627,0
                -47.4170245,-21.2844224,0
                -47.4164666,-21.285722,0
                -47.4152435,-21.2883612,0
                -47.4142564,-21.2897807,0
                -47.4120034,-21.2906204,0
                -47.4101795,-21.2905604,0
                -47.4079479,-21.2921799,0
                -47.406124,-21.2934794,0
                -47.4043215,-21.2937993,0
                -47.4026693,-21.29192,0
                -47.4018753,-21.2900406,0
                -47.4009741,-21.288841,0
                -47.4006308,-21.2877814,0
                -47.4002446,-21.2861819,0
                -47.3996008,-21.2836426,0
                -47.3986781,-21.282363,0
                -47.3992575,-21.2812433,0
                -47.4008883,-21.2808434,0
                -47.4027766,-21.2816432,0
                -47.4037636,-21.2837626,0
                -47.4047292,-21.2852222,0
                -47.4065317,-21.285582,0
                -47.4082912,-21.2854221,0
                -47.4087633,-21.2851222,0
                -47.4096645,-21.2842225,0
                -47.4110163,-21.2833427,0
                -47.4118102,-21.2818831,0
                -47.4124325,-21.2811633,0
                -47.4141491,-21.2817432,0
                -47.4159301,-21.2831028,0
                -47.4168743,-21.2832627,0
              </coordinates>
            </LinearRing>
          </outerBoundaryIs>
        </Polygon>
      </Placemark>
      <Placemark>
        <name>REGIÃO RURAL</name>
        <description><![CDATA[TEMOS SINAL NAS PROXIMIDADES <br>COM CHANCES DE ATENDER<br><br>https://docs.google.com/spreadsheets/d/15aH9Mufet_ENqw5jmv4ccyAPmNKlkaPQHrJ18vcQlwg/edit?gid=642598079#gid=642598079]]></description>
        <styleUrl>#poly-0288D1-1200-77</styleUrl>
        <Polygon>
          <outerBoundaryIs>
            <LinearRing>
              <tessellate>1</tessellate>
              <coordinates>
                -46.9556692,-20.8952214,0
                -46.95494,-20.8971288,0
                -46.9475266,-20.8939725,0
                -46.9474537,-20.8924965,0
                -46.9456065,-20.8893628,0
                -46.9430057,-20.8895671,0
                -46.9417188,-20.8874734,0
                -46.9431779,-20.8858295,0
                -46.9438217,-20.8828825,0
                -46.9439719,-20.8817397,0
                -46.9416115,-20.8799153,0
                -46.9417188,-20.8782312,0
                -46.9405386,-20.8769882,0
                -46.9384787,-20.8761261,0
                -46.9383929,-20.8745222,0
                -46.9364188,-20.874843,0
                -46.9366119,-20.8738204,0
                -46.9391224,-20.8730385,0
                -46.9403241,-20.8748831,0
                -46.9424055,-20.8763867,0
                -46.9433067,-20.8786924,0
                -46.9440792,-20.8799354,0
                -46.9460962,-20.8801359,0
                -46.9457958,-20.8832233,0
                -46.9448516,-20.8865312,0
                -46.9460747,-20.8886362,0
                -46.9483707,-20.8918036,0
                -46.9556692,-20.8952214,0
              </coordinates>
            </LinearRing>
          </outerBoundaryIs>
        </Polygon>
      </Placemark>
      <Placemark>
        <name>RURAL</name>
        <description><![CDATA[TEMOS SINAL NAS PROXIMIDADES<br>PODENDO ATENDER NAS PROXIMIDADES COM VIABILIDADE<br><br>https://docs.google.com/spreadsheets/d/15aH9Mufet_ENqw5jmv4ccyAPmNKlkaPQHrJ18vcQlwg/edit?gid=1820301527#gid=1820301527]]></description>
        <styleUrl>#poly-0288D1-1200-77</styleUrl>
        <Polygon>
          <outerBoundaryIs>
            <LinearRing>
              <tessellate>1</tessellate>
              <coordinates>
                -46.98861,-20.9413777,0
                -46.9920862,-20.942059,0
                -46.9916999,-20.943542,0
                -46.9897687,-20.9443837,0
                -46.9905841,-20.9467884,0
                -46.9899404,-20.9483916,0
                -46.9910562,-20.9523193,0
                -46.9918287,-20.95789,0
                -46.9901979,-20.9606151,0
                -46.9869792,-20.9594529,0
                -46.9867432,-20.9589219,0
                -46.9868397,-20.9586013,0
                -46.9868076,-20.9582407,0
                -46.9869042,-20.9579301,0
                -46.9870222,-20.9573289,0
                -46.9871295,-20.956848,0
                -46.9876659,-20.9544835,0
                -46.9879341,-20.9478205,0
                -46.9878805,-20.9431011,0
                -46.9863355,-20.9434618,0
                -46.9868076,-20.9416181,0
                -46.985091,-20.9407364,0
                -46.9827735,-20.9419789,0
                -46.9810569,-20.9416181,0
                -46.9791686,-20.939093,0
                -46.982516,-20.9377704,0
                -46.9854343,-20.9398947,0
                -46.98861,-20.9413777,0
              </coordinates>
            </LinearRing>
          </outerBoundaryIs>
        </Polygon>
      </Placemark>
      <Placemark>
        <name>CTO ALPHAVILLE</name>
        <styleUrl>#poly-673AB7-1200-77-nodesc</styleUrl>
        <Polygon>
          <outerBoundaryIs>
            <LinearRing>
              <tessellate>1</tessellate>
              <coordinates>
                -47.8356182,-21.2716208,0
                -47.8360313,-21.2723806,0
                -47.8358918,-21.2726206,0
                -47.8342288,-21.2722707,0
                -47.8327751,-21.2717808,0
                -47.8324907,-21.2714858,0
                -47.8328287,-21.2712759,0
                -47.8337889,-21.2710309,0
                -47.8347813,-21.2712559,0
                -47.8352212,-21.2714908,0
                -47.8356182,-21.2716208,0
              </coordinates>
            </LinearRing>
          </outerBoundaryIs>
        </Polygon>
      </Placemark>
      <Placemark>
        <name>CTO FTTTH RURAL</name>
        <styleUrl>#poly-0288D1-1200-77-nodesc</styleUrl>
        <Polygon>
          <outerBoundaryIs>
            <LinearRing>
              <tessellate>1</tessellate>
              <coordinates>
                -47.2274191,-21.7249519,0
                -47.2335775,-21.724613,0
                -47.2333414,-21.7283605,0
                -47.2286636,-21.7296363,0
                -47.2214539,-21.7280416,0
                -47.2162182,-21.727643,0
                -47.2119267,-21.7210649,0
                -47.214287,-21.7175165,0
                -47.2195012,-21.7210848,0
                -47.2222048,-21.7236912,0
                -47.2240717,-21.7240849,0
                -47.2258956,-21.7240201,0
                -47.2274191,-21.7249519,0
              </coordinates>
            </LinearRing>
          </outerBoundaryIs>
        </Polygon>
      </Placemark>
      <Placemark>
        <name>SETORIAL + CTO RURAL</name>
        <description><![CDATA[TEMOS CTO NAS PROXIMIDADES PODENDO ATIVAR ALGUMAS A MAIS CASO FICAR LONGE<br><br>https://docs.google.com/spreadsheets/d/15aH9Mufet_ENqw5jmv4ccyAPmNKlkaPQHrJ18vcQlwg/edit?gid=1820301527#gid=1820301527]]></description>
        <styleUrl>#poly-0288D1-1200-77</styleUrl>
        <Polygon>
          <outerBoundaryIs>
            <LinearRing>
              <tessellate>1</tessellate>
              <coordinates>
                -46.9861564,-20.955373,0
                -46.9872293,-20.9556135,0
                -46.9870683,-20.956425,0
                -46.9862422,-20.9575472,0
                -46.985974,-20.9586693,0
                -46.9853195,-20.9587895,0
                -46.9835278,-20.9591302,0
                -46.9820043,-20.9594107,0
                -46.9818112,-20.958489,0
                -46.9824442,-20.9570563,0
                -46.9826266,-20.9562647,0
                -46.9841286,-20.9561044,0
                -46.983957,-20.9558239,0
                -46.9839892,-20.9556536,0
                -46.9861564,-20.955373,0
              </coordinates>
            </LinearRing>
          </outerBoundaryIs>
        </Polygon>
      </Placemark>
      <Placemark>
        <name>CTO ATENDIMENTO</name>
        <styleUrl>#poly-F57C00-1200-77-nodesc</styleUrl>
        <Polygon>
          <outerBoundaryIs>
            <LinearRing>
              <tessellate>1</tessellate>
              <coordinates>
                -47.8943651,-20.7322358,0
                -47.8943973,-20.7319248,0
                -47.8972833,-20.7319248,0
                -47.8980665,-20.7335704,0
                -47.8993325,-20.7365504,0
                -47.8945046,-20.7367411,0
                -47.8943651,-20.7322358,0
              </coordinates>
            </LinearRing>
          </outerBoundaryIs>
        </Polygon>
      </Placemark>
      <Placemark>
        <name>CTO ATENDIMENTO</name>
        <styleUrl>#poly-F57C00-1200-77-nodesc</styleUrl>
        <Polygon>
          <outerBoundaryIs>
            <LinearRing>
              <tessellate>1</tessellate>
              <coordinates>
                -47.8954219,-20.7396458,0
                -47.8951805,-20.7435338,0
                -47.8937696,-20.7434335,0
                -47.894113,-20.7394652,0
                -47.8953897,-20.7395505,0
                -47.8954219,-20.7396458,0
              </coordinates>
            </LinearRing>
          </outerBoundaryIs>
        </Polygon>
      </Placemark>
      <Placemark>
        <name>CTO RURAL</name>
        <styleUrl>#poly-0288D1-1200-77-nodesc</styleUrl>
        <Polygon>
          <outerBoundaryIs>
            <LinearRing>
              <tessellate>1</tessellate>
              <coordinates>
                -47.8885194,-20.7324234,0
                -47.8912552,-20.7330254,0
                -47.8916951,-20.7347914,0
                -47.8911158,-20.7362864,0
                -47.8895279,-20.7364369,0
                -47.8875323,-20.7359051,0
                -47.8872212,-20.7345205,0
                -47.8885194,-20.7324234,0
              </coordinates>
            </LinearRing>
          </outerBoundaryIs>
        </Polygon>
      </Placemark>
      <Placemark>
        <name>DISTRITO INDUSTRIAL</name>
        <styleUrl>#poly-F57C00-1200-77-nodesc</styleUrl>
        <MultiGeometry>
          <Polygon>
            <outerBoundaryIs>
              <LinearRing>
                <tessellate>1</tessellate>
                <coordinates>
                  -48.0185849,-21.1442738,0
                  -48.0187351,-21.1442738,0
                  -48.0185993,-21.1442949,0
                  -48.0185849,-21.1442738,0
                </coordinates>
              </LinearRing>
            </outerBoundaryIs>
          </Polygon>
          <Polygon>
            <outerBoundaryIs>
              <LinearRing>
                <tessellate>1</tessellate>
                <coordinates>
                  -48.0185993,-21.1442949,0
                  -48.0213744,-21.1483564,0
                  -48.0187995,-21.1498573,0
                  -48.0194432,-21.1513782,0
                  -48.0146796,-21.1536596,0
                  -48.0127914,-21.1516384,0
                  -48.0103023,-21.1523388,0
                  -48.0103237,-21.1528391,0
                  -48.0056889,-21.15426,0
                  -48.0044658,-21.1562811,0
                  -48.0019552,-21.1565413,0
                  -48.000303,-21.1554006,0
                  -48.0009253,-21.1530793,0
                  -47.9992301,-21.1520987,0
                  -47.9983289,-21.1504177,0
                  -47.9977066,-21.1531393,0
                  -47.9954321,-21.1536796,0
                  -47.9951746,-21.1553406,0
                  -47.9917843,-21.1551805,0
                  -47.9923207,-21.1507178,0
                  -47.993222,-21.1499974,0
                  -47.9972131,-21.1496572,0
                  -47.9990155,-21.1492369,0
                  -48.0013973,-21.1483564,0
                  -48.0024488,-21.147716,0
                  -48.0043585,-21.146235,0
                  -48.0060322,-21.1481563,0
                  -48.0057532,-21.1503376,0
                  -48.0064828,-21.1503176,0
                  -48.0067403,-21.1495171,0
                  -48.0075771,-21.1491169,0
                  -48.0087144,-21.1486766,0
                  -48.0081136,-21.1474958,0
                  -48.0106241,-21.1471156,0
                  -48.0115897,-21.1484965,0
                  -48.0149157,-21.1467954,0
                  -48.0145723,-21.146115,0
                  -48.0175764,-21.1444539,0
                  -48.0185993,-21.1442949,0
                </coordinates>
              </LinearRing>
            </outerBoundaryIs>
          </Polygon>
        </MultiGeometry>
      </Placemark>
      <Placemark>
        <name>CTP CLIENTE</name>
        <description>TEMOS UMA PORTA ATIVA AQUI</description>
        <styleUrl>#poly-0288D1-1200-77</styleUrl>
        <Polygon>
          <outerBoundaryIs>
            <LinearRing>
              <tessellate>1</tessellate>
              <coordinates>
                -47.6155194,-21.1929413,0
                -47.61597,-21.1947519,0
                -47.6138886,-21.1955021,0
                -47.6129445,-21.195252,0
                -47.6129016,-21.1929813,0
                -47.6153799,-21.1922311,0
                -47.6155194,-21.1929413,0
              </coordinates>
            </LinearRing>
          </outerBoundaryIs>
        </Polygon>
      </Placemark>
      <Placemark>
        <name>Jaboticabal - Ativação e Suporte

Ativação e Suporte: 03
Horário: Segunda à Segunda
08:00 até às 18:00 horas</name>
        <styleUrl>#poly-673AB7-1200-77-nodesc</styleUrl>
        <Polygon>
          <outerBoundaryIs>
            <LinearRing>
              <tessellate>1</tessellate>
              <coordinates>
                -48.2652338,-21.2841911,0
                -48.2667573,-21.2915888,0
                -48.2620366,-21.2923685,0
                -48.2614358,-21.2895095,0
                -48.2606633,-21.2863505,0
                -48.2599981,-21.2853908,0
                -48.2602127,-21.284671,0
                -48.2652124,-21.2839712,0
                -48.2652338,-21.2841911,0
              </coordinates>
            </LinearRing>
          </outerBoundaryIs>
        </Polygon>
      </Placemark>
      <Placemark>
        <name>CTO </name>
        <styleUrl>#poly-0288D1-1200-77-nodesc</styleUrl>
        <Polygon>
          <outerBoundaryIs>
            <LinearRing>
              <tessellate>1</tessellate>
              <coordinates>
                -47.600546,-21.2240204,0
                -47.6006533,-21.2268807,0
                -47.5980569,-21.2282409,0
                -47.5959755,-21.2285409,0
                -47.5950743,-21.2277008,0
                -47.5947739,-21.2256006,0
                -47.5954176,-21.2240605,0
                -47.5961901,-21.2232404,0
                -47.597263,-21.2229403,0
                -47.5993444,-21.2240805,0
                -47.600546,-21.2240204,0
              </coordinates>
            </LinearRing>
          </outerBoundaryIs>
        </Polygon>
      </Placemark>
      <Placemark>
        <name>RURAL NOVO</name>
        <description><![CDATA[EM BREVE!!<br>TAXA CONFIRMAR COM AGNALDO E FIXAR AQUI]]></description>
        <styleUrl>#poly-0288D1-1200-77</styleUrl>
        <Polygon>
          <outerBoundaryIs>
            <LinearRing>
              <tessellate>1</tessellate>
              <coordinates>
                -47.4091925,-21.2697177,0
                -47.4072077,-21.2686979,0
                -47.4065854,-21.2676381,0
                -47.4050834,-21.2668682,0
                -47.4061992,-21.2657884,0
                -47.4073364,-21.2653185,0
                -47.4078943,-21.2632788,0
                -47.4085702,-21.2611992,0
                -47.409847,-21.2591994,0
                -47.4127116,-21.2591294,0
                -47.4140205,-21.261979,0
                -47.4126257,-21.2634688,0
                -47.4108662,-21.2647986,0
                -47.4109306,-21.2671682,0
                -47.4105765,-21.2690978,0
                -47.4091925,-21.2697177,0
              </coordinates>
            </LinearRing>
          </outerBoundaryIs>
        </Polygon>
      </Placemark>
      <Placemark>
        <name>RURAL ALTINÓPOLIS -
 FAZENDA LIMEIRA (COLONIA)
</name>
        <description><![CDATA[ACOMPANHAR PELO FTTH CONDOMÍNIOS <br><br>https://docs.google.com/spreadsheets/d/15aH9Mufet_ENqw5jmv4ccyAPmNKlkaPQHrJ18vcQlwg/edit?gid=604793524#gid=604793524]]></description>
        <styleUrl>#poly-0288D1-1200-77</styleUrl>
        <Polygon>
          <outerBoundaryIs>
            <LinearRing>
              <tessellate>1</tessellate>
              <coordinates>
                -47.3753756,-20.9905318,0
                -47.3707622,-20.9898306,0
                -47.3700112,-20.9855633,0
                -47.3699039,-20.9846217,0
                -47.3717278,-20.984221,0
                -47.3758691,-20.9851226,0
                -47.3770278,-20.9853029,0
                -47.3771995,-20.9908323,0
                -47.3753756,-20.9905318,0
              </coordinates>
            </LinearRing>
          </outerBoundaryIs>
        </Polygon>
      </Placemark>
      <Placemark>
        <name>RURAL PRÓXIMO À SANTA RITA DO ÓLEO</name>
        <description>https://docs.google.com/spreadsheets/d/15aH9Mufet_ENqw5jmv4ccyAPmNKlkaPQHrJ18vcQlwg/edit?gid=2061717106#gid=2061717106</description>
        <styleUrl>#poly-0288D1-1200-77</styleUrl>
        <Polygon>
          <outerBoundaryIs>
            <LinearRing>
              <tessellate>1</tessellate>
              <coordinates>
                -47.3245592,-21.3037839,0
                -47.3227675,-21.3039838,0
                -47.3208363,-21.303654,0
                -47.3206217,-21.3033341,0
                -47.3219414,-21.3016148,0
                -47.3230465,-21.3016048,0
                -47.3249455,-21.3037739,0
                -47.3245592,-21.3037839,0
              </coordinates>
            </LinearRing>
          </outerBoundaryIs>
        </Polygon>
      </Placemark>
      <Placemark>
        <name>CTO REGIÃO ESTÂNCIA</name>
        <styleUrl>#poly-0288D1-1200-77-nodesc</styleUrl>
        <Polygon>
          <outerBoundaryIs>
            <LinearRing>
              <tessellate>1</tessellate>
              <coordinates>
                -47.2092202,-21.2728799,0
                -47.2087482,-21.2756792,0
                -47.2074178,-21.2778387,0
                -47.2041991,-21.2780786,0
                -47.20171,-21.2801181,0
                -47.198663,-21.2814378,0
                -47.1965602,-21.2816377,0
                -47.195144,-21.2815177,0
                -47.1951869,-21.2788785,0
                -47.2026542,-21.2739196,0
                -47.2078469,-21.2716002,0
                -47.2090486,-21.2731998,0
                -47.2092202,-21.2728799,0
              </coordinates>
            </LinearRing>
          </outerBoundaryIs>
        </Polygon>
      </Placemark>
      <Placemark>
        <name>Luís Antônio - Ativação e Suporte

Capacidade: 05
Horário: Segunda à Sábado
08:00 até às 17:00 horas
</name>
        <description>Luís Antônio</description>
        <styleUrl>#poly-673AB7-1200-77</styleUrl>
        <Polygon>
          <outerBoundaryIs>
            <LinearRing>
              <tessellate>1</tessellate>
              <coordinates>
                -47.7102733,-21.5471323,0
                -47.7058718,-21.5502458,0
                -47.7049585,-21.5505851,0
                -47.7052469,-21.5517227,0
                -47.7088276,-21.5514233,0
                -47.7087605,-21.549208,0
                -47.7101875,-21.5485793,0
                -47.7104128,-21.5514831,0
                -47.7122796,-21.5514232,0
                -47.7133095,-21.5521417,0
                -47.7163994,-21.5519022,0
                -47.7141678,-21.5562129,0
                -47.7127945,-21.5570112,0
                -47.7059281,-21.5536584,0
                -47.7011216,-21.56212,0
                -47.6967442,-21.5602841,0
                -47.6958001,-21.5590069,0
                -47.692281,-21.5627586,0
                -47.6878178,-21.5586876,0
                -47.6885903,-21.5578095,0
                -47.6871312,-21.5566121,0
                -47.6891911,-21.5546962,0
                -47.6900494,-21.5528601,0
                -47.6850712,-21.5508644,0
                -47.682582,-21.5507846,0
                -47.6793205,-21.5499064,0
                -47.6781188,-21.5487888,0
                -47.6824962,-21.5428811,0
                -47.6936543,-21.5483098,0
                -47.6955426,-21.5444778,0
                -47.7013791,-21.5462342,0
                -47.7032673,-21.5485493,0
                -47.7050698,-21.5449568,0
                -47.7102733,-21.5471323,0
              </coordinates>
            </LinearRing>
          </outerBoundaryIs>
        </Polygon>
      </Placemark>
      <Placemark>
        <name>ASSENTAMENTO - CTO PRONTA</name>
        <styleUrl>#poly-0288D1-1200-77-nodesc</styleUrl>
        <Polygon>
          <outerBoundaryIs>
            <LinearRing>
              <tessellate>1</tessellate>
              <coordinates>
                -47.5377211,-21.2405154,0
                -47.5388369,-21.2412054,0
                -47.5393948,-21.2420354,0
                -47.5393626,-21.2435053,0
                -47.537646,-21.2447353,0
                -47.5369057,-21.2439753,0
                -47.5359401,-21.2431854,0
                -47.5354895,-21.2426854,0
                -47.53638,-21.2415954,0
                -47.5360152,-21.2404254,0
                -47.5369057,-21.2399854,0
                -47.5377211,-21.2405154,0
              </coordinates>
            </LinearRing>
          </outerBoundaryIs>
        </Polygon>
      </Placemark>
      <Placemark>
        <name>RURAL S02</name>
        <styleUrl>#poly-0288D1-1200-77-nodesc</styleUrl>
        <Polygon>
          <outerBoundaryIs>
            <LinearRing>
              <tessellate>1</tessellate>
              <coordinates>
                -47.4539518,-21.2963442,0
                -47.4532008,-21.2999628,0
                -47.4513125,-21.3029616,0
                -47.4489307,-21.3038812,0
                -47.4463558,-21.3026617,0
                -47.4463772,-21.299563,0
                -47.44421,-21.2975637,0
                -47.4433088,-21.2972239,0
                -47.4444889,-21.2936052,0
                -47.4465006,-21.2934703,0
                -47.4477827,-21.2933953,0
                -47.4482816,-21.2944799,0
                -47.449274,-21.2946049,0
                -47.4513125,-21.2958644,0
                -47.4539518,-21.2963442,0
              </coordinates>
            </LinearRing>
          </outerBoundaryIs>
        </Polygon>
      </Placemark>
      <Placemark>
        <name>FTTH RIBEIRÃO PRETO</name>
        <description><![CDATA[TEMOS FTTH ESPALHADO PELO SHOPPING<br>PORÉM IDEAL É PROSSEGUIR COM VISITA PARA VISTORIA DEVIDO AS EXIGÊNCIAS DO SHOPPING (EXEMPLO: PEDEM ART)]]></description>
        <styleUrl>#poly-F57C00-1200-77</styleUrl>
        <Polygon>
          <outerBoundaryIs>
            <LinearRing>
              <tessellate>1</tessellate>
              <coordinates>
                -47.8174367,-21.2112649,0
                -47.8176191,-21.211615,0
                -47.8175011,-21.2119551,0
                -47.8173294,-21.2124551,0
                -47.8180912,-21.2127152,0
                -47.8175977,-21.2136754,0
                -47.8170076,-21.2135053,0
                -47.816793,-21.2139654,0
                -47.81513,-21.2145455,0
                -47.8137997,-21.2111549,0
                -47.8140035,-21.2105248,0
                -47.8141966,-21.2101647,0
                -47.8148082,-21.2099647,0
                -47.8150549,-21.2101147,0
                -47.8152802,-21.2108448,0
                -47.8158918,-21.2108648,0
                -47.8167072,-21.2112049,0
                -47.8168145,-21.2110549,0
                -47.8172865,-21.2111849,0
                -47.8174367,-21.2112649,0
              </coordinates>
            </LinearRing>
          </outerBoundaryIs>
        </Polygon>
      </Placemark>
      <Placemark>
        <name>RURAL JABOTICABAL</name>
        <styleUrl>#poly-0288D1-1200-77-nodesc</styleUrl>
        <Polygon>
          <outerBoundaryIs>
            <LinearRing>
              <tessellate>1</tessellate>
              <coordinates>
                -48.3784206,-21.2344891,0
                -48.3765323,-21.2374892,0
                -48.3746226,-21.2364092,0
                -48.3734209,-21.2336691,0
                -48.3730991,-21.231829,0
                -48.3748371,-21.2307089,0
                -48.3772833,-21.2294288,0
                -48.3793862,-21.2287488,0
                -48.3815319,-21.2252485,0
                -48.3824975,-21.2222681,0
                -48.3805878,-21.2186876,0
                -48.3787639,-21.2177675,0
                -48.3789355,-21.2168273,0
                -48.3804805,-21.2163273,0
                -48.381253,-21.2143669,0
                -48.3797509,-21.2104462,0
                -48.3761031,-21.2015641,0
                -48.3744294,-21.1986033,0
                -48.3752019,-21.1974029,0
                -48.3739145,-21.1916812,0
                -48.3716829,-21.1891603,0
                -48.3712537,-21.1867995,0
                -48.3725412,-21.1836383,0
                -48.3809097,-21.1858791,0
                -48.3799655,-21.1887602,0
                -48.3729703,-21.1870796,0
                -48.3730561,-21.1893203,0
                -48.376146,-21.1974029,0
                -48.3778627,-21.1992435,0
                -48.3772189,-21.2026044,0
                -48.3821113,-21.214887,0
                -48.3824546,-21.2167673,0
                -48.3811671,-21.2186876,0
                -48.3830554,-21.2221681,0
                -48.3818109,-21.2269286,0
                -48.3788068,-21.231249,0
                -48.3773048,-21.231689,0
                -48.3784206,-21.2344891,0
              </coordinates>
            </LinearRing>
          </outerBoundaryIs>
        </Polygon>
      </Placemark>
      <Placemark>
        <name>RURAL RO LIQUIDO</name>
        <styleUrl>#poly-0288D1-1200-77-nodesc</styleUrl>
        <Polygon>
          <outerBoundaryIs>
            <LinearRing>
              <tessellate>1</tessellate>
              <coordinates>
                -47.8736898,-21.1379573,0
                -47.8733465,-21.1387779,0
                -47.8728315,-21.1389281,0
                -47.871705,-21.1386278,0
                -47.8707823,-21.1384877,0
                -47.8699615,-21.1385127,0
                -47.8697845,-21.1388779,0
                -47.8691515,-21.138938,0
                -47.8680035,-21.1388779,0
                -47.8678534,-21.1384176,0
                -47.8680089,-21.1376121,0
                -47.86751,-21.1367966,0
                -47.8670487,-21.1366464,0
                -47.8666195,-21.1356057,0
                -47.8671559,-21.1350653,0
                -47.8671559,-21.1345449,0
                -47.8673491,-21.1336243,0
                -47.8684219,-21.1335042,0
                -47.8688082,-21.1344248,0
                -47.8693125,-21.1354556,0
                -47.8701064,-21.136116,0
                -47.8713295,-21.1366264,0
                -47.8721288,-21.1370617,0
                -47.8729817,-21.137497,0
                -47.8736898,-21.1379573,0
              </coordinates>
            </LinearRing>
          </outerBoundaryIs>
        </Polygon>
      </Placemark>
      <Placemark>
        <name>PARTE NOVA ARARAS</name>
        <styleUrl>#poly-673AB7-1200-77-nodesc</styleUrl>
        <Polygon>
          <outerBoundaryIs>
            <LinearRing>
              <tessellate>1</tessellate>
              <coordinates>
                -47.5518459,-20.9078156,0
                -47.5505477,-20.9083367,0
                -47.5509983,-20.9095194,0
                -47.5479298,-20.9105817,0
                -47.5464707,-20.9083267,0
                -47.5500112,-20.9070839,0
                -47.5502687,-20.9077855,0
                -47.5516635,-20.9073546,0
                -47.5518459,-20.9078156,0
              </coordinates>
            </LinearRing>
          </outerBoundaryIs>
        </Polygon>
      </Placemark>
      <Placemark>
        <name>RURAL JURUCÊ</name>
        <description>S92-C05</description>
        <styleUrl>#poly-0288D1-1200-77</styleUrl>
        <Polygon>
          <outerBoundaryIs>
            <LinearRing>
              <tessellate>1</tessellate>
              <coordinates>
                -47.7195341,-21.065122,0
                -47.7212507,-21.0665637,0
                -47.7212936,-21.068506,0
                -47.7187616,-21.0697474,0
                -47.7165515,-21.0688664,0
                -47.7161438,-21.0662834,0
                -47.717324,-21.0648217,0
                -47.7193195,-21.0648017,0
                -47.7195341,-21.065122,0
              </coordinates>
            </LinearRing>
          </outerBoundaryIs>
        </Polygon>
      </Placemark>
      <Placemark>
        <name>Arceburgo/Milagre/S. B. Areias- Ativação, serviços e Suporte

Capacidade: 04
Horário: Segunda à Sábado
08:00 até as 17:00 horas</name>
        <description>Arcebrugo </description>
        <styleUrl>#poly-673AB7-1200-77</styleUrl>
        <Polygon>
          <outerBoundaryIs>
            <LinearRing>
              <tessellate>1</tessellate>
              <coordinates>
                -46.9446289,-21.3571175,0
                -46.9468605,-21.3613541,0
                -46.9472252,-21.3689274,0
                -46.9463133,-21.3689774,0
                -46.9460289,-21.3703013,0
                -46.9456508,-21.3713429,0
                -46.9459337,-21.372643,0
                -46.9463756,-21.3741123,0
                -46.945337,-21.3741829,0
                -46.9454765,-21.3753218,0
                -46.9457179,-21.3774298,0
                -46.9460103,-21.3782641,0
                -46.9472508,-21.3773624,0
                -46.9479355,-21.3786699,0
                -46.9471191,-21.3792438,0
                -46.947655,-21.3799104,0
                -46.9465497,-21.380903,0
                -46.9458897,-21.3816791,0
                -46.9455168,-21.382227,0
                -46.9456374,-21.380557,0
                -46.9448328,-21.3812863,0
                -46.9445807,-21.3810515,0
                -46.9453773,-21.3801149,0
                -46.945325,-21.3795267,0
                -46.9446122,-21.3785333,0
                -46.9454789,-21.3782763,0
                -46.9452686,-21.37583,0
                -46.9420735,-21.3766749,0
                -46.9408318,-21.3753609,0
                -46.9439673,-21.3743068,0
                -46.9436509,-21.3729977,0
                -46.9441125,-21.3727374,0
                -46.9436624,-21.3703485,0
                -46.9426008,-21.3690484,0
                -46.9405465,-21.3684383,0
                -46.9385537,-21.3689326,0
                -46.9379221,-21.3687201,0
                -46.9383787,-21.3668354,0
                -46.9379204,-21.3665325,0
                -46.9359745,-21.3671403,0
                -46.9363534,-21.3694076,0
                -46.9360735,-21.3695205,0
                -46.9358688,-21.3693737,0
                -46.9354226,-21.3692343,0
                -46.9354163,-21.3683656,0
                -46.9350873,-21.365659,0
                -46.9343219,-21.3655846,0
                -46.9338104,-21.3667063,0
                -46.9332114,-21.3702846,0
                -46.9334483,-21.3716942,0
                -46.9347041,-21.3731183,0
                -46.9344151,-21.3760812,0
                -46.9297802,-21.3769604,0
                -46.9307029,-21.3708958,0
                -46.928246,-21.3734984,0
                -46.9274628,-21.372764,0
                -46.9303811,-21.3679583,0
                -46.9298446,-21.3649559,0
                -46.9306385,-21.3647712,0
                -46.9299733,-21.3631026,0
                -46.9315075,-21.3621483,0
                -46.9292061,-21.3599127,0
                -46.9273272,-21.3583346,0
                -46.9267144,-21.3575758,0
                -46.925767,-21.3565835,0
                -46.9254634,-21.3572298,0
                -46.9239549,-21.3592618,0
                -46.9215389,-21.3578103,0
                -46.9234444,-21.3553868,0
                -46.9240369,-21.3551361,0
                -46.9253506,-21.355794,0
                -46.9262184,-21.3564902,0
                -46.9264543,-21.3561782,0
                -46.9276774,-21.3567577,0
                -46.9298017,-21.3568977,0
                -46.9299626,-21.3543896,0
                -46.932162,-21.3543197,0
                -46.932237,-21.3566578,0
                -46.9344847,-21.3559484,0
                -46.9352009,-21.3595105,0
                -46.9360096,-21.3593931,0
                -46.9366715,-21.3606733,0
                -46.9382684,-21.3608538,0
                -46.9396507,-21.3617537,0
                -46.9410884,-21.3610343,0
                -46.9423544,-21.3594356,0
                -46.9439423,-21.3569176,0
                -46.9446289,-21.3571175,0
              </coordinates>
            </LinearRing>
          </outerBoundaryIs>
        </Polygon>
      </Placemark>
      <Placemark>
        <name>Santa Rosa de Viterbo - Hibrido

Ativação e Suporte: 04
Horário: Segunda à Segunda
08:00 até às 20:00 horas
---------------------------------
Santa Rosa de Viterbo Terceiros

Ativação: 05
Horário: Segunda à Segunda
08:00 até às 17:00 horas</name>
        <description>Santa Rosa de Viterbo</description>
        <styleUrl>#poly-673AB7-1200-77</styleUrl>
        <Polygon>
          <outerBoundaryIs>
            <LinearRing>
              <tessellate>1</tessellate>
              <coordinates>
                -47.3925312,-21.4914676,0
                -47.3907716,-21.5007114,0
                -47.3886687,-21.4991741,0
                -47.3859436,-21.5025082,0
                -47.3842485,-21.5013103,0
                -47.383358,-21.5004519,0
                -47.3848708,-21.4990743,0
                -47.3842539,-21.4984155,0
                -47.3847072,-21.4967284,0
                -47.3836585,-21.4959798,0
                -47.3794635,-21.5004718,0
                -47.3783371,-21.5006965,0
                -47.3763522,-21.5006591,0
                -47.3757298,-21.5001612,0
                -47.3743887,-21.4991486,0
                -47.3733212,-21.4983828,0
                -47.3739435,-21.4978665,0
                -47.3737531,-21.4977616,0
                -47.3729819,-21.4981934,0
                -47.3717863,-21.4982645,0
                -47.371846,-21.499234,0
                -47.3712023,-21.4991542,0
                -47.3706015,-21.4962193,0
                -47.3695929,-21.4956803,0
                -47.3701294,-21.4944624,0
                -47.3701723,-21.494093,0
                -47.3692497,-21.4933243,0
                -47.3683591,-21.4925757,0
                -47.3674043,-21.4923161,0
                -47.3664495,-21.4922362,0
                -47.3642929,-21.4925557,0
                -47.3636063,-21.4929151,0
                -47.3618252,-21.492975,0
                -47.3596151,-21.4919368,0
                -47.3590787,-21.491198,0
                -47.3597761,-21.4902946,0
                -47.3609026,-21.4900101,0
                -47.3590787,-21.4879136,0
                -47.3609455,-21.4870252,0
                -47.3594221,-21.4861865,0
                -47.3573738,-21.4853931,0
                -47.3548583,-21.4877219,0
                -47.3543891,-21.4871691,0
                -47.3565915,-21.4848993,0
                -47.3542758,-21.4838116,0
                -47.3522625,-21.4829342,0
                -47.3535739,-21.4810261,0
                -47.3524963,-21.4805142,0
                -47.3517537,-21.4803382,0
                -47.349728,-21.4808432,0
                -47.3496121,-21.479711,0
                -47.35129,-21.4795631,0
                -47.3521674,-21.479397,0
                -47.3525942,-21.4781526,0
                -47.3568547,-21.4798291,0
                -47.3573388,-21.4795088,0
                -47.3576836,-21.4790969,0
                -47.3586722,-21.4790643,0
                -47.3598753,-21.4787522,0
                -47.3601986,-21.4781606,0
                -47.3601616,-21.4764928,0
                -47.3599804,-21.4751941,0
                -47.3613583,-21.4710375,0
                -47.3608953,-21.4673169,0
                -47.3625441,-21.466785,0
                -47.3631812,-21.4698744,0
                -47.3638974,-21.4705419,0
                -47.3646002,-21.4695606,0
                -47.3662205,-21.4690755,0
                -47.3668858,-21.4696229,0
                -47.3674868,-21.469879,0
                -47.3693754,-21.4702312,0
                -47.3693333,-21.4694582,0
                -47.3689916,-21.4691501,0
                -47.3678358,-21.466018,0
                -47.3692149,-21.4643866,0
                -47.3702562,-21.4644787,0
                -47.3704079,-21.4649823,0
                -47.3720418,-21.4653103,0
                -47.3721766,-21.4660064,0
                -47.3718027,-21.467718,0
                -47.3713124,-21.4689046,0
                -47.3729925,-21.4685619,0
                -47.3771251,-21.4681558,0
                -47.3800684,-21.4672636,0
                -47.3811497,-21.4675166,0
                -47.3814338,-21.4679537,0
                -47.3805001,-21.469327,0
                -47.3770879,-21.4697573,0
                -47.3771938,-21.4712169,0
                -47.3769984,-21.4716401,0
                -47.3766716,-21.4731653,0
                -47.3730354,-21.4732604,0
                -47.3728325,-21.474923,0
                -47.3761915,-21.475128,0
                -47.3765385,-21.4753887,0
                -47.376362,-21.4770949,0
                -47.3753701,-21.4783817,0
                -47.3750169,-21.4783395,0
                -47.3744823,-21.4797528,0
                -47.3713101,-21.4866525,0
                -47.3726479,-21.4877129,0
                -47.3743472,-21.4871583,0
                -47.3753908,-21.4875913,0
                -47.3752757,-21.4859478,0
                -47.3749167,-21.4844977,0
                -47.375057,-21.4834744,0
                -47.3756809,-21.4819468,0
                -47.3769287,-21.4823261,0
                -47.3773214,-21.4820862,0
                -47.3779783,-21.4825249,0
                -47.3779616,-21.4843208,0
                -47.3775421,-21.4855566,0
                -47.3770894,-21.4866303,0
                -47.3767417,-21.4884982,0
                -47.3757459,-21.4882409,0
                -47.3761723,-21.489907,0
                -47.3763949,-21.490335,0
                -47.3773873,-21.4899111,0
                -47.3780901,-21.4884091,0
                -47.3793454,-21.4883,0
                -47.3808474,-21.4850072,0
                -47.3836367,-21.4875245,0
                -47.3836581,-21.4882847,0
                -47.3858035,-21.4887301,0
                -47.3866182,-21.4855476,0
                -47.3875609,-21.4854921,0
                -47.3894465,-21.4887751,0
                -47.3904523,-21.4908401,0
                -47.3925312,-21.4914676,0
              </coordinates>
            </LinearRing>
          </outerBoundaryIs>
        </Polygon>
      </Placemark>
      <Placemark>
        <name>RURAL MIMOSO PORTA</name>
        <styleUrl>#poly-0288D1-1200-77-nodesc</styleUrl>
        <Polygon>
          <outerBoundaryIs>
            <LinearRing>
              <tessellate>1</tessellate>
              <coordinates>
                -47.2755158,-21.2362959,0
                -47.2755802,-21.2373459,0
                -47.2750759,-21.238136,0
                -47.2725654,-21.238296,0
                -47.2717285,-21.2375559,0
                -47.2717929,-21.2366859,0
                -47.2731447,-21.2358359,0
                -47.2749686,-21.2356959,0
                -47.2755158,-21.2362959,0
              </coordinates>
            </LinearRing>
          </outerBoundaryIs>
        </Polygon>
      </Placemark>
      <Placemark>
        <name><![CDATA[CTO'S SAID]]></name>
        <description>TEMOS ALGUMAS PORTAS ESPALHADAS PELA SAID PARA ATENDIMENTO</description>
        <styleUrl>#poly-F57C00-1200-77</styleUrl>
        <Polygon>
          <outerBoundaryIs>
            <LinearRing>
              <tessellate>1</tessellate>
              <coordinates>
                -47.7863733,-21.2457572,0
                -47.7851717,-21.2472172,0
                -47.7834336,-21.2465572,0
                -47.7831976,-21.2456972,0
                -47.7810733,-21.2459772,0
                -47.7797215,-21.2458172,0
                -47.779464,-21.2444573,0
                -47.779185,-21.2432173,0
                -47.7799146,-21.2425773,0
                -47.782232,-21.2426973,0
                -47.7826397,-21.2389173,0
                -47.7834122,-21.2388573,0
                -47.7860515,-21.2449373,0
                -47.7863733,-21.2457572,0
              </coordinates>
            </LinearRing>
          </outerBoundaryIs>
        </Polygon>
      </Placemark>
      <Placemark>
        <name>RURAL CTO CJU</name>
        <styleUrl>#poly-0288D1-1200-77-nodesc</styleUrl>
        <Polygon>
          <outerBoundaryIs>
            <LinearRing>
              <tessellate>1</tessellate>
              <coordinates>
                -47.2945607,-21.2932701,0
                -47.2955692,-21.2938199,0
                -47.2957838,-21.2945196,0
                -47.2934771,-21.2952494,0
                -47.2929728,-21.2944796,0
                -47.2932411,-21.2940398,0
                -47.2942496,-21.2931901,0
                -47.2945607,-21.2932701,0
              </coordinates>
            </LinearRing>
          </outerBoundaryIs>
        </Polygon>
      </Placemark>
      <Placemark>
        <name>RURAL CTO CAJURU</name>
        <styleUrl>#poly-0288D1-1200-77-nodesc</styleUrl>
        <Polygon>
          <outerBoundaryIs>
            <LinearRing>
              <tessellate>1</tessellate>
              <coordinates>
                -47.2877157,-21.2984911,0
                -47.2885204,-21.3002404,0
                -47.2878445,-21.3015599,0
                -47.2865463,-21.3020297,0
                -47.2842718,-21.30115,0
                -47.2841001,-21.3002204,0
                -47.2824586,-21.2998506,0
                -47.282126,-21.2985211,0
                -47.2822118,-21.2973915,0
                -47.284025,-21.2964419,0
                -47.2864282,-21.2973915,0
                -47.2875333,-21.2983812,0
                -47.2877157,-21.2984911,0
              </coordinates>
            </LinearRing>
          </outerBoundaryIs>
        </Polygon>
      </Placemark>
      <Placemark>
        <name>REGIÃO IGREJA DO BAÚ</name>
        <styleUrl>#poly-0288D1-1200-99-nodesc</styleUrl>
        <Polygon>
          <outerBoundaryIs>
            <LinearRing>
              <tessellate>1</tessellate>
              <coordinates>
                -47.1303637,-21.1178338,0
                -47.1292693,-21.1235784,0
                -47.1283895,-21.1240588,0
                -47.1262867,-21.1292428,0
                -47.1233148,-21.1301735,0
                -47.1203617,-21.130136,0
                -47.1184814,-21.1278968,0
                -47.1228749,-21.1250596,0
                -47.1213729,-21.1232181,0
                -47.1161935,-21.1220772,0
                -47.1150053,-21.1191949,0
                -47.1177358,-21.116913,0
                -47.1244843,-21.1195152,0
                -47.125364,-21.1172333,0
                -47.1297199,-21.1151715,0
                -47.1303637,-21.1178338,0
              </coordinates>
            </LinearRing>
          </outerBoundaryIs>
        </Polygon>
      </Placemark>
      <Placemark>
        <name>Batatais - Alcans Ativação
Ativação: 04
Horário: Segunda à Sábado
08:00 até às 17:00 horas

Batatais - Terceiros Comum (ativ)
Horário: 08:00 até às 17:00 horas
Limite: Verificar bloqueio informativo.

Batatais - Suporte
Suporte: 07
Horário: Segunda à Sábado
08:00 até às 18:00 horas
--------------------------------</name>
        <description>.Batatais</description>
        <styleUrl>#poly-673AB7-1200-87</styleUrl>
        <Polygon>
          <outerBoundaryIs>
            <LinearRing>
              <tessellate>1</tessellate>
              <coordinates>
                -47.6115112,-20.8728195,0
                -47.6086573,-20.8749247,0
                -47.6083998,-20.8749848,0
                -47.6054816,-20.8732606,0
                -47.6044946,-20.8721779,0
                -47.6052241,-20.8710752,0
                -47.6063399,-20.8710752,0
                -47.6074128,-20.8706942,0
                -47.6083998,-20.8702531,0
                -47.6090007,-20.8699123,0
                -47.6099663,-20.8694511,0
                -47.6108889,-20.8687494,0
                -47.6113181,-20.8684887,0
                -47.6120691,-20.8688897,0
                -47.6126485,-20.8692907,0
                -47.6127987,-20.8699123,0
                -47.6129918,-20.8708346,0
                -47.6132922,-20.8713759,0
                -47.6115112,-20.8728195,0
              </coordinates>
            </LinearRing>
          </outerBoundaryIs>
        </Polygon>
      </Placemark>
      <Placemark>
        <name>Serrana - Hibrido
Limite: 04
Horário: Segunda à Sábado
08:00 até às 17:00 horas

Serrana - Terceiros - Realiza ativação e ativação com rede mesh
Horário: 08:00 até às 17:00 horas
Limite: Verificar bloqueio informativo.

-------------------------------------------
Serrana - Suporte
Limite: 6
Horário: Segunda à Segunda
</name>
        <description>Serrana</description>
        <styleUrl>#poly-673AB7-1200-77</styleUrl>
        <Polygon>
          <outerBoundaryIs>
            <LinearRing>
              <tessellate>1</tessellate>
              <coordinates>
                -47.6238035,-21.2046873,0
                -47.6233153,-21.2049673,0
                -47.6227413,-21.2058075,0
                -47.6232885,-21.2071278,0
                -47.620735,-21.2142893,0
                -47.6204349,-21.21495,0
                -47.6197591,-21.2159553,0
                -47.6189545,-21.2171006,0
                -47.6182893,-21.2175757,0
                -47.6176242,-21.2183309,0
                -47.6171816,-21.2180034,0
                -47.6159237,-21.2151154,0
                -47.6151485,-21.2138477,0
                -47.6149111,-21.2136138,0
                -47.6146744,-21.213427,0
                -47.6149956,-21.2123199,0
                -47.6128552,-21.2125449,0
                -47.6119299,-21.2115871,0
                -47.6133126,-21.2155989,0
                -47.6114758,-21.2158529,0
                -47.611554,-21.2162869,0
                -47.6135956,-21.2191012,0
                -47.6119825,-21.2199933,0
                -47.6097311,-21.2163497,0
                -47.6086586,-21.2163561,0
                -47.6106703,-21.2202358,0
                -47.6093562,-21.2198348,0
                -47.6077509,-21.219392,0
                -47.6076691,-21.2189292,0
                -47.6067223,-21.2164334,0
                -47.606068,-21.2165725,0
                -47.6031904,-21.2169913,0
                -47.6019205,-21.219001,0
                -47.6016706,-21.2189808,0
                -47.5979016,-21.2169603,0
                -47.5980884,-21.2181601,0
                -47.5972604,-21.2186395,0
                -47.5954328,-21.2177578,0
                -47.5934512,-21.2186748,0
                -47.5928998,-21.2188285,0
                -47.5933848,-21.2212362,0
                -47.5931745,-21.222151,0
                -47.591209,-21.2228806,0
                -47.5901982,-21.2216362,0
                -47.5895307,-21.2204419,0
                -47.5889253,-21.2187132,0
                -47.5882939,-21.2186564,0
                -47.5881468,-21.2184427,0
                -47.5874236,-21.2173952,0
                -47.5863205,-21.2172006,0
                -47.5859571,-21.2166621,0
                -47.5851538,-21.2165336,0
                -47.584706,-21.2167368,0
                -47.5831668,-21.2175432,0
                -47.5834042,-21.2179833,0
                -47.5825687,-21.2185084,0
                -47.5828503,-21.2192586,0
                -47.580388,-21.2204587,0
                -47.5800428,-21.220235,0
                -47.5778328,-21.2212951,0
                -47.5772534,-21.2204249,0
                -47.575923,-21.2179746,0
                -47.5760088,-21.2168344,0
                -47.5838785,-21.2139541,0
                -47.5919198,-21.2112734,0
                -47.5918022,-21.2095409,0
                -47.5922317,-21.2073282,0
                -47.5934125,-21.2070037,0
                -47.5943058,-21.2077568,0
                -47.5942441,-21.2087199,0
                -47.5953655,-21.2090357,0
                -47.5955911,-21.2083571,0
                -47.5947815,-21.2079536,0
                -47.5943527,-21.2077402,0
                -47.5945967,-21.2070374,0
                -47.5956749,-21.2025614,0
                -47.5946355,-21.2006084,0
                -47.5940575,-21.1995256,0
                -47.5939314,-21.2002808,0
                -47.5930141,-21.2003308,0
                -47.592526,-21.1992405,0
                -47.5924133,-21.1979701,0
                -47.5923736,-21.19766,0
                -47.5924075,-21.1973211,0
                -47.5924844,-21.196162,0
                -47.592123,-21.194884,0
                -47.5940183,-21.1945489,0
                -47.5944324,-21.1937686,0
                -47.5915742,-21.1929882,0
                -47.5904326,-21.1925779,0
                -47.5905635,-21.190182,0
                -47.590866,-21.1901068,0
                -47.5936704,-21.1900864,0
                -47.5939214,-21.1895658,0
                -47.5962877,-21.1890442,0
                -47.5970281,-21.1917051,0
                -47.5979615,-21.1948661,0
                -47.5978006,-21.1956264,0
                -47.6048788,-21.1977746,0
                -47.6081913,-21.1989025,0
                -47.6084742,-21.1993364,0
                -47.6075663,-21.2007506,0
                -47.6067374,-21.2011983,0
                -47.6077352,-21.2024087,0
                -47.6104174,-21.2010084,0
                -47.6096718,-21.1996956,0
                -47.6100848,-21.199463,0
                -47.612649,-21.1999882,0
                -47.6244941,-21.2035086,0
                -47.6238035,-21.2046873,0
              </coordinates>
            </LinearRing>
          </outerBoundaryIs>
        </Polygon>
      </Placemark>
      <Placemark>
        <name>RURAL JURUCÊ</name>
        <styleUrl>#poly-0288D1-1200-77-nodesc</styleUrl>
        <Polygon>
          <outerBoundaryIs>
            <LinearRing>
              <tessellate>1</tessellate>
              <coordinates>
                -47.7319681,-21.0738386,0
                -47.73288,-21.0768419,0
                -47.7319574,-21.0771823,0
                -47.7303695,-21.0742791,0
                -47.7313351,-21.0738886,0
                -47.7318823,-21.0737285,0
                -47.7319681,-21.0738386,0
              </coordinates>
            </LinearRing>
          </outerBoundaryIs>
        </Polygon>
      </Placemark>
      <Placemark>
        <name>RURAL JARDINÓPOLIS</name>
        <styleUrl>#poly-0288D1-1200-77-nodesc</styleUrl>
        <Polygon>
          <outerBoundaryIs>
            <LinearRing>
              <tessellate>1</tessellate>
              <coordinates>
                -47.7994458,-21.0107889,0
                -47.7972466,-21.011559,0
                -47.7964419,-21.0101768,0
                -47.7984482,-21.0092354,0
                -47.7989254,-21.0090011,0
                -47.7994458,-21.0107889,0
              </coordinates>
            </LinearRing>
          </outerBoundaryIs>
        </Polygon>
      </Placemark>
      <Placemark>
        <name>RURAL CJU</name>
        <description>TAXA R$600,00</description>
        <styleUrl>#poly-0288D1-1200-77</styleUrl>
        <Polygon>
          <outerBoundaryIs>
            <LinearRing>
              <tessellate>1</tessellate>
              <coordinates>
                -47.3283891,-21.3443914,0
                -47.3274557,-21.344871,0
                -47.3263828,-21.3446212,0
                -47.3257176,-21.343462,0
                -47.326136,-21.3430024,0
                -47.3274127,-21.3424627,0
                -47.3281423,-21.3412236,0
                -47.3289577,-21.3399844,0
                -47.3301593,-21.3402143,0
                -47.3312644,-21.3414934,0
                -47.3306636,-21.3425527,0
                -47.3296765,-21.3432222,0
                -47.3291401,-21.3441516,0
                -47.3283891,-21.3443914,0
              </coordinates>
            </LinearRing>
          </outerBoundaryIs>
        </Polygon>
      </Placemark>
      <Placemark>
        <name>RURAL CJU</name>
        <styleUrl>#poly-0288D1-1200-77-nodesc</styleUrl>
        <Polygon>
          <outerBoundaryIs>
            <LinearRing>
              <tessellate>1</tessellate>
              <coordinates>
                -47.2839613,-21.2885624,0
                -47.2835321,-21.289622,0
                -47.2832102,-21.2907817,0
                -47.2798092,-21.2917713,0
                -47.278393,-21.2900219,0
                -47.2777278,-21.2885624,0
                -47.2780711,-21.2879326,0
                -47.2782857,-21.2875577,0
                -47.2795302,-21.2884224,0
                -47.2801954,-21.2884924,0
                -47.2820194,-21.2883425,0
                -47.2840471,-21.2883925,0
                -47.2839613,-21.2885624,0
              </coordinates>
            </LinearRing>
          </outerBoundaryIs>
        </Polygon>
      </Placemark>
      <Placemark>
        <name>RURAL SÃO SIMÃO</name>
        <description>TAXA R$840,00</description>
        <styleUrl>#poly-0288D1-1200-77</styleUrl>
        <Polygon>
          <outerBoundaryIs>
            <LinearRing>
              <tessellate>1</tessellate>
              <coordinates>
                -47.535515,-21.5143982,0
                -47.5356544,-21.5147974,0
                -47.5337554,-21.5157057,0
                -47.5324143,-21.5168735,0
                -47.5305797,-21.5180912,0
                -47.5296892,-21.5181711,0
                -47.5284232,-21.5178517,0
                -47.5276507,-21.5169234,0
                -47.5275756,-21.516075,0
                -47.5275327,-21.5153863,0
                -47.5270285,-21.5147076,0
                -47.5276615,-21.5143583,0
                -47.528037,-21.5148673,0
                -47.5283374,-21.5157157,0
                -47.5284339,-21.5165541,0
                -47.5289811,-21.5173327,0
                -47.529818,-21.5174225,0
                -47.5312342,-21.5167737,0
                -47.5325216,-21.5158555,0
                -47.533337,-21.5152865,0
                -47.5342275,-21.5148074,0
                -47.535515,-21.5143982,0
              </coordinates>
            </LinearRing>
          </outerBoundaryIs>
        </Polygon>
      </Placemark>
      <Placemark>
        <name>RURAL SÃO SIMÃO</name>
        <description>ISENTO TAXA</description>
        <styleUrl>#poly-0288D1-1200-77</styleUrl>
        <Polygon>
          <outerBoundaryIs>
            <LinearRing>
              <tessellate>1</tessellate>
              <coordinates>
                -47.5521139,-21.4732985,0
                -47.5524894,-21.4745665,0
                -47.5513414,-21.4756647,0
                -47.5490562,-21.4771024,0
                -47.5481442,-21.4778113,0
                -47.5473288,-21.4787198,0
                -47.5459019,-21.4782306,0
                -47.5463311,-21.4774618,0
                -47.5472537,-21.4761839,0
                -47.5491098,-21.4762937,0
                -47.5500647,-21.4758844,0
                -47.5509552,-21.4753153,0
                -47.5503222,-21.4739175,0
                -47.5493673,-21.4739974,0
                -47.5494639,-21.4734982,0
                -47.5500218,-21.4727094,0
                -47.5514487,-21.4725796,0
                -47.5521139,-21.4732985,0
              </coordinates>
            </LinearRing>
          </outerBoundaryIs>
        </Polygon>
      </Placemark>
      <Placemark>
        <name>RURAL CJU</name>
        <styleUrl>#poly-0288D1-1200-77-nodesc</styleUrl>
        <Polygon>
          <outerBoundaryIs>
            <LinearRing>
              <tessellate>1</tessellate>
              <coordinates>
                -47.291654,-21.2687003,0
                -47.2911497,-21.2711198,0
                -47.289476,-21.2723095,0
                -47.2882744,-21.2720696,0
                -47.2881027,-21.2707499,0
                -47.288092,-21.2696301,0
                -47.2890576,-21.2686103,0
                -47.2897442,-21.2677705,0
                -47.2909029,-21.2681004,0
                -47.291654,-21.2687003,0
              </coordinates>
            </LinearRing>
          </outerBoundaryIs>
        </Polygon>
      </Placemark>
      <Placemark>
        <name>RURAL CJU</name>
        <styleUrl>#poly-0288D1-1200-77-nodesc</styleUrl>
        <Polygon>
          <outerBoundaryIs>
            <LinearRing>
              <tessellate>1</tessellate>
              <coordinates>
                -47.2220834,-21.2812278,0
                -47.2231884,-21.2824075,0
                -47.2221799,-21.2838771,0
                -47.22115,-21.2851067,0
                -47.2200878,-21.2850767,0
                -47.2195836,-21.2843269,0
                -47.2189076,-21.2835872,0
                -47.219487,-21.2824775,0
                -47.2202273,-21.2812678,0
                -47.2208388,-21.280628,0
                -47.2214504,-21.280718,0
                -47.2220834,-21.2812278,0
              </coordinates>
            </LinearRing>
          </outerBoundaryIs>
        </Polygon>
      </Placemark>
      <Placemark>
        <name>RURAL ROCCAPORENA</name>
        <styleUrl>#poly-0288D1-1200-77-nodesc</styleUrl>
        <Polygon>
          <outerBoundaryIs>
            <LinearRing>
              <tessellate>1</tessellate>
              <coordinates>
                -47.188919,-21.309081,0
                -47.1932535,-21.313179,0
                -47.1917943,-21.3166572,0
                -47.1903352,-21.3181165,0
                -47.1870093,-21.3183364,0
                -47.1840481,-21.3173369,0
                -47.1840696,-21.3150381,0
                -47.1834473,-21.3141585,0
                -47.1821384,-21.313279,0
                -47.1820955,-21.3115598,0
                -47.181559,-21.3103104,0
                -47.1823637,-21.309031,0
                -47.1866123,-21.3075517,0
                -47.188919,-21.309081,0
              </coordinates>
            </LinearRing>
          </outerBoundaryIs>
        </Polygon>
      </Placemark>
      <Placemark>
        <name>RURAL S B AREIA</name>
        <description>TAXA R$1.000,00</description>
        <styleUrl>#poly-0288D1-1200-77</styleUrl>
        <Polygon>
          <outerBoundaryIs>
            <LinearRing>
              <tessellate>1</tessellate>
              <coordinates>
                -47.0420283,-21.322273,0
                -47.0428329,-21.3232424,0
                -47.0421248,-21.324012,0
                -47.041406,-21.3236622,0
                -47.0397645,-21.3235723,0
                -47.0381659,-21.3234024,0
                -47.0378762,-21.322303,0
                -47.0420283,-21.322273,0
              </coordinates>
            </LinearRing>
          </outerBoundaryIs>
        </Polygon>
      </Placemark>
      <Placemark>
        <name>RURAL SANTA ROSA</name>
        <styleUrl>#poly-0288D1-1200-77-nodesc</styleUrl>
        <Polygon>
          <outerBoundaryIs>
            <LinearRing>
              <tessellate>1</tessellate>
              <coordinates>
                -47.3863905,-21.5124493,0
                -47.3875063,-21.5132878,0
                -47.3849743,-21.5162023,0
                -47.3835152,-21.5143658,0
                -47.3844593,-21.512649,0
                -47.3863905,-21.5124493,0
              </coordinates>
            </LinearRing>
          </outerBoundaryIs>
        </Polygon>
      </Placemark>
      <Placemark>
        <name>RURAL ITAMOGI</name>
        <styleUrl>#poly-0288D1-1200-77-nodesc</styleUrl>
        <Polygon>
          <outerBoundaryIs>
            <LinearRing>
              <tessellate>1</tessellate>
              <coordinates>
                -47.055144,-21.0898464,0
                -47.0557126,-21.0913179,0
                -47.0541462,-21.0915381,0
                -47.054114,-21.0898364,0
                -47.055144,-21.0898464,0
              </coordinates>
            </LinearRing>
          </outerBoundaryIs>
        </Polygon>
      </Placemark>
      <Placemark>
        <name>RURAL SANT ANT ALEGRIA</name>
        <styleUrl>#poly-0288D1-1200-77-nodesc</styleUrl>
        <Polygon>
          <outerBoundaryIs>
            <LinearRing>
              <tessellate>1</tessellate>
              <coordinates>
                -47.1489935,-21.0767528,0
                -47.1501951,-21.0766928,0
                -47.1505063,-21.0773035,0
                -47.1500664,-21.0780843,0
                -47.1477812,-21.0782044,0
                -47.1475666,-21.0772634,0
                -47.1489935,-21.0767528,0
              </coordinates>
            </LinearRing>
          </outerBoundaryIs>
        </Polygon>
      </Placemark>
      <Placemark>
        <name>RURAL CJU</name>
        <description>TAXA R$600,00</description>
        <styleUrl>#poly-0288D1-1200-77</styleUrl>
        <Polygon>
          <outerBoundaryIs>
            <LinearRing>
              <tessellate>1</tessellate>
              <coordinates>
                -47.2648084,-21.2501247,0
                -47.2654736,-21.2510647,0
                -47.2644437,-21.2517946,0
                -47.2630489,-21.2509247,0
                -47.261504,-21.2503447,0
                -47.2601521,-21.2495748,0
                -47.2596586,-21.2490248,0
                -47.2604633,-21.2483348,0
                -47.2609782,-21.2475349,0
                -47.2616434,-21.2472449,0
                -47.2625447,-21.2468349,0
                -47.2631991,-21.2475049,0
                -47.2634566,-21.2483448,0
                -47.2641325,-21.2493848,0
                -47.2648084,-21.2501247,0
              </coordinates>
            </LinearRing>
          </outerBoundaryIs>
        </Polygon>
      </Placemark>
      <Placemark>
        <name>BAIRRO NOVO JURUCÊ</name>
        <styleUrl>#poly-673AB7-1200-77-nodesc</styleUrl>
        <Polygon>
          <outerBoundaryIs>
            <LinearRing>
              <tessellate>1</tessellate>
              <coordinates>
                -47.7381559,-21.0639314,0
                -47.7373727,-21.0632505,0
                -47.7369328,-21.0630904,0
                -47.7365573,-21.0635509,0
                -47.735817,-21.0639213,0
                -47.7351625,-21.0642718,0
                -47.7342613,-21.0636911,0
                -47.7340253,-21.0632005,0
                -47.7337034,-21.0622293,0
                -47.7330382,-21.0618389,0
                -47.7342399,-21.0604171,0
                -47.7388104,-21.063651,0
                -47.7381559,-21.0639314,0
              </coordinates>
            </LinearRing>
          </outerBoundaryIs>
        </Polygon>
      </Placemark>
      <Placemark>
        <name>REGIÃO CAMINHO BAÚ</name>
        <styleUrl>#poly-0288D1-1200-77-nodesc</styleUrl>
        <Polygon>
          <outerBoundaryIs>
            <LinearRing>
              <tessellate>1</tessellate>
              <coordinates>
                -47.1367835,-21.1011458,0
                -47.1331786,-21.1075917,0
                -47.1312474,-21.1121958,0
                -47.1295308,-21.1150382,0
                -47.1251963,-21.11716,0
                -47.1231793,-21.115999,0
                -47.1225356,-21.1142775,0
                -47.1233403,-21.1110547,0
                -47.1257113,-21.1099138,0
                -47.1297024,-21.1049093,0
                -47.1315049,-21.1002249,0
                -47.1345948,-21.0986234,0
                -47.1367835,-21.1011458,0
              </coordinates>
            </LinearRing>
          </outerBoundaryIs>
        </Polygon>
      </Placemark>
      <Placemark>
        <name>REGIÃO RURAL - RESSACÃO </name>
        <description>https://docs.google.com/spreadsheets/d/15aH9Mufet_ENqw5jmv4ccyAPmNKlkaPQHrJ18vcQlwg/edit?gid=1208228814#gid=1208228814</description>
        <styleUrl>#poly-0288D1-1200-77</styleUrl>
        <Polygon>
          <outerBoundaryIs>
            <LinearRing>
              <tessellate>1</tessellate>
              <coordinates>
                -47.331932,-21.23941,0
                -47.325804,-21.240111,0
                -47.320401,-21.233925,0
                -47.321782,-21.229839,0
                -47.321843,-21.227461,0
                -47.320891,-21.225664,0
                -47.318248,-21.225772,0
                -47.315462,-21.224843,0
                -47.313937,-21.220983,0
                -47.31572,-21.219061,0
                -47.320068,-21.220529,0
                -47.32353,-21.220176,0
                -47.32369,-21.219208,0
                -47.322867,-21.216185,0
                -47.322593,-21.214099,0
                -47.322916,-21.211988,0
                -47.334533,-21.209918,0
                -47.338377,-21.211151,0
                -47.338175,-21.213603,0
                -47.334379,-21.213534,0
                -47.332483,-21.214098,0
                -47.333271,-21.216196,0
                -47.336489,-21.216756,0
                -47.338024,-21.219888,0
                -47.339103,-21.220954,0
                -47.341687,-21.22044,0
                -47.3423564,-21.219275,0
                -47.3427633,-21.2188055,0
                -47.3425307,-21.2181888,0
                -47.3429404,-21.2167271,0
                -47.3447234,-21.2171456,0
                -47.3452267,-21.217221,0
                -47.3456076,-21.2175248,0
                -47.3457752,-21.2177311,0
                -47.3462379,-21.2176898,0
                -47.34655,-21.2179007,0
                -47.3466737,-21.2179707,0
                -47.3467549,-21.2180122,0
                -47.3468567,-21.218049,0
                -47.346853,-21.2185811,0
                -47.3468015,-21.2187062,0
                -47.345076,-21.224325,0
                -47.349325,-21.225876,0
                -47.347395,-21.231317,0
                -47.345874,-21.232683,0
                -47.34374,-21.231795,0
                -47.342489,-21.229963,0
                -47.341639,-21.228215,0
                -47.338103,-21.22687,0
                -47.332213,-21.227264,0
                -47.330904,-21.228967,0
                -47.331596,-21.23264,0
                -47.331932,-21.23941,0
              </coordinates>
            </LinearRing>
          </outerBoundaryIs>
        </Polygon>
      </Placemark>
      <Placemark>
        <name>RURAL ITAMOGI</name>
        <description>ANTIGA REDE FALEMAIS</description>
        <styleUrl>#poly-0288D1-1200-77</styleUrl>
        <Polygon>
          <outerBoundaryIs>
            <LinearRing>
              <tessellate>1</tessellate>
              <coordinates>
                -46.997784,-21.083566,0
                -46.997666,-21.086386,0
                -46.998141,-21.088371,0
                -46.999336,-21.089697,0
                -47.001613,-21.090444,0
                -47.001027,-21.091679,0
                -46.998982,-21.092989,0
                -46.998806,-21.093021,0
                -46.998754,-21.093021,0
                -46.996447,-21.093242,0
                -46.995762,-21.09508,0
                -46.993943,-21.09578,0
                -46.993545,-21.09324,0
                -46.9935,-21.093049,0
                -46.992768,-21.090157,0
                -46.992598,-21.090015,0
                -46.99243,-21.089764,0
                -46.99075,-21.087603,0
                -46.989643,-21.085482,0
                -46.988809,-21.085852,0
                -46.987662,-21.083822,0
                -46.987974,-21.082026,0
                -46.987992,-21.08198,0
                -46.988713,-21.07998,0
                -46.989977,-21.08071,0
                -46.99101,-21.084085,0
                -46.993637,-21.086623,0
                -46.994678,-21.088406,0
                -46.99558,-21.089658,0
                -46.99584,-21.088966,0
                -46.995037,-21.087334,0
                -46.994916,-21.084774,0
                -46.995491,-21.083784,0
                -46.997784,-21.083566,0
              </coordinates>
            </LinearRing>
          </outerBoundaryIs>
        </Polygon>
      </Placemark>
      <Placemark>
        <name>RURAL CJU</name>
        <styleUrl>#poly-0288D1-1200-77-nodesc</styleUrl>
        <Polygon>
          <outerBoundaryIs>
            <LinearRing>
              <tessellate>1</tessellate>
              <coordinates>
                -47.2829171,-21.2492817,0
                -47.284344,-21.2517016,0
                -47.2792586,-21.2539414,0
                -47.2781535,-21.2523715,0
                -47.2780999,-21.2509916,0
                -47.2790655,-21.2503417,0
                -47.2818228,-21.2495517,0
                -47.2829171,-21.2492817,0
              </coordinates>
            </LinearRing>
          </outerBoundaryIs>
        </Polygon>
      </Placemark>
      <Placemark>
        <name>RURAL CJU</name>
        <styleUrl>#poly-0288D1-1200-77-nodesc</styleUrl>
        <Polygon>
          <outerBoundaryIs>
            <LinearRing>
              <tessellate>1</tessellate>
              <coordinates>
                -47.3173248,-21.3053284,0
                -47.3196583,-21.3033943,0
                -47.3208948,-21.3047212,0
                -47.3176896,-21.306418,0
                -47.3168742,-21.3069077,0
                -47.3162412,-21.3056483,0
                -47.3168205,-21.3057183,0
                -47.3173248,-21.3053284,0
              </coordinates>
            </LinearRing>
          </outerBoundaryIs>
        </Polygon>
      </Placemark>
      <Placemark>
        <name>RURAL MOCOCA</name>
        <description>CONSULTAR ENGENHARIA POIS PRECISAMOS CRIAR PORTAS EM ALGUN LUGARES</description>
        <styleUrl>#poly-0288D1-1200-77</styleUrl>
        <Polygon>
          <outerBoundaryIs>
            <LinearRing>
              <tessellate>1</tessellate>
              <coordinates>
                -47.0165153,-21.3568205,0
                -47.016966,-21.3553217,0
                -47.020485,-21.354922,0
                -47.0242401,-21.3544424,0
                -47.0247551,-21.3562809,0
                -47.0247765,-21.3576998,0
                -47.0235964,-21.3597382,0
                -47.0225879,-21.3613169,0
                -47.0208712,-21.3615567,0
                -47.020721,-21.3622561,0
                -47.0197984,-21.3653735,0
                -47.0176526,-21.3653935,0
                -47.0168801,-21.3644942,0
                -47.0160862,-21.3632952,0
                -47.0158931,-21.3597981,0
                -47.0165153,-21.3568205,0
              </coordinates>
            </LinearRing>
          </outerBoundaryIs>
        </Polygon>
      </Placemark>
      <Placemark>
        <name>FTTH</name>
        <styleUrl>#poly-F57C00-1200-77-nodesc</styleUrl>
        <Polygon>
          <outerBoundaryIs>
            <LinearRing>
              <tessellate>1</tessellate>
              <coordinates>
                -47.991459,-21.133255,0
                -47.9923471,-21.1343639,0
                -47.994587,-21.137194,0
                -47.993038,-21.138481,0
                -47.991233,-21.13614,0
                -47.989224,-21.137795,0
                -47.989967,-21.138645,0
                -47.985017,-21.142518,0
                -47.982846,-21.139323,0
                -47.991459,-21.133255,0
              </coordinates>
            </LinearRing>
          </outerBoundaryIs>
        </Polygon>
      </Placemark>
      <Placemark>
        <name>FTTH</name>
        <styleUrl>#poly-F57C00-1200-77-nodesc</styleUrl>
        <Polygon>
          <outerBoundaryIs>
            <LinearRing>
              <tessellate>1</tessellate>
              <coordinates>
                -47.986186,-21.127309,0
                -47.987351,-21.129098,0
                -47.985949,-21.129947,0
                -47.983494,-21.13188,0
                -47.981949,-21.130213,0
                -47.986186,-21.127309,0
              </coordinates>
            </LinearRing>
          </outerBoundaryIs>
        </Polygon>
      </Placemark>
      <Placemark>
        <name>CTO</name>
        <styleUrl>#poly-F57C00-1200-77-nodesc</styleUrl>
        <Polygon>
          <outerBoundaryIs>
            <LinearRing>
              <tessellate>1</tessellate>
              <coordinates>
                -47.996225,-21.121002,0
                -47.996894,-21.121939,0
                -47.994833,-21.12336,0
                -47.994098,-21.122598,0
                -47.996225,-21.121002,0
              </coordinates>
            </LinearRing>
          </outerBoundaryIs>
        </Polygon>
      </Placemark>
      <Placemark>
        <name>CTO</name>
        <styleUrl>#poly-F57C00-1200-77-nodesc</styleUrl>
        <Polygon>
          <outerBoundaryIs>
            <LinearRing>
              <tessellate>1</tessellate>
              <coordinates>
                -47.990474,-21.121366,0
                -47.991112,-21.121532,0
                -47.990288,-21.123499,0
                -47.989433,-21.123306,0
                -47.990474,-21.121366,0
              </coordinates>
            </LinearRing>
          </outerBoundaryIs>
        </Polygon>
      </Placemark>
      <Placemark>
        <name>CTO</name>
        <styleUrl>#poly-F57C00-1200-77-nodesc</styleUrl>
        <Polygon>
          <outerBoundaryIs>
            <LinearRing>
              <tessellate>1</tessellate>
              <coordinates>
                -47.986926,-21.111031,0
                -47.988596,-21.111966,0
                -47.988229,-21.112322,0
                -47.98638,-21.112209,0
                -47.986105,-21.111989,0
                -47.986926,-21.111031,0
              </coordinates>
            </LinearRing>
          </outerBoundaryIs>
        </Polygon>
      </Placemark>
      <Placemark>
        <name>CTO</name>
        <styleUrl>#poly-F57C00-1200-77-nodesc</styleUrl>
        <Polygon>
          <outerBoundaryIs>
            <LinearRing>
              <tessellate>1</tessellate>
              <coordinates>
                -47.984067,-21.101901,0
                -47.984511,-21.102237,0
                -47.983849,-21.103495,0
                -47.983231,-21.103146,0
                -47.984067,-21.101901,0
              </coordinates>
            </LinearRing>
          </outerBoundaryIs>
        </Polygon>
      </Placemark>
      <Placemark>
        <name>FTTH</name>
        <styleUrl>#poly-F57C00-1200-77-nodesc</styleUrl>
        <Polygon>
          <outerBoundaryIs>
            <LinearRing>
              <tessellate>1</tessellate>
              <coordinates>
                -47.995992,-21.141515,0
                -47.997906,-21.143662,0
                -47.989425,-21.150532,0
                -47.98746,-21.148264,0
                -47.995992,-21.141515,0
              </coordinates>
            </LinearRing>
          </outerBoundaryIs>
        </Polygon>
      </Placemark>
      <Placemark>
        <name>Santa Cruz das Palmeiras - Ativação e Suporte: Total: 8 
Ativação: 4 O.S
Suporte: 4 O.S 

Horário: Das 08:00 às 17:00 horas
Segunda à Sábado 
</name>
        <styleUrl>#poly-673AB7-1200-77-nodesc</styleUrl>
        <Polygon>
          <outerBoundaryIs>
            <LinearRing>
              <tessellate>1</tessellate>
              <coordinates>
                -47.2668472,-21.8200987,0
                -47.2673836,-21.820776,0
                -47.2663107,-21.8215927,0
                -47.2643581,-21.8221505,0
                -47.2635642,-21.8213935,0
                -47.2612038,-21.8246604,0
                -47.2600451,-21.8265926,0
                -47.2580066,-21.8279272,0
                -47.2568908,-21.8291224,0
                -47.256054,-21.8308155,0
                -47.255539,-21.8326878,0
                -47.2566977,-21.8334049,0
                -47.2548094,-21.8357154,0
                -47.2536078,-21.8364524,0
                -47.2524062,-21.8380259,0
                -47.2508183,-21.838723,0
                -47.2528997,-21.8408941,0
                -47.2510543,-21.842587,0
                -47.2475138,-21.8435431,0
                -47.2473207,-21.8412526,0
                -47.2467199,-21.8397189,0
                -47.2448102,-21.8405555,0
                -47.2445527,-21.8391811,0
                -47.2433296,-21.8384442,0
                -47.242879,-21.8369105,0
                -47.2422996,-21.8364922,0
                -47.2424713,-21.8357951,0
                -47.2429433,-21.8352971,0
                -47.2434369,-21.832409,0
                -47.2410122,-21.8311939,0
                -47.2407761,-21.8320106,0
                -47.2401324,-21.8319309,0
                -47.239038,-21.830696,0
                -47.2358623,-21.8314728,0
                -47.2359267,-21.8327874,0
                -47.2305194,-21.8335443,0
                -47.2330728,-21.8320305,0
                -47.2326007,-21.8280069,0
                -47.2297683,-21.8270508,0
                -47.2280517,-21.8257958,0
                -47.2341242,-21.8191625,0
                -47.236785,-21.8189433,0
                -47.2387806,-21.817011,0
                -47.2389308,-21.8158955,0
                -47.2368494,-21.8121304,0
                -47.2407976,-21.8121304,0
                -47.2468486,-21.8130268,0
                -47.249724,-21.8129471,0
                -47.2504535,-21.8147998,0
                -47.2498527,-21.8154572,0
                -47.2488442,-21.8162939,0
                -47.2485223,-21.8181465,0
                -47.2462049,-21.8181864,0
                -47.245883,-21.8192621,0
                -47.2472134,-21.8191824,0
                -47.2478357,-21.8195808,0
                -47.249209,-21.8189035,0
                -47.2496596,-21.8186445,0
                -47.251462,-21.8187441,0
                -47.2528997,-21.8197402,0
                -47.2564617,-21.8159154,0
                -47.2574273,-21.8173497,0
                -47.2588864,-21.8172899,0
                -47.2599593,-21.8184652,0
                -47.2609249,-21.8188437,0
                -47.2615471,-21.8185848,0
                -47.2599807,-21.8158755,0
                -47.2610965,-21.8154771,0
                -47.2640792,-21.8163736,0
                -47.2650018,-21.8172899,0
                -47.2642508,-21.8179473,0
                -47.2645083,-21.8188238,0
                -47.2651306,-21.8194214,0
                -47.2666541,-21.8198597,0
                -47.2668472,-21.8200987,0
              </coordinates>
            </LinearRing>
          </outerBoundaryIs>
        </Polygon>
      </Placemark>
      <Placemark>
        <name>RURAL CÁSSIA DOS COQUEIROS</name>
        <styleUrl>#poly-0288D1-1200-77-nodesc</styleUrl>
        <Polygon>
          <outerBoundaryIs>
            <LinearRing>
              <tessellate>1</tessellate>
              <coordinates>
                -47.166247,-21.285574,0
                -47.166259,-21.287622,0
                -47.164566,-21.289903,0
                -47.162526,-21.290283,0
                -47.157354,-21.292197,0
                -47.155685,-21.29574,0
                -47.155729,-21.299577,0
                -47.155822,-21.299679,0
                -47.153819,-21.301321,0
                -47.149774,-21.300829,0
                -47.147063,-21.302425,0
                -47.145412,-21.304369,0
                -47.143727,-21.305481,0
                -47.139725,-21.30247,0
                -47.137548,-21.298277,0
                -47.136599,-21.293792,0
                -47.137241,-21.290021,0
                -47.143639,-21.287548,0
                -47.148537,-21.287715,0
                -47.152844,-21.287528,0
                -47.15906,-21.287531,0
                -47.164702,-21.284236,0
                -47.166247,-21.285574,0
              </coordinates>
            </LinearRing>
          </outerBoundaryIs>
        </Polygon>
      </Placemark>
      <Placemark>
        <name>RURAL CÁSSIA DOS COQUEIROS</name>
        <styleUrl>#poly-0288D1-1200-77-nodesc</styleUrl>
        <Polygon>
          <outerBoundaryIs>
            <LinearRing>
              <tessellate>1</tessellate>
              <coordinates>
                -47.152716,-21.253822,0
                -47.150713,-21.250811,0
                -47.153768,-21.249397,0
                -47.155409,-21.247977,0
                -47.1547307,-21.242279,0
                -47.1491895,-21.2375354,0
                -47.1517166,-21.2342318,0
                -47.1568993,-21.2341049,0
                -47.159969,-21.238131,0
                -47.164055,-21.237603,0
                -47.169263,-21.242129,0
                -47.172317,-21.241099,0
                -47.1793,-21.242127,0
                -47.180565,-21.246753,0
                -47.189239,-21.249106,0
                -47.189527,-21.249365,0
                -47.191598,-21.256642,0
                -47.191575,-21.256806,0
                -47.190808,-21.263259,0
                -47.192414,-21.267391,0
                -47.190734,-21.270898,0
                -47.189071,-21.273436,0
                -47.188872,-21.275965,0
                -47.1917055,-21.2802279,0
                -47.1874293,-21.2823082,0
                -47.182209,-21.282149,0
                -47.175476,-21.280238,0
                -47.173962,-21.279735,0
                -47.174962,-21.277402,0
                -47.172552,-21.275152,0
                -47.172575,-21.272175,0
                -47.169721,-21.271995,0
                -47.164188,-21.272455,0
                -47.162867,-21.268129,0
                -47.155736,-21.267923,0
                -47.155377,-21.258678,0
                -47.152716,-21.253822,0
              </coordinates>
            </LinearRing>
          </outerBoundaryIs>
        </Polygon>
      </Placemark>
      <Placemark>
        <name>RURAL SANTA ROSA DE VITERBO</name>
        <description>REGIÃO LIBERADA COMO ZONA URBANA, PLANOS VENDIDOS COMO REGIÃO URBANA.</description>
        <styleUrl>#poly-673AB7-1200-77</styleUrl>
        <Polygon>
          <outerBoundaryIs>
            <LinearRing>
              <tessellate>1</tessellate>
              <coordinates>
                -47.3660747,-21.4941341,0
                -47.3662893,-21.4974583,0
                -47.3660532,-21.4980273,0
                -47.361987,-21.498766,0
                -47.3611394,-21.497608,0
                -47.3612575,-21.4957613,0
                -47.3607103,-21.4946831,0
                -47.3608819,-21.4942239,0
                -47.3625771,-21.4942139,0
                -47.3640577,-21.4938945,0
                -47.3653988,-21.4938047,0
                -47.3660747,-21.4941341,0
              </coordinates>
            </LinearRing>
          </outerBoundaryIs>
        </Polygon>
      </Placemark>
      <Placemark>
        <name>RURAL USINA AMÁLIA</name>
        <styleUrl>#poly-0288D1-1200-77-nodesc</styleUrl>
        <Polygon>
          <outerBoundaryIs>
            <LinearRing>
              <tessellate>1</tessellate>
              <coordinates>
                -47.3511407,-21.4367954,0
                -47.3519132,-21.4387128,0
                -47.3471067,-21.4412294,0
                -47.3446605,-21.4445848,0
                -47.3419783,-21.4456033,0
                -47.3403261,-21.4469215,0
                -47.3376438,-21.4455434,0
                -47.337043,-21.4425875,0
                -47.3380301,-21.4413692,0
                -47.3367855,-21.4396915,0
                -47.3392103,-21.4384731,0
                -47.3402617,-21.436316,0
                -47.3416564,-21.4345184,0
                -47.3429653,-21.4339592,0
                -47.3442743,-21.4353573,0
                -47.3467634,-21.4365357,0
                -47.3494456,-21.4361563,0
                -47.3511407,-21.4367954,0
              </coordinates>
            </LinearRing>
          </outerBoundaryIs>
        </Polygon>
      </Placemark>
      <Placemark>
        <name>RURAL PRÓXIMO AO BAÚ</name>
        <styleUrl>#poly-0288D1-1200-77-nodesc</styleUrl>
        <Polygon>
          <outerBoundaryIs>
            <LinearRing>
              <tessellate>1</tessellate>
              <coordinates>
                -47.1319199,-21.1142646,0
                -47.1355248,-21.113524,0
                -47.1388078,-21.1139243,0
                -47.1414042,-21.1166266,0
                -47.1444512,-21.1172471,0
                -47.1459532,-21.1188685,0
                -47.1420479,-21.1223913,0
                -47.1408248,-21.1253336,0
                -47.1363402,-21.1263344,0
                -47.1333147,-21.1230318,0
                -47.1294094,-21.1237524,0
                -47.1304179,-21.1199293,0
                -47.1308041,-21.1161462,0
                -47.131126,-21.1143847,0
                -47.1319199,-21.1142646,0
              </coordinates>
            </LinearRing>
          </outerBoundaryIs>
        </Polygon>
      </Placemark>
      <Placemark>
        <name>RURAL ALTINÓPOLIS</name>
        <styleUrl>#poly-0288D1-1200-77-nodesc</styleUrl>
        <Polygon>
          <outerBoundaryIs>
            <LinearRing>
              <tessellate>1</tessellate>
              <coordinates>
                -47.4057736,-21.0048031,0
                -47.4045505,-21.0048431,0
                -47.402512,-21.004142,0
                -47.4023618,-21.0012975,0
                -47.4003233,-21.0006564,0
                -47.3991646,-20.9976916,0
                -47.3971261,-20.9958686,0
                -47.3971261,-20.9938853,0
                -47.3990788,-20.9930239,0
                -47.4026622,-20.9901591,0
                -47.4048509,-20.9891574,0
                -47.4057306,-20.990079,0
                -47.4061169,-20.9919221,0
                -47.4078335,-20.9945865,0
                -47.4074043,-20.997291,0
                -47.4075331,-21.0033808,0
                -47.4057736,-21.0048031,0
              </coordinates>
            </LinearRing>
          </outerBoundaryIs>
        </Polygon>
      </Placemark>
      <Placemark>
        <name>RURAL JURUCÊ</name>
        <styleUrl>#poly-0288D1-1200-77-nodesc</styleUrl>
        <Polygon>
          <outerBoundaryIs>
            <LinearRing>
              <tessellate>1</tessellate>
              <coordinates>
                -47.7317645,-21.0645471,0
                -47.7310242,-21.0660589,0
                -47.7290609,-21.0653581,0
                -47.7295973,-21.063666,0
                -47.7317753,-21.064437,0
                -47.7317645,-21.0645471,0
              </coordinates>
            </LinearRing>
          </outerBoundaryIs>
        </Polygon>
      </Placemark>
      <Placemark>
        <name>RURAL MOCOCA</name>
        <styleUrl>#poly-0288D1-1200-77-nodesc</styleUrl>
        <Polygon>
          <outerBoundaryIs>
            <LinearRing>
              <tessellate>1</tessellate>
              <coordinates>
                -46.9995832,-21.4240656,0
                -46.9984674,-21.4251443,0
                -46.9901847,-21.4148769,0
                -46.9825029,-21.4054478,0
                -46.978898,-21.4011325,0
                -46.9777393,-21.399754,0
                -46.9744348,-21.3978361,0
                -46.971302,-21.3966774,0
                -46.9696712,-21.3959381,0
                -46.9682979,-21.3949592,0
                -46.9663667,-21.3928214,0
                -46.9673108,-21.3920822,0
                -46.9696712,-21.3943998,0
                -46.9699743,-21.3949842,0
                -46.969226,-21.3954687,0
                -46.9710767,-21.3965175,0
                -46.9720315,-21.3968122,0
                -46.9726216,-21.396967,0
                -46.9737481,-21.3957583,0
                -46.9744562,-21.3957384,0
                -46.9752502,-21.3963377,0
                -46.9757437,-21.3973367,0
                -46.9779753,-21.398895,0
                -46.9791769,-21.3998939,0
                -46.9800781,-21.4006531,0
                -46.9835972,-21.4002735,0
                -46.9838547,-21.4022513,0
                -46.9842195,-21.4026908,0
                -46.9850563,-21.4022713,0
                -46.9857001,-21.4026009,0
                -46.9862687,-21.4039944,0
                -46.9849651,-21.404821,0
                -46.9836937,-21.4055676,0
                -46.9835543,-21.406167,0
                -46.9867515,-21.4063268,0
                -46.9875454,-21.4090637,0
                -46.989262,-21.4118205,0
                -46.9927167,-21.4161354,0
                -46.9945192,-21.4158357,0
                -46.9955706,-21.4161553,0
                -46.9960212,-21.4170742,0
                -46.99512,-21.4184925,0
                -46.9958924,-21.4210294,0
                -46.9992613,-21.4237061,0
                -46.9995832,-21.4240656,0
              </coordinates>
            </LinearRing>
          </outerBoundaryIs>
        </Polygon>
      </Placemark>
      <Placemark>
        <name>Região Guardinha Rural</name>
        <description><![CDATA[REGIÃO GUARDINHA<br><br>PASSAR AO COMERCIAL PARA VER NECESSIDADE DE PROJETO CASO O LOCAL FOR GRANDE, OU EM CASOS FORA DA ÁREA CONSULTAR COMERCIAL PARA VER NECESSIDADE DE PROJETO.]]></description>
        <styleUrl>#poly-0288D1-1200-77</styleUrl>
        <Polygon>
          <outerBoundaryIs>
            <LinearRing>
              <tessellate>1</tessellate>
              <coordinates>
                -47.0210251,-21.3824218,0
                -47.0211324,-21.3829912,0
                -47.0228383,-21.3823918,0
                -47.0243189,-21.3844998,0
                -47.0210251,-21.3849893,0
                -47.0207891,-21.3864978,0
                -47.0204458,-21.3908734,0
                -47.0198664,-21.3924318,0
                -47.0192656,-21.3936705,0
                -47.0192227,-21.3943598,0
                -47.0183322,-21.3944896,0
                -47.0183536,-21.3949192,0
                -47.0173773,-21.3947793,0
                -47.017388,-21.3944097,0
                -47.0180747,-21.3942299,0
                -47.0180532,-21.3930811,0
                -47.0187828,-21.3927914,0
                -47.0184609,-21.3914827,0
                -47.0182249,-21.390274,0
                -47.0189008,-21.3901741,0
                -47.0184824,-21.3880762,0
                -47.0166048,-21.388256,0
                -47.0172593,-21.3871971,0
                -47.016916,-21.3848294,0
                -47.0187292,-21.3835607,0
                -47.0199201,-21.382202,0
                -47.0210251,-21.3824218,0
              </coordinates>
            </LinearRing>
          </outerBoundaryIs>
        </Polygon>
      </Placemark>
      <Placemark>
        <name>RURAL CJU</name>
        <styleUrl>#poly-0288D1-1200-77-nodesc</styleUrl>
        <Polygon>
          <outerBoundaryIs>
            <LinearRing>
              <tessellate>1</tessellate>
              <coordinates>
                -47.3135255,-21.2461202,0
                -47.3132788,-21.2462302,0
                -47.3112832,-21.2437203,0
                -47.3081289,-21.2429603,0
                -47.306466,-21.2438503,0
                -47.3057042,-21.2432103,0
                -47.3062514,-21.2421203,0
                -47.310972,-21.2420003,0
                -47.3117418,-21.2417278,0
                -47.313563,-21.2419253,0
                -47.3136435,-21.2441403,0
                -47.313944,-21.2459202,0
                -47.3135255,-21.2461202,0
              </coordinates>
            </LinearRing>
          </outerBoundaryIs>
        </Polygon>
      </Placemark>
      <Placemark>
        <name>CTO PARQUE GUSTAVO</name>
        <styleUrl>#poly-F57C00-1200-77-nodesc</styleUrl>
        <Polygon>
          <outerBoundaryIs>
            <LinearRing>
              <tessellate>1</tessellate>
              <coordinates>
                -48.0389098,-21.1352561,0
                -48.0395642,-21.1354963,0
                -48.0389419,-21.137968,0
                -48.0375579,-21.1372575,0
                -48.0384377,-21.1352661,0
                -48.0389098,-21.1352561,0
              </coordinates>
            </LinearRing>
          </outerBoundaryIs>
        </Polygon>
      </Placemark>
      <Placemark>
        <name>CTO RURAL</name>
        <description>RURAL CJU</description>
        <styleUrl>#poly-0288D1-1200-77</styleUrl>
        <Polygon>
          <outerBoundaryIs>
            <LinearRing>
              <tessellate>1</tessellate>
              <coordinates>
                -47.3104859,-21.28842,0
                -47.3123742,-21.2907092,0
                -47.3117519,-21.2923787,0
                -47.3090912,-21.2930184,0
                -47.3081363,-21.2916089,0
                -47.3082114,-21.2892697,0
                -47.3090268,-21.28836,0
                -47.3104859,-21.28842,0
              </coordinates>
            </LinearRing>
          </outerBoundaryIs>
        </Polygon>
      </Placemark>
      <Placemark>
        <name>ÁREA INVIABILIZADA!!</name>
        <styleUrl>#poly-A52714-1200-173-nodesc</styleUrl>
        <Polygon>
          <outerBoundaryIs>
            <LinearRing>
              <tessellate>1</tessellate>
              <coordinates>
                -47.8383693,-21.1564504,0
                -47.8377775,-21.1570176,0
                -47.8361682,-21.1553866,0
                -47.8371446,-21.1546662,0
                -47.837048,-21.1541959,0
                -47.8352616,-21.1531003,0
                -47.8342826,-21.1524624,0
                -47.8335074,-21.1518746,0
                -47.8332606,-21.1520296,0
                -47.8320804,-21.1507739,0
                -47.8321876,-21.1505012,0
                -47.8308787,-21.1489678,0
                -47.8306655,-21.1487946,0
                -47.8303343,-21.1488515,0
                -47.8297898,-21.1482949,0
                -47.8294519,-21.1482123,0
                -47.8297056,-21.1479403,0
                -47.8303172,-21.1481605,0
                -47.8309395,-21.1484707,0
                -47.8316485,-21.1488799,0
                -47.8330477,-21.1503018,0
                -47.8342959,-21.151799,0
                -47.8349735,-21.152383,0
                -47.8362396,-21.1532286,0
                -47.8368512,-21.1535262,0
                -47.8379777,-21.1539489,0
                -47.8392758,-21.1545118,0
                -47.8406705,-21.1551197,0
                -47.8404668,-21.1552447,0
                -47.8396192,-21.1559851,0
                -47.8392759,-21.1560952,0
                -47.8387823,-21.1554148,0
                -47.8380528,-21.1560152,0
                -47.837924,-21.1561102,0
                -47.8383693,-21.1564504,0
              </coordinates>
            </LinearRing>
          </outerBoundaryIs>
        </Polygon>
      </Placemark>
    </Folder>
    <Folder>
      <name>Polígono sem título.kmz</name>
      <Placemark>
        <name>São Carlos
Região - 02
Alcans - Ativação 

Limite Ativação: 3

Horário: Segunda à Sábado
08:00 até às 17:00 horas
-------------------------------------

SÃO CARLOS - SUPORTE
Limite Suporte: 7

Horário: Segunda à Segunda
08:00 até às 20:00 horas</name>
        <styleUrl>#poly-673AB7-1200-77-nodesc</styleUrl>
        <Polygon>
          <outerBoundaryIs>
            <LinearRing>
              <tessellate>1</tessellate>
              <coordinates>
                -47.902704,-21.9789483,0
                -47.9006441,-21.9829776,0
                -47.9012261,-21.9832201,0
                -47.9048431,-21.9765611,0
                -47.9070056,-21.9774898,0
                -47.9075504,-21.9788695,0
                -47.9074515,-21.980468,0
                -47.9047961,-21.9845147,0
                -47.9039485,-21.9849474,0
                -47.9023392,-21.9842411,0
                -47.9013521,-21.9859125,0
                -47.9007728,-21.9858727,0
                -47.9003651,-21.9862308,0
                -47.8997643,-21.9859721,0
                -47.8992708,-21.9857334,0
                -47.8985197,-21.9869272,0
                -47.8970392,-21.9870267,0
                -47.8974039,-21.9857135,0
                -47.8988631,-21.982709,0
                -47.8980691,-21.9821717,0
                -47.8971894,-21.9837436,0
                -47.8949363,-21.9842212,0
                -47.895108,-21.983684,0
                -47.8975756,-21.9777743,0
                -47.9033906,-21.9762819,0
                -47.9020173,-21.9787095,0
                -47.902704,-21.9789483,0
              </coordinates>
            </LinearRing>
          </outerBoundaryIs>
        </Polygon>
      </Placemark>
      <Placemark>
        <name>São Carlos
Região - 08
Alcans - Ativação

Limite Ativação: 3

Horário: Segunda à Sábado
08:00 até às 17:00 horas
------------------------------------

SÃO CARLOS - SUPORTE
Limite Suporte: 7

Horário: Segunda à Segunda
08:00 até às 20:00 horas</name>
        <styleUrl>#poly-673AB7-1200-77-nodesc</styleUrl>
        <Polygon>
          <outerBoundaryIs>
            <LinearRing>
              <tessellate>1</tessellate>
              <coordinates>
                -47.8968591,-22.0534644,0
                -47.8978011,-22.0533332,0
                -47.8990436,-22.0545942,0
                -47.9005779,-22.0536297,0
                -47.9010392,-22.0541169,0
                -47.9022194,-22.0530927,0
                -47.9028631,-22.0527745,0
                -47.9031421,-22.0529038,0
                -47.9033137,-22.0530828,0
                -47.9049123,-22.051621,0
                -47.9082061,-22.0547533,0
                -47.9089034,-22.0539678,0
                -47.9095043,-22.0542362,0
                -47.9117788,-22.0522276,0
                -47.9121006,-22.0521977,0
                -47.9133023,-22.0510741,0
                -47.9138065,-22.0510144,0
                -47.9141391,-22.0509448,0
                -47.9143644,-22.049841,0
                -47.9144824,-22.0497515,0
                -47.9147292,-22.0497814,0
                -47.9151101,-22.0494432,0
                -47.9148472,-22.0491151,0
                -47.9151047,-22.0488665,0
                -47.9144502,-22.0480411,0
                -47.9150403,-22.0476036,0
                -47.916081,-22.0485085,0
                -47.9179478,-22.0473947,0
                -47.9230226,-22.0429098,0
                -47.9276253,-22.0391408,0
                -47.9298461,-22.0372015,0
                -47.9303652,-22.0375135,0
                -47.9342061,-22.0415909,0
                -47.932511,-22.0428439,0
                -47.9328328,-22.0432417,0
                -47.9304296,-22.0449721,0
                -47.9323608,-22.0474383,0
                -47.9293996,-22.0494271,0
                -47.9276186,-22.0465831,0
                -47.9247862,-22.0489299,0
                -47.9258591,-22.0505011,0
                -47.9247004,-22.0513761,0
                -47.923885,-22.0511176,0
                -47.919572,-22.0463444,0
                -47.9166538,-22.0486316,0
                -47.9221898,-22.0542002,0
                -47.9186922,-22.0559901,0
                -47.9203659,-22.0578098,0
                -47.9173619,-22.0605442,0
                -47.9182524,-22.0616976,0
                -47.9169005,-22.0627914,0
                -47.914862,-22.0607729,0
                -47.9101521,-22.066172,0
                -47.9094547,-22.0656749,0
                -47.908811,-22.066351,0
                -47.9068369,-22.0666095,0
                -47.9035753,-22.0667885,0
                -47.9007322,-22.0665996,0
                -47.9008716,-22.0648596,0
                -47.9006893,-22.0646806,0
                -47.8999382,-22.0653567,0
                -47.8997022,-22.0653468,0
                -47.8986293,-22.0662516,0
                -47.8968483,-22.0658041,0
                -47.8910011,-22.0645016,0
                -47.8901857,-22.0639647,0
                -47.8889197,-22.0641039,0
                -47.887761,-22.0638255,0
                -47.8879541,-22.0631096,0
                -47.8895205,-22.0635272,0
                -47.8954858,-22.0556918,0
                -47.8968591,-22.0534644,0
              </coordinates>
            </LinearRing>
          </outerBoundaryIs>
        </Polygon>
      </Placemark>
      <Placemark>
        <name>São Carlos
Região - 01
Alcans - Ativação

Limite Ativação: 3

Horário: Segunda à Sábado
08:00 até às 17:00 horas
-------------------------------------

SÃO CARLOS - SUPORTE
Limite Suporte: 7

Horário: Segunda à Segunda
08:00 até às 20:00 horas
</name>
        <styleUrl>#poly-673AB7-1200-77-nodesc</styleUrl>
        <Polygon>
          <outerBoundaryIs>
            <LinearRing>
              <tessellate>1</tessellate>
              <coordinates>
                -47.9487134,-21.9805712,0
                -47.9470826,-21.9800936,0
                -47.9483057,-21.9768701,0
                -47.9478122,-21.9757757,0
                -47.9482842,-21.9743032,0
                -47.9469753,-21.9732485,0
                -47.9470182,-21.972174,0
                -47.950945,-21.9708208,0
                -47.9515243,-21.971179,0
                -47.9501081,-21.9768701,0
                -47.9487134,-21.9805712,0
              </coordinates>
            </LinearRing>
          </outerBoundaryIs>
        </Polygon>
      </Placemark>
      <Placemark>
        <name>São Carlos
Região - 01
Alcans - Ativação

Limite Ativação: 3

Horário: Segunda à Sábado
08:00 até às 17:00 horas
-------------------------------------

SÃO CARLOS - SUPORTE
Limite Suporte: 7

Horário: Segunda à Segunda
08:00 até às 20:00 horas</name>
        <styleUrl>#poly-673AB7-1200-77-nodesc</styleUrl>
        <Polygon>
          <outerBoundaryIs>
            <LinearRing>
              <tessellate>1</tessellate>
              <coordinates>
                -47.9452695,-21.9802926,0
                -47.9423298,-21.9782232,0
                -47.9415144,-21.9774969,0
                -47.9406024,-21.9781635,0
                -47.9380275,-21.976303,0
                -47.9362251,-21.9769198,0
                -47.9348303,-21.9760045,0
                -47.9440357,-21.9729899,0
                -47.9442824,-21.9736863,0
                -47.9447974,-21.9730595,0
                -47.9458059,-21.9736863,0
                -47.9452373,-21.9744325,0
                -47.9460741,-21.9746614,0
                -47.9463102,-21.9757657,0
                -47.9471685,-21.9762731,0
                -47.9469968,-21.9772183,0
                -47.9460098,-21.9781734,0
                -47.9457523,-21.9790291,0
                -47.9457201,-21.9796161,0
                -47.9452695,-21.9802926,0
              </coordinates>
            </LinearRing>
          </outerBoundaryIs>
        </Polygon>
      </Placemark>
      <Placemark>
        <name>São Carlos
Região - 01
Alcans - Ativação
Limite Ativação: 4

Horário: Segunda à Sábado
08:00 até às 17:00 horas
-------------------------------

SÃO CARLOS - SUPORTE
Limite Suporte: 7

Horário: Segunda à Segunda
08:00 até às 20:00 horas
</name>
        <styleUrl>#poly-673AB7-1200-77-nodesc</styleUrl>
        <Polygon>
          <outerBoundaryIs>
            <LinearRing>
              <tessellate>1</tessellate>
              <coordinates>
                -47.9446341,-21.9639739,0
                -47.9436935,-21.9649388,0
                -47.943951,-21.9655159,0
                -47.9425456,-21.9671179,0
                -47.9415263,-21.9671676,0
                -47.9356898,-21.9729384,0
                -47.9338874,-21.9717843,0
                -47.9313124,-21.9715455,0
                -47.9271926,-21.964103,0
                -47.9262055,-21.9633866,0
                -47.9249467,-21.9618346,0
                -47.9248501,-21.9604615,0
                -47.9247214,-21.958352,0
                -47.9251184,-21.9580535,0
                -47.9264916,-21.9584813,0
                -47.9274036,-21.9583619,0
                -47.9278864,-21.9577748,0
                -47.9284121,-21.95673,0
                -47.9289915,-21.9560136,0
                -47.9296674,-21.955934,0
                -47.9302253,-21.956929,0
                -47.9369093,-21.9592674,0
                -47.9364587,-21.9597351,0
                -47.9317059,-21.9619839,0
                -47.9319312,-21.9623819,0
                -47.9317595,-21.9650386,0
                -47.9309119,-21.9654863,0
                -47.9314698,-21.9668594,0
                -47.933916,-21.9658445,0
                -47.9363836,-21.9648794,0
                -47.9369844,-21.9653968,0
                -47.9413511,-21.961148,0
                -47.9446341,-21.9639739,0
              </coordinates>
            </LinearRing>
          </outerBoundaryIs>
        </Polygon>
      </Placemark>
      <Placemark>
        <name>SÃO CARLOS ÁREA RURAL</name>
        <styleUrl>#poly-0288D1-1200-77-nodesc</styleUrl>
        <Polygon>
          <outerBoundaryIs>
            <LinearRing>
              <tessellate>1</tessellate>
              <coordinates>
                -47.9466159,-21.9494736,0
                -47.9445559,-21.9489959,0
                -47.9318959,-21.9499114,0
                -47.9322392,-21.9402784,0
                -47.9302651,-21.93996,0
                -47.9284198,-21.9405173,0
                -47.9249865,-21.9314409,0
                -47.9170901,-21.9306049,0
                -47.9115111,-21.9315206,0
                -47.9107816,-21.9279377,0
                -47.9126698,-21.9261064,0
                -47.9107387,-21.9256286,0
                -47.910567,-21.9243547,0
                -47.910567,-21.9224437,0
                -47.9127557,-21.9222048,0
                -47.9189784,-21.9226826,0
                -47.9234416,-21.9242352,0
                -47.9246003,-21.9218067,0
                -47.9261023,-21.9223243,0
                -47.9268319,-21.9250315,0
                -47.9384191,-21.9208114,0
                -47.9396207,-21.9247528,0
                -47.9402215,-21.9312021,0
                -47.9395778,-21.9323566,0
                -47.9416377,-21.9332722,0
                -47.9443414,-21.9389648,0
                -47.9485471,-21.9442591,0
                -47.9466159,-21.9494736,0
              </coordinates>
            </LinearRing>
          </outerBoundaryIs>
        </Polygon>
      </Placemark>
      <Placemark>
        <name>SÃO CARLOS </name>
        <styleUrl>#poly-673AB7-1200-77-nodesc</styleUrl>
        <Polygon>
          <outerBoundaryIs>
            <LinearRing>
              <tessellate>1</tessellate>
              <coordinates>
                -47.8601963,-22.0352772,0
                -47.8603465,-22.0373657,0
                -47.861119,-22.038022,0
                -47.8614408,-22.0398917,0
                -47.8596599,-22.0394342,0
                -47.8594238,-22.0383999,0
                -47.8588016,-22.0387381,0
                -47.8592951,-22.0395138,0
                -47.8579003,-22.0405281,0
                -47.8564198,-22.0390165,0
                -47.8529221,-22.0375447,0
                -47.852214,-22.0373458,0
                -47.8513665,-22.0368485,0
                -47.8517742,-22.035138,0
                -47.8540809,-22.0358739,0
                -47.8541238,-22.0368684,0
                -47.8564412,-22.0368883,0
                -47.8583295,-22.0368883,0
                -47.8594024,-22.0371469,0
                -47.8595418,-22.0363513,0
                -47.8581256,-22.035675,0
                -47.8574497,-22.0356153,0
                -47.8570849,-22.0336164,0
                -47.8584046,-22.0335965,0
                -47.8595848,-22.0340937,0
                -47.8601748,-22.0349192,0
                -47.8601963,-22.0352772,0
              </coordinates>
            </LinearRing>
          </outerBoundaryIs>
        </Polygon>
      </Placemark>
      <Placemark>
        <name>COND SAMAMBAIA</name>
        <description><![CDATA[Condomínio liberado<br><br>Verificar informações no FTTH de condomínios ]]></description>
        <styleUrl>#poly-673AB7-1200-77</styleUrl>
        <Polygon>
          <outerBoundaryIs>
            <LinearRing>
              <tessellate>1</tessellate>
              <coordinates>
                -47.8874991,-21.9533305,0
                -47.8873274,-21.9595198,0
                -47.8869197,-21.9598582,0
                -47.8845165,-21.9595596,0
                -47.8833363,-21.9586044,0
                -47.882478,-21.9578482,0
                -47.8823278,-21.9569327,0
                -47.8823922,-21.9554202,0
                -47.8820274,-21.9551018,0
                -47.8817914,-21.9545047,0
                -47.8817914,-21.9534897,0
                -47.8819416,-21.9527136,0
                -47.8874562,-21.9531912,0
                -47.8874991,-21.9533305,0
              </coordinates>
            </LinearRing>
          </outerBoundaryIs>
        </Polygon>
      </Placemark>
      <Placemark>
        <name>São Carlos
Região - 07
Alcans - Ativação 

Limite Ativação: 3

Horário: Segunda à Sábado
08:00 até às 17:00 horas
------------------------------------

SÃO CARLOS - SUPORTE
Limite Suporte: 7

Horário: Segunda à Segunda
08:00 até às 20:00 horas</name>
        <styleUrl>#poly-673AB7-1200-77-nodesc</styleUrl>
        <Polygon>
          <outerBoundaryIs>
            <LinearRing>
              <tessellate>1</tessellate>
              <coordinates>
                -47.8983951,-22.0462406,0
                -47.8976655,-22.0474737,0
                -47.8977084,-22.0491841,0
                -47.8971935,-22.0503376,0
                -47.8974939,-22.0521673,0
                -47.8965926,-22.0523662,0
                -47.8946185,-22.0517696,0
                -47.8941894,-22.0508945,0
                -47.8932452,-22.0512923,0
                -47.8910566,-22.0510536,0
                -47.8898549,-22.0503376,0
                -47.8904557,-22.0502581,0
                -47.8910995,-22.0493432,0
                -47.8914643,-22.0469566,0
                -47.8911853,-22.047056,0
                -47.890842,-22.0467378,0
                -47.8903914,-22.0467776,0
                -47.8901983,-22.0469367,0
                -47.8894687,-22.0466185,0
                -47.8889537,-22.0477323,0
                -47.8874517,-22.048846,0
                -47.8863573,-22.0494029,0
                -47.8853703,-22.0494228,0
                -47.884984,-22.0491841,0
                -47.8847695,-22.0486074,0
                -47.8847695,-22.0478914,0
                -47.884512,-22.0473743,0
                -47.8844261,-22.0469566,0
                -47.8848124,-22.0455843,0
                -47.8847265,-22.045107,0
                -47.8848982,-22.0443611,0
                -47.8845012,-22.0441324,0
                -47.8861106,-22.039349,0
                -47.8865183,-22.038623,0
                -47.8878272,-22.0392297,0
                -47.8892219,-22.0367036,0
                -47.8899622,-22.0354605,0
                -47.8901768,-22.035003,0
                -47.8901983,-22.0347146,0
                -47.8898657,-22.0344362,0
                -47.8908956,-22.033193,0
                -47.8923151,-22.0348267,0
                -47.8927195,-22.0351522,0
                -47.8927624,-22.0360373,0
                -47.8929234,-22.0364252,0
                -47.8939319,-22.0375689,0
                -47.8968621,-22.0406337,0
                -47.8964317,-22.0409799,0
                -47.895788,-22.040433,0
                -47.8955841,-22.0413877,0
                -47.8953159,-22.0415567,0
                -47.8950584,-22.041507,0
                -47.8951872,-22.0421435,0
                -47.8950262,-22.0423026,0
                -47.8944469,-22.0421733,0
                -47.8940284,-22.0429987,0
                -47.8936315,-22.0431678,0
                -47.8936744,-22.0436551,0
                -47.8941143,-22.0437644,0
                -47.8943074,-22.0444108,0
                -47.8949297,-22.0441622,0
                -47.8953588,-22.0445401,0
                -47.8953374,-22.0449578,0
                -47.8940714,-22.0455544,0
                -47.8949833,-22.0454351,0
                -47.8961313,-22.045455,0
                -47.8970754,-22.0453556,0
                -47.8977621,-22.0454749,0
                -47.8983951,-22.0462406,0
              </coordinates>
            </LinearRing>
          </outerBoundaryIs>
        </Polygon>
      </Placemark>
      <Placemark>
        <name>São Carlos
Região - 02
Alcans - Ativação

Limite Ativação: 3

Horário: Segunda à Sábado
08:00 até às 17:00 horas
----------------------------------

SÃO CARLOS - SUPORTE
Limite Suporte: 7

Horário: Segunda à Segunda
08:00 até às 20:00 horas
</name>
        <styleUrl>#poly-673AB7-1200-77-nodesc</styleUrl>
        <Polygon>
          <outerBoundaryIs>
            <LinearRing>
              <tessellate>1</tessellate>
              <coordinates>
                -47.9354053,-21.9899576,0
                -47.9343624,-21.9916256,0
                -47.9336424,-21.9912516,0
                -47.9261373,-21.9979696,0
                -47.9256883,-21.9975686,0
                -47.9241994,-21.9949696,0
                -47.9219609,-21.996226,0
                -47.9231654,-21.9980056,0
                -47.923774,-21.9979769,0
                -47.9239672,-21.9981957,0
                -47.9232604,-21.9993276,0
                -47.9248898,-22.0002151,0
                -47.9255658,-21.9993695,0
                -47.9266153,-22.0001196,0
                -47.9243074,-22.0034966,0
                -47.9262003,-22.0041306,0
                -47.9253404,-22.005527,0
                -47.9236024,-22.0076756,0
                -47.9204553,-22.0104866,0
                -47.9191392,-22.009655,0
                -47.9179161,-22.0091577,0
                -47.9169693,-22.0087026,0
                -47.9162843,-22.0085546,0
                -47.9157833,-22.0083176,0
                -47.9149153,-22.0088266,0
                -47.9094853,-22.0111996,0
                -47.9092983,-22.0108726,0
                -47.9085323,-22.0110236,0
                -47.9071113,-22.0115126,0
                -47.9055772,-22.0094897,0
                -47.9035601,-22.0082563,0
                -47.9048047,-22.0068239,0
                -47.9025302,-22.0056303,0
                -47.9005131,-22.0038796,0
                -47.9000411,-22.0017309,0
                -47.8989682,-21.9999006,0
                -47.8967795,-21.9982692,0
                -47.89502,-21.9958021,0
                -47.893475,-21.9925391,0
                -47.8916297,-21.9894353,0
                -47.9029154,-21.9861636,0
                -47.9039035,-21.9893159,0
                -47.9037224,-21.9940106,0
                -47.9047094,-21.9933376,0
                -47.9043814,-21.9928536,0
                -47.9056793,-21.9920216,0
                -47.9063053,-21.9927986,0
                -47.9084073,-21.9923736,0
                -47.9111974,-21.9934596,0
                -47.9118154,-21.9938736,0
                -47.9122034,-21.9949496,0
                -47.9130274,-21.9947096,0
                -47.9135984,-21.9966006,0
                -47.9141284,-21.9966156,0
                -47.9146314,-21.9964016,0
                -47.9144844,-21.9950546,0
                -47.9150803,-21.9943406,0
                -47.9152003,-21.9938646,0
                -47.9168213,-21.9951226,0
                -47.9242084,-21.9871476,0
                -47.9250733,-21.9875426,0
                -47.9266733,-21.9856616,0
                -47.9330974,-21.9885506,0
                -47.9354053,-21.9899576,0
              </coordinates>
            </LinearRing>
          </outerBoundaryIs>
        </Polygon>
      </Placemark>
      <Placemark>
        <name>São Carlos
Região - 03
Alcans - Ativação 

Limite Ativação: 3

Horário: Segunda à Sábado
08:00 até às 17:00 horas
------------------------------------

SÃO CARLOS - SUPORTE
Limite Suporte: 7

Horário: Segunda à Segunda
08:00 até às 20:00 horas</name>
        <styleUrl>#poly-673AB7-1200-77-nodesc</styleUrl>
        <Polygon>
          <outerBoundaryIs>
            <LinearRing>
              <tessellate>1</tessellate>
              <coordinates>
                -47.9112113,-22.0158963,0
                -47.9117477,-22.01707,0
                -47.9109753,-22.0184028,0
                -47.9097736,-22.0186415,0
                -47.9086149,-22.0185818,0
                -47.9072202,-22.0173286,0
                -47.9062117,-22.0159958,0
                -47.9052158,-22.0138866,0
                -47.9025479,-22.0139006,0
                -47.9020196,-22.0193019,0
                -47.8972277,-22.0215854,0
                -47.8971712,-22.0217363,0
                -47.8955483,-22.0222253,0
                -47.8854673,-22.022284,0
                -47.8857509,-22.0206441,0
                -47.8858509,-22.0160671,0
                -47.8853829,-22.0155271,0
                -47.883277,-22.0154611,0
                -47.8820768,-22.0108915,0
                -47.882162,-22.0103611,0
                -47.881162,-22.0084231,0
                -47.8810899,-22.0054881,0
                -47.8793049,-22.0015491,0
                -47.8801609,-21.9996201,0
                -47.8793339,-21.9981681,0
                -47.8779629,-21.9978781,0
                -47.8772449,-21.9962011,0
                -47.8801886,-21.9932646,0
                -47.8840939,-21.9916729,0
                -47.8873125,-21.9909168,0
                -47.8887287,-21.9912352,0
                -47.8916512,-21.9894353,0
                -47.8934965,-21.9925391,0
                -47.8950415,-21.9958021,0
                -47.896801,-21.9982692,0
                -47.8989897,-21.9999006,0
                -47.9000626,-22.0017309,0
                -47.9005346,-22.0038796,0
                -47.9025517,-22.0056303,0
                -47.9048262,-22.0068239,0
                -47.9035816,-22.0082563,0
                -47.9058266,-22.0098292,0
                -47.9071328,-22.0115126,0
                -47.9082089,-22.0136522,0
                -47.9112113,-22.0158963,0
              </coordinates>
            </LinearRing>
          </outerBoundaryIs>
        </Polygon>
      </Placemark>
      <Placemark>
        <name>São Carlos
Região - 06
Alcans - Ativação 

Limite Ativação: 3

Horário: Segunda à Sábado
08:00 até às 17:00 horas
------------------------------------

SÃO CARLOS - SUPORTE
Limite Suporte: 7

Horário: Segunda à Segunda
08:00 até às 20:00 horas</name>
        <styleUrl>#poly-673AB7-1200-77-nodesc</styleUrl>
        <Polygon>
          <outerBoundaryIs>
            <LinearRing>
              <tessellate>1</tessellate>
              <coordinates>
                -47.9113894,-22.0177858,0
                -47.9122048,-22.0176267,0
                -47.9129344,-22.0187208,0
                -47.9109603,-22.0216449,0
                -47.912634,-22.0221025,0
                -47.9136425,-22.0220229,0
                -47.9142862,-22.0224406,0
                -47.9140717,-22.0229379,0
                -47.9137712,-22.0233954,0
                -47.9138142,-22.0244099,0
                -47.9140717,-22.0244895,0
                -47.9143506,-22.024768,0
                -47.9145652,-22.0255239,0
                -47.9142648,-22.0262201,0
                -47.9137927,-22.0264389,0
                -47.9133206,-22.0264986,0
                -47.9137069,-22.0268367,0
                -47.9134708,-22.0271152,0
                -47.9150373,-22.0283683,0
                -47.9155522,-22.0276523,0
                -47.9157883,-22.0268765,0
                -47.9164964,-22.0268566,0
                -47.916432,-22.026041,0
                -47.9168397,-22.0259018,0
                -47.916711,-22.0249271,0
                -47.9193717,-22.0240718,0
                -47.9195004,-22.0250863,0
                -47.9238349,-22.0242707,0
                -47.9248434,-22.0248277,0
                -47.9245215,-22.0256034,0
                -47.9244786,-22.026777,0
                -47.9241782,-22.0272345,0
                -47.9244572,-22.0281694,0
                -47.9237491,-22.0290248,0
                -47.9223114,-22.0299994,0
                -47.9210669,-22.0290446,0
                -47.9174191,-22.0301387,0
                -47.9181057,-22.0308945,0
                -47.9208094,-22.0309144,0
                -47.9208737,-22.0318692,0
                -47.9201442,-22.0319686,0
                -47.9204875,-22.0333808,0
                -47.9184061,-22.0324261,0
                -47.9183203,-22.0336792,0
                -47.9196936,-22.0344151,0
                -47.9198867,-22.0357876,0
                -47.9181486,-22.036066,0
                -47.9174191,-22.0356086,0
                -47.9175049,-22.034256,0
                -47.9162389,-22.0336593,0
                -47.9160243,-22.0331024,0
                -47.9166037,-22.0321874,0
                -47.9162389,-22.0316305,0
                -47.9162389,-22.0326051,0
                -47.9155093,-22.0332217,0
                -47.915166,-22.0349124,0
                -47.912357,-22.0347587,0
                -47.9122068,-22.0356935,0
                -47.9146744,-22.0360515,0
                -47.9169704,-22.0366482,0
                -47.9216911,-22.0371853,0
                -47.9208113,-22.0396516,0
                -47.9148246,-22.0395124,0
                -47.9125716,-22.0419787,0
                -47.9103829,-22.0411632,0
                -47.9111983,-22.0424361,0
                -47.9104687,-22.0432317,0
                -47.9109408,-22.0446438,0
                -47.9094173,-22.0450615,0
                -47.9086448,-22.0437488,0
                -47.9048039,-22.0411632,0
                -47.9045678,-22.0427941,0
                -47.903452,-22.044783,0
                -47.9007484,-22.0454394,0
                -47.9004051,-22.0447234,0
                -47.9024221,-22.0408052,0
                -47.9015423,-22.0401289,0
                -47.9006411,-22.0417997,0
                -47.8988172,-22.0413024,0
                -47.8993487,-22.0396605,0
                -47.8985763,-22.0397401,0
                -47.8982329,-22.0407942,0
                -47.8971601,-22.0409136,0
                -47.8929663,-22.0363655,0
                -47.8927195,-22.0351522,0
                -47.8908956,-22.033193,0
                -47.8928055,-22.0301291,0
                -47.8941774,-22.0254984,0
                -47.8953362,-22.0225146,0
                -47.8970615,-22.0218791,0
                -47.8993702,-22.0204856,0
                -47.9029751,-22.0192523,0
                -47.904048,-22.0191329,0
                -47.9049492,-22.0164673,0
                -47.9065371,-22.0167856,0
                -47.9081249,-22.0187351,0
                -47.9103565,-22.0189738,0
                -47.9113894,-22.0177858,0
              </coordinates>
            </LinearRing>
          </outerBoundaryIs>
        </Polygon>
      </Placemark>
      <Placemark>
        <name>São Carlos
Região - 04
Alcans - Ativação 

Limite Ativação: 3

Horário: Segunda à Sábado
08:00 até às 17:00 horas
---------------------------------------

SÃO CARLOS - SUPORTE
Limite Suporte: 7

Horário: Segunda à Segunda
08:00 até às 20:00 horas</name>
        <styleUrl>#poly-673AB7-1200-77-nodesc</styleUrl>
        <Polygon>
          <outerBoundaryIs>
            <LinearRing>
              <tessellate>1</tessellate>
              <coordinates>
                -47.8955375,-22.0222253,0
                -47.8945354,-22.0244554,0
                -47.8928162,-22.0301291,0
                -47.8912417,-22.0323224,0
                -47.8901688,-22.0340728,0
                -47.8869931,-22.0377723,0
                -47.8863064,-22.037295,0
                -47.8853838,-22.0380906,0
                -47.8846327,-22.0372353,0
                -47.8838603,-22.03819,0
                -47.8773371,-22.0412928,0
                -47.8730671,-22.0436198,0
                -47.8704492,-22.0458673,0
                -47.868797,-22.0453104,0
                -47.8681532,-22.0444751,0
                -47.8686039,-22.0426055,0
                -47.8661791,-22.0395624,0
                -47.8653208,-22.0384287,0
                -47.8629176,-22.0403182,0
                -47.8621666,-22.0402983,0
                -47.8615228,-22.0382497,0
                -47.8594414,-22.02729,0
                -47.8619305,-22.0270513,0
                -47.8624884,-22.0270911,0
                -47.8626172,-22.0283243,0
                -47.8633896,-22.0282447,0
                -47.8644196,-22.0270115,0
                -47.8685395,-22.0230729,0
                -47.8687541,-22.0213622,0
                -47.8685395,-22.0203676,0
                -47.869312,-22.0138825,0
                -47.8682391,-22.0126889,0
                -47.8668229,-22.0130868,0
                -47.866265,-22.0117341,0
                -47.8642479,-22.0128879,0
                -47.8619305,-22.0137234,0
                -47.8631321,-22.0194923,0
                -47.8620163,-22.0208052,0
                -47.858626,-22.01993,0
                -47.8575532,-22.0183386,0
                -47.8575102,-22.0151159,0
                -47.8577677,-22.011933,0
                -47.8595273,-22.0097049,0
                -47.8657929,-22.0045324,0
                -47.8726594,-21.9992006,0
                -47.8769509,-21.9960969,0
                -47.8772341,-21.9962011,0
                -47.8779521,-21.9978781,0
                -47.8793231,-21.9981681,0
                -47.8801501,-21.9996201,0
                -47.8792039,-22.0017073,0
                -47.8809849,-22.0053282,0
                -47.8811512,-22.0084231,0
                -47.8821512,-22.0103611,0
                -47.882066,-22.0108915,0
                -47.8832662,-22.0154611,0
                -47.8853721,-22.0155271,0
                -47.8858401,-22.0160671,0
                -47.8857401,-22.0206441,0
                -47.8854565,-22.022284,0
                -47.8955375,-22.0222253,0
              </coordinates>
            </LinearRing>
          </outerBoundaryIs>
        </Polygon>
      </Placemark>
      <Placemark>
        <name>São Carlos
Região - 05
Alcans - Ativação 

Limite Ativação: 3

Horário: Segunda à Sábado
08:00 até às 17:00 horas
------------------------------------

SÃO CARLOS - SUPORTE
Limite Suporte: 7

Horário: Segunda à Segunda
08:00 até às 20:00 horas</name>
        <styleUrl>#poly-673AB7-1200-77-nodesc</styleUrl>
        <Polygon>
          <outerBoundaryIs>
            <LinearRing>
              <tessellate>1</tessellate>
              <coordinates>
                -47.8681173,-21.9997507,0
                -47.8679242,-22.0003874,0
                -47.8676453,-22.002158,0
                -47.8669586,-22.0024365,0
                -47.8658214,-22.0010041,0
                -47.8648343,-21.9992533,0
                -47.8595986,-21.9993329,0
                -47.8588476,-22.0004271,0
                -47.8590193,-22.0044061,0
                -47.8595986,-22.0044459,0
                -47.8596845,-22.0074301,0
                -47.8602638,-22.0084646,0
                -47.8593626,-22.0094394,0
                -47.8579678,-22.0111303,0
                -47.8571525,-22.0134778,0
                -47.8568306,-22.0151488,0
                -47.857367,-22.0188091,0
                -47.8416171,-22.0202214,0
                -47.8413381,-22.0160042,0
                -47.8450718,-22.0157257,0
                -47.8450503,-22.0164816,0
                -47.8468313,-22.0162429,0
                -47.8475394,-22.0153875,0
                -47.852818,-22.015487,0
                -47.8535261,-22.0142138,0
                -47.8522816,-22.0065945,0
                -47.8507366,-22.004426,0
                -47.8495564,-22.0030135,0
                -47.8497496,-21.9964481,0
                -47.8597059,-21.9928071,0
                -47.863461,-21.9934438,0
                -47.8657355,-21.9926081,0
                -47.8663149,-21.991872,0
                -47.8684392,-21.9923495,0
                -47.8684177,-21.992827,0
                -47.868354,-21.9930209,0
                -47.8680268,-21.9929513,0
                -47.8675547,-21.9952393,0
                -47.867198,-21.9971617,0
                -47.8682843,-21.9973831,0
                -47.8680613,-21.998542,0
                -47.8679016,-21.9991314,0
                -47.8681173,-21.9997507,0
              </coordinates>
            </LinearRing>
          </outerBoundaryIs>
        </Polygon>
      </Placemark>
      <Placemark>
        <name>SÃO CARLOS FTTH</name>
        <description>FTTH</description>
        <styleUrl>#poly-0288D1-1200-77</styleUrl>
        <Polygon>
          <outerBoundaryIs>
            <LinearRing>
              <tessellate>1</tessellate>
              <coordinates>
                -47.9603391,-21.9594513,0
                -47.9604249,-21.9596304,0
                -47.9586225,-21.9616404,0
                -47.9567664,-21.9613219,0
                -47.9555379,-21.9627548,0
                -47.9547708,-21.9638493,0
                -47.953993,-21.9650707,0
                -47.9523997,-21.9662323,0
                -47.9539125,-21.9671825,0
                -47.943924,-21.9673318,0
                -47.9441814,-21.9649438,0
                -47.9446341,-21.9639739,0
                -47.9474065,-21.9647822,0
                -47.9497368,-21.9630322,0
                -47.9512195,-21.9611826,0
                -47.9534297,-21.9626752,0
                -47.9564767,-21.9586353,0
                -47.9603391,-21.9594513,0
              </coordinates>
            </LinearRing>
          </outerBoundaryIs>
        </Polygon>
      </Placemark>
      <Placemark>
        <name>SÃO CARLOS</name>
        <styleUrl>#poly-0288D1-1200-77-nodesc</styleUrl>
        <Polygon>
          <outerBoundaryIs>
            <LinearRing>
              <tessellate>1</tessellate>
              <coordinates>
                -47.8994755,-21.9183839,0
                -47.8983168,-21.9217481,0
                -47.8925018,-21.9209518,0
                -47.8912358,-21.9200958,0
                -47.8907852,-21.9171497,0
                -47.8992824,-21.9181251,0
                -47.8994755,-21.9183839,0
              </coordinates>
            </LinearRing>
          </outerBoundaryIs>
        </Polygon>
      </Placemark>
      <Placemark>
        <name>RURAL SÃO CARLOS</name>
        <styleUrl>#poly-0288D1-1200-77-nodesc</styleUrl>
        <Polygon>
          <outerBoundaryIs>
            <LinearRing>
              <tessellate>1</tessellate>
              <coordinates>
                -47.8958595,-21.936725,0
                -47.8903237,-21.9312082,0
                -47.8904092,-21.9280665,0
                -47.8916752,-21.9246029,0
                -47.892791,-21.9248418,0
                -47.8936064,-21.9224929,0
                -47.8976834,-21.9224133,0
                -47.8978336,-21.9232095,0
                -47.8976405,-21.9244636,0
                -47.8980482,-21.9256779,0
                -47.8958595,-21.936725,0
              </coordinates>
            </LinearRing>
          </outerBoundaryIs>
        </Polygon>
      </Placemark>
    </Folder>
  </Document>
</kml>
